;FLAVOR:Marlin
;TIME:557
;Filament used: 0.591045m
;Layer height: 0.2
;MINX:-59.544
;MINY:-67.05
;MINZ:0.2
;MAXX:59.544
;MAXY:67.05
;MAXZ:4.6
;Generated with Cura_SteamEngine master
M82 ;absolute extrusion mode
CLEAR_NOZZLE T=230.0
G92 E0
G92 E0
G1 F3000 E-6.5
;LAYER_COUNT:18
;LAYER:0
M107
G1 F4200 Z1.2
G0 F3600 X2.029 Y-52.95 Z1.2
;TYPE:SKIRT
G1 F4200 Z0.2
G1 F3000 E0
G1 X-2.036 Y-52.95 E0.2197
G1 X-2.593 Y-53 E0.24993
G1 X-3.317 Y-53.2 E0.29053
G1 X-3.966 Y-53.537 E0.33005
G1 X-4.531 Y-53.996 E0.36939
G1 X-4.991 Y-54.564 E0.4089
G1 X-5.092 Y-54.719 E0.4189
G1 X-7.119 Y-58.231 E0.63806
G1 X-7.352 Y-58.73 E0.66782
G1 X-7.544 Y-59.451 E0.70815
G1 X-7.582 Y-60.187 E0.74798
G1 X-7.466 Y-60.918 E0.78799
G1 X-7.201 Y-61.608 E0.82793
G1 X-7.119 Y-61.769 E0.8377
G1 X-5.092 Y-65.281 E1.05686
G1 X-4.77 Y-65.738 E1.08708
G1 X-4.239 Y-66.265 E1.12751
G1 X-3.613 Y-66.667 E1.16772
G1 X-2.931 Y-66.926 E1.20715
G1 X-2.212 Y-67.04 E1.2465
G1 X-2.029 Y-67.05 E1.2564
G1 X2.036 Y-67.05 E1.47611
G1 X2.593 Y-67 E1.50633
G1 X3.317 Y-66.8 E1.54693
G1 X3.967 Y-66.462 E1.58652
G1 X4.527 Y-66.007 E1.62552
G1 X4.99 Y-65.437 E1.66521
G1 X5.091 Y-65.281 E1.67526
G1 X7.119 Y-61.769 E1.89445
G1 X7.354 Y-61.265 E1.9245
G1 X7.543 Y-60.556 E1.96416
G1 X7.582 Y-59.813 E2.00437
G1 X7.466 Y-59.082 E2.04438
G1 X7.201 Y-58.392 E2.08432
G1 X7.119 Y-58.231 E2.09409
G1 X5.092 Y-54.719 E2.31325
G1 X4.766 Y-54.257 E2.34381
G1 X4.238 Y-53.734 E2.38398
G1 X3.613 Y-53.333 E2.42411
G1 X2.931 Y-53.074 E2.46354
G1 X2.212 Y-52.96 E2.50289
G1 X2.029 Y-52.95 E2.51279
G0 F3600 X2.029 Y-53.45
G1 F3000 X-2.036 Y-53.45 E2.7325
G1 X-2.538 Y-53.497 E2.75975
G1 X-3.158 Y-53.674 E2.7946
G1 X-3.714 Y-53.969 E2.82862
G1 X-4.196 Y-54.368 E2.86243
G1 X-4.586 Y-54.858 E2.89628
G1 X-4.659 Y-54.969 E2.90346
G1 X-6.686 Y-58.481 E3.12263
G1 X-6.977 Y-59.185 E3.1638
G1 X-7.082 Y-59.813 E3.19821
G1 X-7.055 Y-60.446 E3.23245
G1 X-6.895 Y-61.066 E3.26706
G1 X-6.686 Y-61.519 E3.29403
G1 X-4.659 Y-65.031 E3.51319
G1 X-4.367 Y-65.443 E3.54048
G1 X-3.905 Y-65.893 E3.57534
G1 X-3.365 Y-66.232 E3.6098
G1 X-2.776 Y-66.451 E3.64376
G1 X-2.16 Y-66.543 E3.67742
G1 X-2.029 Y-66.55 E3.68451
G1 X2.036 Y-66.55 E3.90422
G1 X2.538 Y-66.503 E3.93147
G1 X3.158 Y-66.326 E3.96632
G1 X3.715 Y-66.031 E4.00038
G1 X4.193 Y-65.635 E4.03393
G1 X4.586 Y-65.142 E4.06801
G1 X4.658 Y-65.031 E4.07516
G1 X6.686 Y-61.519 E4.29435
G1 X6.896 Y-61.062 E4.32153
G1 X7.054 Y-60.451 E4.35564
G1 X7.082 Y-59.813 E4.39016
G1 X6.977 Y-59.185 E4.42457
G1 X6.744 Y-58.596 E4.4588
G1 X6.686 Y-58.481 E4.46577
G1 X4.659 Y-54.969 E4.68493
G1 X4.362 Y-54.552 E4.7126
G1 X3.905 Y-54.107 E4.74707
G1 X3.365 Y-53.768 E4.78153
G1 X2.776 Y-53.549 E4.8155
G1 X2.16 Y-53.457 E4.84916
G1 X2.029 Y-53.45 E4.85625
G0 F3600 X2.029 Y-53.95
G1 F3000 X-2.036 Y-53.95 E5.07595
G1 X-2.641 Y-54.029 E5.10893
G1 X-3.14 Y-54.212 E5.13766
G1 X-3.586 Y-54.491 E5.16609
G1 X-3.965 Y-54.855 E5.19449
G1 X-4.226 Y-55.219 E5.2187
G1 X-6.253 Y-58.731 E5.43786
G1 X-6.488 Y-59.289 E5.47059
G1 X-6.582 Y-59.813 E5.49936
G1 X-6.566 Y-60.342 E5.52796
G1 X-6.439 Y-60.862 E5.55689
G1 X-6.253 Y-61.269 E5.58108
G1 X-4.226 Y-64.781 E5.80024
G1 X-3.857 Y-65.265 E5.83314
G1 X-3.443 Y-65.613 E5.86237
G1 X-2.979 Y-65.859 E5.89075
G1 X-2.469 Y-66.008 E5.91947
G1 X-2.029 Y-66.05 E5.94336
G1 X2.036 Y-66.05 E6.16306
G1 X2.641 Y-65.971 E6.19604
G1 X3.141 Y-65.787 E6.22483
G1 X3.584 Y-65.51 E6.25307
G1 X3.964 Y-65.147 E6.28148
G1 X4.225 Y-64.781 E6.30577
G1 X6.253 Y-61.269 E6.52496
G1 X6.486 Y-60.714 E6.55749
G1 X6.582 Y-60.189 E6.58634
G1 X6.566 Y-59.658 E6.61505
G1 X6.439 Y-59.138 E6.64398
G1 X6.253 Y-58.731 E6.66817
G1 X4.226 Y-55.219 E6.88733
G1 X3.854 Y-54.732 E6.92045
G1 X3.443 Y-54.387 E6.94945
G1 X2.979 Y-54.141 E6.97784
G1 X2.469 Y-53.992 E7.00656
G1 X2.029 Y-53.95 E7.03045
G0 F3600 X2.029 Y-54.45
G1 F3000 X-2.063 Y-54.451 E7.25161
G1 X-2.482 Y-54.503 E7.27443
G1 X-2.888 Y-54.644 E7.29766
G1 X-3.251 Y-54.862 E7.32054
G1 X-3.561 Y-55.149 E7.34338
G1 X-3.793 Y-55.469 E7.36474
G1 X-5.82 Y-58.981 E7.5839
G1 X-5.999 Y-59.392 E7.60813
G1 X-6.082 Y-59.813 E7.63132
G1 X-6.077 Y-60.239 E7.65435
G1 X-5.982 Y-60.658 E7.67757
G1 X-5.82 Y-61.019 E7.69895
G1 X-3.793 Y-64.531 E7.91812
G1 X-3.524 Y-64.892 E7.94245
G1 X-3.196 Y-65.178 E7.96597
G1 X-2.824 Y-65.384 E7.98895
G1 X-2.416 Y-65.511 E8.01205
G1 X-2.029 Y-65.55 E8.03307
G1 X2.036 Y-65.55 E8.25277
G1 X2.482 Y-65.497 E8.27705
G1 X2.888 Y-65.356 E8.30028
G1 X3.25 Y-65.138 E8.32312
G1 X3.56 Y-64.852 E8.34591
G1 X3.792 Y-64.531 E8.36732
G1 X5.833 Y-60.995 E8.58798
G1 X5.997 Y-60.609 E8.61065
G1 X6.082 Y-60.189 E8.63381
G1 X6.077 Y-59.761 E8.65694
G1 X5.982 Y-59.342 E8.68017
G1 X5.82 Y-58.981 E8.70155
G1 X3.793 Y-55.469 E8.92071
G1 X3.521 Y-55.105 E8.94527
G1 X3.196 Y-54.822 E8.96856
G1 X2.824 Y-54.616 E8.99155
G1 X2.416 Y-54.489 E9.01464
G1 X2.029 Y-54.45 E9.03566
G1 F3000 E2.53566
G1 F4200 Z1.2
G0 F3600 X2.036 Y-7.05 Z1.2
G1 F4200 Z0.2
G1 F3000 E9.03566
G1 X2.593 Y-7 E9.06589
G1 X3.317 Y-6.8 E9.10649
G1 X3.967 Y-6.462 E9.14608
G1 X4.527 Y-6.007 E9.18508
G1 X4.99 Y-5.437 E9.22477
G1 X5.091 Y-5.281 E9.23482
G1 X7.119 Y-1.769 E9.454
G1 X7.354 Y-1.265 E9.48406
G1 X7.543 Y-.556 E9.52372
G1 X7.582 Y0.187 E9.56393
G1 X7.466 Y0.918 E9.60393
G1 X7.201 Y1.608 E9.64388
G1 X7.119 Y1.769 E9.65365
G1 X5.092 Y5.281 E9.87281
G1 X4.77 Y5.738 E9.90303
G1 X4.239 Y6.265 E9.94346
G1 X3.613 Y6.667 E9.98367
G1 X2.931 Y6.926 E10.0231
G1 X2.212 Y7.04 E10.06244
G1 X2.029 Y7.05 E10.07235
G1 X-2.036 Y7.05 E10.29205
G1 X-2.593 Y7 E10.32228
G1 X-3.317 Y6.8 E10.36288
G1 X-3.967 Y6.462 E10.40247
G1 X-4.529 Y6.006 E10.44159
G1 X-4.991 Y5.436 E10.48124
G1 X-5.092 Y5.281 E10.49124
G1 X-7.119 Y1.769 E10.71041
G1 X-7.352 Y1.27 E10.74017
G1 X-7.544 Y0.549 E10.7805
G1 X-7.582 Y-.187 E10.82033
G1 X-7.466 Y-.918 E10.86033
G1 X-7.201 Y-1.608 E10.90028
G1 X-7.119 Y-1.769 E10.91005
G1 X-5.092 Y-5.281 E11.12921
G1 X-4.77 Y-5.738 E11.15942
G1 X-4.239 Y-6.265 E11.19986
G1 X-3.613 Y-6.667 E11.24007
G1 X-2.931 Y-6.926 E11.2795
G1 X-2.212 Y-7.04 E11.31884
G1 X-2.029 Y-7.05 E11.32875
G1 X2.036 Y-7.05 E11.54845
G0 F3600 X2.036 Y-6.55
G1 F3000 X2.538 Y-6.503 E11.5757
G1 X3.158 Y-6.326 E11.61055
G1 X3.715 Y-6.031 E11.64462
G1 X4.193 Y-5.635 E11.67817
G1 X4.586 Y-5.142 E11.71224
G1 X4.658 Y-5.031 E11.71939
G1 X6.686 Y-1.519 E11.93858
G1 X6.896 Y-1.062 E11.96577
G1 X7.054 Y-.451 E11.99987
G1 X7.082 Y0.187 E12.03439
G1 X6.977 Y0.815 E12.0688
G1 X6.744 Y1.404 E12.10304
G1 X6.686 Y1.519 E12.11
G1 X4.659 Y5.031 E12.32916
G1 X4.367 Y5.443 E12.35645
G1 X3.905 Y5.893 E12.39131
G1 X3.365 Y6.232 E12.42577
G1 X2.776 Y6.451 E12.45974
G1 X2.16 Y6.543 E12.4934
G1 X2.029 Y6.55 E12.50049
G1 X-2.036 Y6.55 E12.72019
G1 X-2.538 Y6.503 E12.74744
G1 X-3.158 Y6.326 E12.78229
G1 X-3.715 Y6.031 E12.81636
G1 X-4.194 Y5.634 E12.84998
G1 X-4.586 Y5.142 E12.88398
G1 X-4.659 Y5.031 E12.89116
G1 X-6.686 Y1.519 E13.11033
G1 X-6.977 Y0.815 E13.1515
G1 X-7.082 Y0.187 E13.18591
G1 X-7.055 Y-.446 E13.22015
G1 X-6.895 Y-1.066 E13.25476
G1 X-6.686 Y-1.519 E13.28173
G1 X-4.659 Y-5.031 E13.50089
G1 X-4.367 Y-5.443 E13.52818
G1 X-3.905 Y-5.893 E13.56304
G1 X-3.365 Y-6.232 E13.5975
G1 X-2.776 Y-6.451 E13.63146
G1 X-2.16 Y-6.543 E13.66512
G1 X-2.029 Y-6.55 E13.67222
G1 X2.036 Y-6.55 E13.89192
G0 F3600 X2.036 Y-6.05
G1 F3000 X2.641 Y-5.971 E13.9249
G1 X3.141 Y-5.787 E13.95369
G1 X3.584 Y-5.51 E13.98193
G1 X3.964 Y-5.147 E14.01033
G1 X4.225 Y-4.781 E14.03463
G1 X6.253 Y-1.269 E14.25382
G1 X6.486 Y-.714 E14.28635
G1 X6.582 Y-.189 E14.3152
G1 X6.566 Y0.342 E14.34391
G1 X6.439 Y0.862 E14.37284
G1 X6.253 Y1.269 E14.39703
G1 X4.226 Y4.781 E14.61619
G1 X3.857 Y5.265 E14.64908
G1 X3.443 Y5.613 E14.67831
G1 X2.979 Y5.859 E14.7067
G1 X2.469 Y6.008 E14.73541
G1 X2.029 Y6.05 E14.7593
G1 X-2.036 Y6.05 E14.97901
G1 X-2.641 Y5.971 E15.01198
G1 X-3.141 Y5.787 E15.04078
G1 X-3.584 Y5.51 E15.06902
G1 X-3.965 Y5.145 E15.09753
G1 X-4.226 Y4.781 E15.12174
G1 X-6.253 Y1.269 E15.34091
G1 X-6.488 Y0.711 E15.37363
G1 X-6.582 Y0.187 E15.4024
G1 X-6.566 Y-.342 E15.43101
G1 X-6.439 Y-.862 E15.45994
G1 X-6.253 Y-1.269 E15.48412
G1 X-4.226 Y-4.781 E15.70329
G1 X-3.857 Y-5.265 E15.73618
G1 X-3.443 Y-5.613 E15.76541
G1 X-2.979 Y-5.859 E15.7938
G1 X-2.469 Y-6.008 E15.82251
G1 X-2.029 Y-6.05 E15.8464
G1 X2.036 Y-6.05 E16.06611
G0 F3600 X2.036 Y-5.55
G1 F3000 X2.482 Y-5.497 E16.09038
G1 X2.888 Y-5.356 E16.11361
G1 X3.25 Y-5.138 E16.13645
G1 X3.56 Y-4.852 E16.15924
G1 X3.792 Y-4.531 E16.18065
G1 X5.833 Y-.995 E16.40132
G1 X5.997 Y-.609 E16.42398
G1 X6.082 Y-.189 E16.44714
G1 X6.077 Y0.239 E16.47028
G1 X5.982 Y0.658 E16.4935
G1 X5.82 Y1.019 E16.51488
G1 X3.793 Y4.531 E16.73405
G1 X3.524 Y4.892 E16.75838
G1 X3.196 Y5.178 E16.7819
G1 X2.824 Y5.384 E16.80488
G1 X2.416 Y5.511 E16.82798
G1 X2.029 Y5.55 E16.849
G1 X-2.063 Y5.549 E17.07016
G1 X-2.482 Y5.497 E17.09298
G1 X-2.888 Y5.356 E17.11621
G1 X-3.25 Y5.138 E17.13905
G1 X-3.561 Y4.851 E17.16192
G1 X-3.793 Y4.531 E17.18328
G1 X-5.82 Y1.019 E17.40245
G1 X-5.999 Y0.608 E17.42668
G1 X-6.082 Y0.187 E17.44987
G1 X-6.077 Y-.239 E17.47289
G1 X-5.982 Y-.658 E17.49612
G1 X-5.82 Y-1.019 E17.5175
G1 X-3.793 Y-4.531 E17.73666
G1 X-3.524 Y-4.892 E17.761
G1 X-3.196 Y-5.178 E17.78452
G1 X-2.824 Y-5.384 E17.8075
G1 X-2.416 Y-5.511 E17.83059
G1 X-2.029 Y-5.55 E17.85162
G1 X2.036 Y-5.55 E18.07132
G1 F3000 E11.57132
G1 F4200 Z1.2
G0 F3600 X44.757 Y-31.604 Z1.2
G1 F4200 Z0.2
G1 F3000 E18.07132
G1 X44.842 Y-31.769 E18.08135
G1 X46.871 Y-35.281 E18.30057
G1 X47.193 Y-35.74 E18.33087
G1 X47.726 Y-36.268 E18.37142
G1 X48.349 Y-36.667 E18.41141
G1 X49.034 Y-36.927 E18.45101
G1 X49.749 Y-37.04 E18.49013
G1 X49.933 Y-37.05 E18.50009
G1 X53.997 Y-37.05 E18.71974
G1 X54.554 Y-37 E18.74997
G1 X55.278 Y-36.8 E18.79056
G1 X55.925 Y-36.466 E18.82991
G1 X56.494 Y-36.003 E18.86956
G1 X56.953 Y-35.434 E18.90907
G1 X57.052 Y-35.281 E18.91892
G1 X59.08 Y-31.769 E19.13811
G1 X59.314 Y-31.269 E19.16795
G1 X59.505 Y-30.558 E19.20774
G1 X59.544 Y-29.812 E19.24812
G1 X59.428 Y-29.081 E19.28812
G1 X59.168 Y-28.399 E19.32757
G1 X59.082 Y-28.231 E19.33777
G1 X57.052 Y-24.718 E19.55706
G1 X56.735 Y-24.265 E19.58694
G1 X56.198 Y-23.733 E19.6278
G1 X55.574 Y-23.333 E19.66786
G1 X54.889 Y-23.073 E19.70746
G1 X54.174 Y-22.96 E19.74658
G1 X53.99 Y-22.95 E19.75654
G1 X49.926 Y-22.95 E19.97619
G1 X49.369 Y-23 E20.00641
G1 X48.645 Y-23.2 E20.04701
G1 X47.996 Y-23.537 E20.08653
G1 X47.434 Y-23.993 E20.12565
G1 X46.97 Y-24.566 E20.1655
G1 X46.871 Y-24.719 E20.17535
G1 X44.842 Y-28.232 E20.39461
G1 X44.608 Y-28.732 E20.42445
G1 X44.417 Y-29.449 E20.46455
G1 X44.379 Y-30.188 E20.50455
G1 X44.495 Y-30.919 E20.54455
G1 X44.757 Y-31.604 E20.58419
G0 F3600 X45.214 Y-31.401
G1 F3000 X45.275 Y-31.519 E20.59137
G1 X47.304 Y-35.031 E20.81059
G1 X47.597 Y-35.446 E20.83804
G1 X48.059 Y-35.895 E20.87286
G1 X48.597 Y-36.232 E20.90717
G1 X49.188 Y-36.451 E20.94124
G1 X49.802 Y-36.543 E20.97479
G1 X49.933 Y-36.55 E20.98188
G1 X53.997 Y-36.55 E21.20153
G1 X54.499 Y-36.503 E21.22878
G1 X55.119 Y-36.326 E21.26363
G1 X55.674 Y-36.033 E21.29755
G1 X56.159 Y-35.632 E21.33157
G1 X56.549 Y-35.14 E21.3655
G1 X56.619 Y-35.031 E21.3725
G1 X58.647 Y-31.519 E21.59169
G1 X58.857 Y-31.065 E21.61872
G1 X59.016 Y-30.453 E21.6529
G1 X59.044 Y-29.812 E21.68758
G1 X58.939 Y-29.185 E21.72194
G1 X58.71 Y-28.602 E21.75579
G1 X58.649 Y-28.482 E21.76307
G1 X56.619 Y-24.969 E21.98236
G1 X56.33 Y-24.559 E22.00947
G1 X55.865 Y-24.106 E22.04455
G1 X55.326 Y-23.768 E22.07894
G1 X54.735 Y-23.549 E22.11301
G1 X54.121 Y-23.457 E22.14656
G1 X53.99 Y-23.45 E22.15365
G1 X49.926 Y-23.45 E22.3733
G1 X49.424 Y-23.497 E22.40055
G1 X48.804 Y-23.674 E22.4354
G1 X48.248 Y-23.969 E22.46942
G1 X47.768 Y-24.365 E22.50305
G1 X47.374 Y-24.86 E22.53724
G1 X47.304 Y-24.969 E22.54425
G1 X45.275 Y-28.482 E22.76351
G1 X45.065 Y-28.936 E22.79054
G1 X44.906 Y-29.553 E22.82498
G1 X44.879 Y-30.188 E22.85933
G1 X44.984 Y-30.815 E22.89369
G1 X45.214 Y-31.401 E22.92772
G0 F3600 X45.708 Y-31.269
G1 F3000 X47.737 Y-34.781 E23.14693
G1 X48.108 Y-35.269 E23.18007
G1 X48.519 Y-35.613 E23.20903
G1 X48.984 Y-35.859 E23.23747
G1 X49.494 Y-36.008 E23.26618
G1 X49.933 Y-36.05 E23.29002
G1 X53.997 Y-36.05 E23.50967
G1 X54.602 Y-35.971 E23.54264
G1 X55.099 Y-35.789 E23.57125
G1 X55.55 Y-35.508 E23.59997
G1 X55.927 Y-35.146 E23.62822
G1 X56.186 Y-34.781 E23.65241
G1 X58.214 Y-31.269 E23.8716
G1 X58.448 Y-30.715 E23.9041
G1 X58.544 Y-30.19 E23.93295
G1 X58.528 Y-29.656 E23.96182
G1 X58.402 Y-29.141 E23.99048
G1 X58.216 Y-28.732 E24.01476
G1 X56.186 Y-25.219 E24.23405
G1 X55.818 Y-24.734 E24.26696
G1 X55.404 Y-24.387 E24.29615
G1 X54.939 Y-24.141 E24.32458
G1 X54.429 Y-23.992 E24.3533
G1 X53.99 Y-23.95 E24.37714
G1 X49.926 Y-23.95 E24.59679
G1 X49.321 Y-24.029 E24.62976
G1 X48.822 Y-24.212 E24.65849
G1 X48.377 Y-24.49 E24.68685
G1 X47.996 Y-24.854 E24.71533
G1 X47.737 Y-25.219 E24.73952
G1 X45.708 Y-28.732 E24.95878
G1 X45.473 Y-29.288 E24.9914
G1 X45.379 Y-29.812 E25.02018
G1 X45.395 Y-30.344 E25.04894
G1 X45.521 Y-30.86 E25.07765
G1 X45.708 Y-31.269 E25.10196
G0 F3600 X46.141 Y-31.019
G1 F3000 X48.184 Y-34.553 E25.32258
G1 X48.441 Y-34.896 E25.34575
G1 X48.766 Y-35.178 E25.369
G1 X49.138 Y-35.384 E25.39199
G1 X49.547 Y-35.511 E25.41513
G1 X49.933 Y-35.55 E25.4361
G1 X53.997 Y-35.55 E25.65575
G1 X54.443 Y-35.497 E25.68003
G1 X54.848 Y-35.356 E25.7032
G1 X55.215 Y-35.137 E25.7263
G1 X55.522 Y-34.852 E25.74894
G1 X55.753 Y-34.531 E25.77032
G1 X57.793 Y-30.996 E25.99091
G1 X57.959 Y-30.61 E26.01362
G1 X58.044 Y-30.19 E26.03678
G1 X58.039 Y-29.76 E26.06002
G1 X57.945 Y-29.343 E26.08312
G1 X57.783 Y-28.982 E26.10451
G1 X55.739 Y-25.447 E26.32521
G1 X55.485 Y-25.107 E26.34815
G1 X55.157 Y-24.822 E26.37163
G1 X54.785 Y-24.616 E26.39461
G1 X54.376 Y-24.489 E26.41776
G1 X53.99 Y-24.45 E26.43873
G1 X49.899 Y-24.451 E26.65984
G1 X49.48 Y-24.503 E26.68266
G1 X49.074 Y-24.644 E26.70589
G1 X48.711 Y-24.862 E26.72877
G1 X48.401 Y-25.148 E26.75157
G1 X48.17 Y-25.469 E26.77294
G1 X46.129 Y-29.005 E26.99361
G1 X45.962 Y-29.392 E27.01639
G1 X45.879 Y-29.812 E27.03953
G1 X45.884 Y-30.24 E27.06266
G1 X45.978 Y-30.657 E27.08576
G1 X46.141 Y-31.019 E27.10722
G1 F3000 E20.60722
G1 F4200 Z1.2
G0 F3600 X48.349 Y23.333 Z1.2
G1 F4200 Z0.2
G1 F3000 E27.10722
G1 X49.034 Y23.073 E27.14682
G1 X49.749 Y22.96 E27.18595
G1 X49.933 Y22.95 E27.19591
G1 X53.997 Y22.95 E27.41556
G1 X54.554 Y23 E27.44578
G1 X55.278 Y23.2 E27.48638
G1 X55.925 Y23.534 E27.52573
G1 X56.494 Y23.997 E27.56538
G1 X56.953 Y24.566 E27.60489
G1 X57.052 Y24.719 E27.61474
G1 X59.08 Y28.231 E27.83393
G1 X59.314 Y28.73 E27.86372
G1 X59.506 Y29.445 E27.90373
G1 X59.544 Y30.188 E27.94394
G1 X59.428 Y30.919 E27.98394
G1 X59.168 Y31.601 E28.02339
G1 X59.082 Y31.769 E28.03359
G1 X57.052 Y35.282 E28.25288
G1 X56.735 Y35.735 E28.28277
G1 X56.198 Y36.267 E28.32362
G1 X55.574 Y36.667 E28.36368
G1 X54.889 Y36.927 E28.40328
G1 X54.174 Y37.04 E28.4424
G1 X53.99 Y37.05 E28.45236
G1 X49.926 Y37.05 E28.67201
G1 X49.369 Y37 E28.70224
G1 X48.645 Y36.8 E28.74284
G1 X47.996 Y36.463 E28.78236
G1 X47.434 Y36.007 E28.82148
G1 X46.97 Y35.434 E28.86133
G1 X46.871 Y35.281 E28.87117
G1 X44.842 Y31.768 E29.09044
G1 X44.608 Y31.268 E29.12027
G1 X44.417 Y30.551 E29.16038
G1 X44.379 Y29.812 E29.20037
G1 X44.495 Y29.081 E29.24038
G1 X44.757 Y28.396 E29.28001
G1 X44.842 Y28.231 E29.29005
G1 X46.871 Y24.719 E29.50926
G1 X47.193 Y24.26 E29.53957
G1 X47.726 Y23.732 E29.58012
G1 X48.349 Y23.333 E29.6201
G0 F3600 X48.597 Y23.768
G1 F3000 X49.188 Y23.549 E29.65417
G1 X49.802 Y23.457 E29.68772
G1 X49.933 Y23.45 E29.69481
G1 X53.997 Y23.45 E29.91446
G1 X54.499 Y23.497 E29.94171
G1 X55.119 Y23.674 E29.97656
G1 X55.674 Y23.967 E30.01048
G1 X56.159 Y24.368 E30.04449
G1 X56.549 Y24.86 E30.07843
G1 X56.619 Y24.969 E30.08543
G1 X58.647 Y28.481 E30.30462
G1 X58.939 Y29.183 E30.34571
G1 X59.044 Y29.81 E30.38007
G1 X59.017 Y30.447 E30.41453
G1 X58.859 Y31.061 E30.44879
G1 X58.649 Y31.518 E30.47598
G1 X56.619 Y35.031 E30.69527
G1 X56.33 Y35.441 E30.72238
G1 X55.865 Y35.894 E30.75747
G1 X55.326 Y36.232 E30.79185
G1 X54.735 Y36.451 E30.82592
G1 X54.121 Y36.543 E30.85947
G1 X53.99 Y36.55 E30.86656
G1 X49.926 Y36.55 E31.08621
G1 X49.424 Y36.503 E31.11346
G1 X48.804 Y36.326 E31.14831
G1 X48.248 Y36.031 E31.18233
G1 X47.768 Y35.635 E31.21596
G1 X47.374 Y35.14 E31.25016
G1 X47.304 Y35.031 E31.25716
G1 X45.275 Y31.518 E31.47642
G1 X45.065 Y31.064 E31.50346
G1 X44.906 Y30.447 E31.53789
G1 X44.879 Y29.812 E31.57224
G1 X44.984 Y29.185 E31.6066
G1 X45.214 Y28.599 E31.64063
G1 X45.275 Y28.481 E31.64781
G1 X47.304 Y24.969 E31.86702
G1 X47.597 Y24.554 E31.89448
G1 X48.059 Y24.105 E31.9293
G1 X48.597 Y23.768 E31.96361
G0 F3600 X48.519 Y24.387
G1 F3000 X48.984 Y24.141 E31.99204
G1 X49.494 Y23.992 E32.02076
G1 X49.933 Y23.95 E32.0446
G1 X53.997 Y23.95 E32.26425
G1 X54.602 Y24.029 E32.29722
G1 X55.099 Y24.211 E32.32583
G1 X55.55 Y24.492 E32.35455
G1 X55.927 Y24.854 E32.3828
G1 X56.186 Y25.219 E32.40699
G1 X58.214 Y28.731 E32.62618
G1 X58.45 Y29.288 E32.65887
G1 X58.544 Y29.81 E32.68754
G1 X58.528 Y30.344 E32.71641
G1 X58.402 Y30.859 E32.74507
G1 X58.216 Y31.268 E32.76935
G1 X56.186 Y34.781 E32.98864
G1 X55.818 Y35.266 E33.02155
G1 X55.404 Y35.613 E33.05074
G1 X54.939 Y35.859 E33.07918
G1 X54.429 Y36.008 E33.10789
G1 X53.99 Y36.05 E33.13173
G1 X49.926 Y36.05 E33.35138
G1 X49.321 Y35.971 E33.38435
G1 X48.822 Y35.788 E33.41308
G1 X48.377 Y35.51 E33.44144
G1 X47.996 Y35.146 E33.46992
G1 X47.737 Y34.781 E33.49411
G1 X45.708 Y31.268 E33.71337
G1 X45.473 Y30.712 E33.746
G1 X45.379 Y30.188 E33.77477
G1 X45.395 Y29.656 E33.80354
G1 X45.521 Y29.14 E33.83224
G1 X45.708 Y28.731 E33.85655
G1 X47.737 Y25.219 E34.07577
G1 X48.108 Y24.731 E34.1089
G1 X48.519 Y24.387 E34.13787
G0 F3600 X48.766 Y24.822
G1 F3000 X49.138 Y24.616 E34.16085
G1 X49.547 Y24.489 E34.184
G1 X49.933 Y24.45 E34.20496
G1 X53.997 Y24.45 E34.42461
G1 X54.443 Y24.503 E34.44889
G1 X54.848 Y24.644 E34.47207
G1 X55.215 Y24.863 E34.49517
G1 X55.522 Y25.148 E34.51781
G1 X55.753 Y25.469 E34.53918
G1 X57.793 Y29.004 E34.75977
G1 X57.961 Y29.392 E34.78262
G1 X58.044 Y29.81 E34.80566
G1 X58.039 Y30.24 E34.8289
G1 X57.945 Y30.657 E34.852
G1 X57.783 Y31.018 E34.87339
G1 X55.739 Y34.553 E35.09409
G1 X55.485 Y34.893 E35.11702
G1 X55.157 Y35.178 E35.14051
G1 X54.785 Y35.384 E35.16349
G1 X54.376 Y35.511 E35.18664
G1 X53.99 Y35.55 E35.20761
G1 X49.899 Y35.549 E35.42872
G1 X49.48 Y35.497 E35.45154
G1 X49.074 Y35.356 E35.47476
G1 X48.711 Y35.138 E35.49765
G1 X48.401 Y34.852 E35.52045
G1 X48.17 Y34.531 E35.54182
G1 X46.129 Y30.995 E35.76248
G1 X45.962 Y30.608 E35.78527
G1 X45.879 Y30.188 E35.8084
G1 X45.884 Y29.76 E35.83154
G1 X45.978 Y29.343 E35.85464
G1 X46.141 Y28.981 E35.8761
G1 X48.184 Y25.447 E36.09672
G1 X48.441 Y25.104 E36.11989
G1 X48.766 Y24.822 E36.14314
G1 F3000 E29.64314
G1 F4200 Z1.2
G0 F3600 X2.036 Y52.95 Z1.2
G1 F4200 Z0.2
G1 F3000 E36.14314
G1 X2.593 Y53 E36.17337
G1 X3.317 Y53.2 E36.21397
G1 X3.966 Y53.537 E36.25349
G1 X4.53 Y53.995 E36.29276
G1 X4.99 Y54.563 E36.33226
G1 X5.091 Y54.719 E36.34231
G1 X7.119 Y58.231 E36.5615
G1 X7.354 Y58.735 E36.59155
G1 X7.543 Y59.444 E36.63121
G1 X7.582 Y60.187 E36.67142
G1 X7.466 Y60.918 E36.71143
G1 X7.201 Y61.608 E36.75137
G1 X7.119 Y61.769 E36.76114
G1 X5.092 Y65.281 E36.9803
G1 X4.77 Y65.738 E37.01052
G1 X4.239 Y66.265 E37.05095
G1 X3.613 Y66.667 E37.09116
G1 X2.931 Y66.926 E37.13059
G1 X2.212 Y67.04 E37.16994
G1 X2.029 Y67.05 E37.17984
G1 X-2.036 Y67.05 E37.39955
G1 X-2.593 Y67 E37.42977
G1 X-3.317 Y66.8 E37.47037
G1 X-3.967 Y66.462 E37.50996
G1 X-4.529 Y66.006 E37.54908
G1 X-4.991 Y65.436 E37.58874
G1 X-5.092 Y65.281 E37.59873
G1 X-7.119 Y61.769 E37.8179
G1 X-7.352 Y61.27 E37.84766
G1 X-7.544 Y60.549 E37.88799
G1 X-7.582 Y59.813 E37.92782
G1 X-7.466 Y59.082 E37.96782
G1 X-7.201 Y58.392 E38.00777
G1 X-7.119 Y58.231 E38.01754
G1 X-5.092 Y54.719 E38.2367
G1 X-4.766 Y54.257 E38.26726
G1 X-4.238 Y53.734 E38.30743
G1 X-3.613 Y53.333 E38.34756
G1 X-2.931 Y53.074 E38.38699
G1 X-2.212 Y52.96 E38.42634
G1 X-2.029 Y52.95 E38.43624
G1 X2.036 Y52.95 E38.65595
G0 F3600 X2.036 Y53.45
G1 F3000 X2.538 Y53.497 E38.6832
G1 X3.158 Y53.674 E38.71805
G1 X3.714 Y53.969 E38.75206
G1 X4.195 Y54.367 E38.78581
G1 X4.586 Y54.858 E38.81973
G1 X4.658 Y54.969 E38.82688
G1 X6.686 Y58.481 E39.04607
G1 X6.896 Y58.938 E39.07325
G1 X7.054 Y59.549 E39.10736
G1 X7.082 Y60.187 E39.14188
G1 X6.977 Y60.815 E39.17629
G1 X6.744 Y61.404 E39.21053
G1 X6.686 Y61.519 E39.21749
G1 X4.659 Y65.031 E39.43665
G1 X4.367 Y65.443 E39.46394
G1 X3.905 Y65.893 E39.4988
G1 X3.365 Y66.232 E39.53326
G1 X2.776 Y66.451 E39.56722
G1 X2.16 Y66.543 E39.60089
G1 X2.029 Y66.55 E39.60798
G1 X-2.036 Y66.55 E39.82768
G1 X-2.538 Y66.503 E39.85493
G1 X-3.158 Y66.326 E39.88978
G1 X-3.715 Y66.031 E39.92385
G1 X-4.194 Y65.634 E39.95747
G1 X-4.586 Y65.142 E39.99147
G1 X-4.659 Y65.031 E39.99865
G1 X-6.686 Y61.519 E40.21781
G1 X-6.977 Y60.815 E40.25899
G1 X-7.082 Y60.187 E40.2934
G1 X-7.055 Y59.554 E40.32764
G1 X-6.895 Y58.934 E40.36225
G1 X-6.686 Y58.481 E40.38921
G1 X-4.659 Y54.969 E40.60838
G1 X-4.362 Y54.552 E40.63605
G1 X-3.905 Y54.107 E40.67052
G1 X-3.365 Y53.768 E40.70498
G1 X-2.776 Y53.549 E40.73895
G1 X-2.16 Y53.457 E40.77261
G1 X-2.029 Y53.45 E40.7797
G1 X2.036 Y53.45 E40.9994
G0 F3600 X2.036 Y53.95
G1 F3000 X2.641 Y54.029 E41.03238
G1 X3.14 Y54.212 E41.06111
G1 X3.586 Y54.491 E41.08954
G1 X3.964 Y54.853 E41.11783
G1 X4.225 Y55.219 E41.14212
G1 X6.253 Y58.731 E41.36131
G1 X6.486 Y59.286 E41.39384
G1 X6.582 Y59.811 E41.42269
G1 X6.566 Y60.342 E41.4514
G1 X6.439 Y60.862 E41.48033
G1 X6.253 Y61.269 E41.50452
G1 X4.226 Y64.781 E41.72368
G1 X3.857 Y65.265 E41.75658
G1 X3.443 Y65.613 E41.78581
G1 X2.979 Y65.859 E41.81419
G1 X2.469 Y66.008 E41.84291
G1 X2.029 Y66.05 E41.8668
G1 X-2.036 Y66.05 E42.0865
G1 X-2.641 Y65.971 E42.11948
G1 X-3.141 Y65.787 E42.14827
G1 X-3.584 Y65.51 E42.17651
G1 X-3.965 Y65.145 E42.20503
G1 X-4.226 Y64.781 E42.22924
G1 X-6.253 Y61.269 E42.4484
G1 X-6.488 Y60.711 E42.48112
G1 X-6.582 Y60.187 E42.5099
G1 X-6.566 Y59.658 E42.5385
G1 X-6.439 Y59.138 E42.56743
G1 X-6.253 Y58.731 E42.59162
G1 X-4.226 Y55.219 E42.81078
G1 X-3.854 Y54.732 E42.8439
G1 X-3.443 Y54.387 E42.8729
G1 X-2.979 Y54.141 E42.90129
G1 X-2.469 Y53.992 E42.93
G1 X-2.029 Y53.95 E42.95389
G1 X2.036 Y53.95 E43.1736
G0 F3600 X2.036 Y54.45
G1 F3000 X2.482 Y54.503 E43.19787
G1 X2.888 Y54.644 E43.2211
G1 X3.251 Y54.862 E43.24399
G1 X3.56 Y55.148 E43.26674
G1 X3.792 Y55.469 E43.28815
G1 X5.833 Y59.005 E43.50881
G1 X5.997 Y59.391 E43.53148
G1 X6.082 Y59.811 E43.55464
G1 X6.077 Y60.239 E43.57778
G1 X5.982 Y60.658 E43.601
G1 X5.82 Y61.019 E43.62238
G1 X3.793 Y64.531 E43.84154
G1 X3.524 Y64.892 E43.86588
G1 X3.196 Y65.178 E43.8894
G1 X2.824 Y65.384 E43.91238
G1 X2.416 Y65.511 E43.93548
G1 X2.029 Y65.55 E43.9565
G1 X-2.063 Y65.549 E44.17766
G1 X-2.482 Y65.497 E44.20048
G1 X-2.888 Y65.356 E44.22371
G1 X-3.25 Y65.138 E44.24655
G1 X-3.561 Y64.851 E44.26942
G1 X-3.793 Y64.531 E44.29078
G1 X-5.82 Y61.019 E44.50995
G1 X-5.999 Y60.608 E44.53418
G1 X-6.082 Y60.187 E44.55737
G1 X-6.077 Y59.761 E44.58039
G1 X-5.982 Y59.342 E44.60361
G1 X-5.82 Y58.981 E44.625
G1 X-3.793 Y55.469 E44.84416
G1 X-3.521 Y55.105 E44.86872
G1 X-3.196 Y54.822 E44.89201
G1 X-2.824 Y54.616 E44.915
G1 X-2.416 Y54.489 E44.93809
G1 X-2.029 Y54.45 E44.95911
G1 X2.036 Y54.45 E45.17882
G1 F3000 E38.67882
G1 F4200 Z1.2
G0 F3600 X-48.377 Y24.49 Z1.2
G1 F4200 Z0.2
G1 F3000 E45.17882
G1 X-47.996 Y24.854 E45.2073
G1 X-47.737 Y25.219 E45.23149
G1 X-45.709 Y28.731 E45.45068
G1 X-45.475 Y29.285 E45.48318
G1 X-45.379 Y29.81 E45.51202
G1 X-45.395 Y30.344 E45.5409
G1 X-45.521 Y30.859 E45.56955
G1 X-45.707 Y31.268 E45.59384
G1 X-47.737 Y34.781 E45.81313
G1 X-48.108 Y35.269 E45.84626
G1 X-48.519 Y35.613 E45.87523
G1 X-48.984 Y35.859 E45.90366
G1 X-49.494 Y36.008 E45.93238
G1 X-49.933 Y36.05 E45.95621
G1 X-53.997 Y36.05 E46.17586
G1 X-54.602 Y35.971 E46.20884
G1 X-55.099 Y35.789 E46.23745
G1 X-55.55 Y35.508 E46.26617
G1 X-55.927 Y35.146 E46.29441
G1 X-56.186 Y34.781 E46.3186
G1 X-58.215 Y31.268 E46.53787
G1 X-58.45 Y30.712 E46.57049
G1 X-58.544 Y30.188 E46.59926
G1 X-58.528 Y29.656 E46.62803
G1 X-58.402 Y29.14 E46.65674
G1 X-58.215 Y28.731 E46.68105
G1 X-56.186 Y25.219 E46.90026
G1 X-55.818 Y24.734 E46.93317
G1 X-55.404 Y24.387 E46.96236
G1 X-54.939 Y24.141 E46.99079
G1 X-54.429 Y23.992 E47.01951
G1 X-53.99 Y23.95 E47.04335
G1 X-49.926 Y23.95 E47.263
G1 X-49.321 Y24.029 E47.29597
G1 X-48.822 Y24.212 E47.3247
G1 X-48.377 Y24.49 E47.35306
G0 F3600 X-48.711 Y24.862
G1 F3000 X-48.401 Y25.148 E47.37585
G1 X-48.17 Y25.469 E47.39723
G1 X-46.13 Y29.004 E47.61782
G1 X-45.964 Y29.39 E47.64053
G1 X-45.879 Y29.81 E47.66369
G1 X-45.884 Y30.24 E47.68693
G1 X-45.978 Y30.657 E47.71003
G1 X-46.14 Y31.018 E47.73142
G1 X-48.184 Y34.553 E47.95212
G1 X-48.441 Y34.896 E47.97528
G1 X-48.766 Y35.178 E47.99854
G1 X-49.138 Y35.384 E48.02152
G1 X-49.547 Y35.511 E48.04467
G1 X-49.933 Y35.55 E48.06564
G1 X-54.024 Y35.549 E48.28675
G1 X-54.443 Y35.497 E48.30957
G1 X-54.848 Y35.356 E48.33275
G1 X-55.215 Y35.137 E48.35584
G1 X-55.522 Y34.852 E48.37848
G1 X-55.753 Y34.531 E48.39986
G1 X-57.794 Y30.995 E48.62052
G1 X-57.961 Y30.608 E48.6433
G1 X-58.044 Y30.188 E48.66644
G1 X-58.039 Y29.76 E48.68958
G1 X-57.945 Y29.343 E48.71268
G1 X-57.782 Y28.981 E48.73414
G1 X-55.739 Y25.447 E48.95476
G1 X-55.485 Y25.107 E48.9777
G1 X-55.157 Y24.822 E49.00119
G1 X-54.785 Y24.616 E49.02417
G1 X-54.376 Y24.489 E49.04731
G1 X-53.99 Y24.45 E49.06828
G1 X-49.926 Y24.45 E49.28793
G1 X-49.48 Y24.503 E49.31221
G1 X-49.074 Y24.644 E49.33544
G1 X-48.711 Y24.862 E49.35832
G1 F3000 E42.85832
G1 F4200 Z1.2
G0 F3600 X-48.248 Y23.969 Z1.2
G1 F4200 Z0.2
G1 F3000 E49.35832
G1 X-47.768 Y24.365 E49.39195
G1 X-47.374 Y24.86 E49.42615
G1 X-47.304 Y24.969 E49.43315
G1 X-45.276 Y28.481 E49.65234
G1 X-45.066 Y28.935 E49.67937
G1 X-44.907 Y29.547 E49.71355
G1 X-44.879 Y30.188 E49.74823
G1 X-44.984 Y30.815 E49.78259
G1 X-45.213 Y31.398 E49.81644
G1 X-45.274 Y31.518 E49.82372
G1 X-47.304 Y35.031 E50.04301
G1 X-47.597 Y35.446 E50.07046
G1 X-48.059 Y35.895 E50.10528
G1 X-48.597 Y36.232 E50.13959
G1 X-49.188 Y36.451 E50.17366
G1 X-49.802 Y36.543 E50.20722
G1 X-49.933 Y36.55 E50.21431
G1 X-53.997 Y36.55 E50.43396
G1 X-54.499 Y36.503 E50.46121
G1 X-55.119 Y36.326 E50.49605
G1 X-55.674 Y36.033 E50.52997
G1 X-56.159 Y35.632 E50.56399
G1 X-56.549 Y35.14 E50.59792
G1 X-56.619 Y35.031 E50.60492
G1 X-58.648 Y31.518 E50.82418
G1 X-58.858 Y31.064 E50.85122
G1 X-59.017 Y30.447 E50.88566
G1 X-59.044 Y29.812 E50.92001
G1 X-58.939 Y29.185 E50.95437
G1 X-58.709 Y28.599 E50.98839
G1 X-58.648 Y28.481 E50.99557
G1 X-56.619 Y24.969 E51.21479
G1 X-56.33 Y24.559 E51.2419
G1 X-55.865 Y24.106 E51.27699
G1 X-55.326 Y23.768 E51.31137
G1 X-54.735 Y23.549 E51.34544
G1 X-54.121 Y23.457 E51.37899
G1 X-53.99 Y23.45 E51.38608
G1 X-49.926 Y23.45 E51.60573
G1 X-49.424 Y23.497 E51.63298
G1 X-48.804 Y23.674 E51.66783
G1 X-48.248 Y23.969 E51.70185
G0 F3600 X-47.996 Y23.537
G1 F3000 X-47.434 Y23.993 E51.74097
G1 X-46.97 Y24.566 E51.78082
G1 X-46.871 Y24.719 E51.79066
G1 X-44.843 Y28.231 E52.00985
G1 X-44.609 Y28.731 E52.03969
G1 X-44.418 Y29.442 E52.07948
G1 X-44.379 Y30.188 E52.11986
G1 X-44.495 Y30.919 E52.15986
G1 X-44.755 Y31.601 E52.19931
G1 X-44.841 Y31.769 E52.20951
G1 X-46.871 Y35.282 E52.4288
G1 X-47.193 Y35.74 E52.45906
G1 X-47.726 Y36.268 E52.49961
G1 X-48.349 Y36.667 E52.53959
G1 X-49.034 Y36.927 E52.57919
G1 X-49.749 Y37.04 E52.61832
G1 X-49.933 Y37.05 E52.62828
G1 X-53.997 Y37.05 E52.84793
G1 X-54.554 Y37 E52.87815
G1 X-55.278 Y36.8 E52.91875
G1 X-55.925 Y36.466 E52.9581
G1 X-56.494 Y36.003 E52.99775
G1 X-56.953 Y35.434 E53.03726
G1 X-57.052 Y35.281 E53.04711
G1 X-59.081 Y31.768 E53.26637
G1 X-59.315 Y31.268 E53.29621
G1 X-59.506 Y30.551 E53.33631
G1 X-59.544 Y29.812 E53.37631
G1 X-59.428 Y29.081 E53.41631
G1 X-59.166 Y28.396 E53.45595
G1 X-59.081 Y28.231 E53.46598
G1 X-57.052 Y24.719 E53.6852
G1 X-56.735 Y24.265 E53.71513
G1 X-56.198 Y23.733 E53.75598
G1 X-55.574 Y23.333 E53.79604
G1 X-54.889 Y23.073 E53.83564
G1 X-54.174 Y22.96 E53.87476
G1 X-53.99 Y22.95 E53.88472
G1 X-49.926 Y22.95 E54.10437
G1 X-49.369 Y23 E54.1346
G1 X-48.645 Y23.2 E54.1752
G1 X-47.996 Y23.537 E54.21472
G1 F3000 E47.71472
G1 F4200 Z1.2
G0 F3600 X-46.13 Y-30.996 Z1.2
G1 F4200 Z0.2
G1 F3000 E54.21472
G1 X-45.964 Y-30.61 E54.23743
G1 X-45.879 Y-30.19 E54.26059
G1 X-45.884 Y-29.76 E54.28383
G1 X-45.978 Y-29.343 E54.30693
G1 X-46.14 Y-28.982 E54.32832
G1 X-48.184 Y-25.447 E54.54902
G1 X-48.441 Y-25.104 E54.57218
G1 X-48.766 Y-24.822 E54.59544
G1 X-49.138 Y-24.616 E54.61842
G1 X-49.547 Y-24.489 E54.64157
G1 X-49.933 Y-24.45 E54.66254
G1 X-54.024 Y-24.451 E54.88365
G1 X-54.443 Y-24.503 E54.90647
G1 X-54.848 Y-24.644 E54.92965
G1 X-55.215 Y-24.863 E54.95274
G1 X-55.522 Y-25.148 E54.97538
G1 X-55.753 Y-25.469 E54.99676
G1 X-57.794 Y-29.005 E55.21742
G1 X-57.961 Y-29.392 E55.2402
G1 X-58.044 Y-29.812 E55.26334
G1 X-58.039 Y-30.24 E55.28648
G1 X-57.945 Y-30.657 E55.30958
G1 X-57.782 Y-31.019 E55.33104
G1 X-55.739 Y-34.553 E55.55166
G1 X-55.485 Y-34.893 E55.5746
G1 X-55.157 Y-35.178 E55.59808
G1 X-54.785 Y-35.384 E55.62107
G1 X-54.376 Y-35.511 E55.64421
G1 X-53.99 Y-35.55 E55.66518
G1 X-49.926 Y-35.55 E55.88483
G1 X-49.48 Y-35.497 E55.90911
G1 X-49.074 Y-35.356 E55.93234
G1 X-48.711 Y-35.138 E55.95522
G1 X-48.401 Y-34.852 E55.97802
G1 X-48.17 Y-34.531 E55.99939
G1 X-46.13 Y-30.996 E56.21998
G0 F3600 X-45.709 Y-31.269
G1 F3000 X-45.475 Y-30.715 E56.25249
G1 X-45.379 Y-30.19 E56.28133
G1 X-45.395 Y-29.656 E56.31021
G1 X-45.521 Y-29.141 E56.33886
G1 X-45.707 Y-28.732 E56.36315
G1 X-47.737 Y-25.219 E56.58244
G1 X-48.108 Y-24.731 E56.61557
G1 X-48.519 Y-24.387 E56.64454
G1 X-48.984 Y-24.141 E56.67297
G1 X-49.494 Y-23.992 E56.70169
G1 X-49.933 Y-23.95 E56.72552
G1 X-53.997 Y-23.95 E56.94517
G1 X-54.602 Y-24.029 E56.97815
G1 X-55.099 Y-24.211 E57.00675
G1 X-55.55 Y-24.492 E57.03547
G1 X-55.927 Y-24.854 E57.06372
G1 X-56.186 Y-25.219 E57.08791
G1 X-58.215 Y-28.732 E57.30717
G1 X-58.45 Y-29.288 E57.3398
G1 X-58.544 Y-29.812 E57.36857
G1 X-58.528 Y-30.344 E57.39734
G1 X-58.402 Y-30.86 E57.42605
G1 X-58.215 Y-31.269 E57.45035
G1 X-56.186 Y-34.781 E57.66957
G1 X-55.818 Y-35.266 E57.70247
G1 X-55.404 Y-35.613 E57.73167
G1 X-54.939 Y-35.859 E57.7601
G1 X-54.429 Y-36.008 E57.78882
G1 X-53.99 Y-36.05 E57.81265
G1 X-49.926 Y-36.05 E58.0323
G1 X-49.321 Y-35.971 E58.06528
G1 X-48.822 Y-35.788 E58.09401
G1 X-48.377 Y-35.51 E58.12237
G1 X-47.996 Y-35.146 E58.15085
G1 X-47.737 Y-34.781 E58.17503
G1 X-45.709 Y-31.269 E58.39422
G0 F3600 X-45.066 Y-31.065
G1 F3000 X-44.907 Y-30.453 E58.4284
G1 X-44.879 Y-29.812 E58.46308
G1 X-44.984 Y-29.185 E58.49744
G1 X-45.213 Y-28.602 E58.53129
G1 X-45.274 Y-28.482 E58.53857
G1 X-47.304 Y-24.969 E58.75786
G1 X-47.597 Y-24.554 E58.78531
G1 X-48.059 Y-24.105 E58.82013
G1 X-48.597 Y-23.768 E58.85444
G1 X-49.188 Y-23.549 E58.88851
G1 X-49.802 Y-23.457 E58.92206
G1 X-49.933 Y-23.45 E58.92916
G1 X-53.997 Y-23.45 E59.14881
G1 X-54.499 Y-23.497 E59.17606
G1 X-55.119 Y-23.674 E59.2109
G1 X-55.674 Y-23.967 E59.24482
G1 X-56.159 Y-24.368 E59.27884
G1 X-56.549 Y-24.86 E59.31277
G1 X-56.619 Y-24.969 E59.31977
G1 X-58.648 Y-28.482 E59.53903
G1 X-58.858 Y-28.936 E59.56607
G1 X-59.017 Y-29.553 E59.60051
G1 X-59.044 Y-30.188 E59.63486
G1 X-58.939 Y-30.815 E59.66922
G1 X-58.709 Y-31.401 E59.70324
G1 X-58.648 Y-31.519 E59.71042
G1 X-56.619 Y-35.031 E59.92964
G1 X-56.33 Y-35.441 E59.95675
G1 X-55.865 Y-35.894 E59.99184
G1 X-55.326 Y-36.232 E60.02622
G1 X-54.735 Y-36.451 E60.06029
G1 X-54.121 Y-36.543 E60.09384
G1 X-53.99 Y-36.55 E60.10093
G1 X-49.926 Y-36.55 E60.32058
G1 X-49.424 Y-36.503 E60.34783
G1 X-48.804 Y-36.326 E60.38268
G1 X-48.248 Y-36.031 E60.4167
G1 X-47.768 Y-35.635 E60.45033
G1 X-47.374 Y-35.14 E60.48453
G1 X-47.304 Y-35.031 E60.49153
G1 X-45.276 Y-31.519 E60.71072
G1 X-45.066 Y-31.065 E60.73775
G0 F3600 X-44.609 Y-31.269
G1 F3000 X-44.418 Y-30.558 E60.77754
G1 X-44.379 Y-29.812 E60.81792
G1 X-44.495 Y-29.081 E60.85792
G1 X-44.755 Y-28.399 E60.89737
G1 X-44.841 Y-28.231 E60.90757
G1 X-46.871 Y-24.718 E61.12686
G1 X-47.193 Y-24.26 E61.15712
G1 X-47.726 Y-23.732 E61.19767
G1 X-48.349 Y-23.333 E61.23765
G1 X-49.034 Y-23.073 E61.27725
G1 X-49.749 Y-22.96 E61.31638
G1 X-49.933 Y-22.95 E61.32634
G1 X-53.997 Y-22.95 E61.54599
G1 X-54.554 Y-23 E61.57621
G1 X-55.278 Y-23.2 E61.61681
G1 X-55.925 Y-23.534 E61.65616
G1 X-56.494 Y-23.997 E61.69581
G1 X-56.953 Y-24.566 E61.73532
G1 X-57.052 Y-24.719 E61.74517
G1 X-59.081 Y-28.232 E61.96443
G1 X-59.315 Y-28.732 E61.99427
G1 X-59.506 Y-29.449 E62.03437
G1 X-59.544 Y-30.188 E62.07437
G1 X-59.428 Y-30.919 E62.11437
G1 X-59.166 Y-31.604 E62.15401
G1 X-59.081 Y-31.769 E62.16404
G1 X-57.052 Y-35.281 E62.38326
G1 X-56.735 Y-35.735 E62.41319
G1 X-56.198 Y-36.267 E62.45404
G1 X-55.574 Y-36.667 E62.4941
G1 X-54.889 Y-36.927 E62.5337
G1 X-54.174 Y-37.04 E62.57282
G1 X-53.99 Y-37.05 E62.58278
G1 X-49.926 Y-37.05 E62.80243
G1 X-49.369 Y-37 E62.83266
G1 X-48.645 Y-36.8 E62.87326
G1 X-47.996 Y-36.463 E62.91278
G1 X-47.434 Y-36.007 E62.9519
G1 X-46.97 Y-35.434 E62.99175
G1 X-46.871 Y-35.281 E63.00159
G1 X-44.843 Y-31.769 E63.22078
G1 X-44.609 Y-31.269 E63.25062
G1 F3000 E56.75062
G1 F4200 Z1.2
;MESH:deltaCalPrint60.stl
G0 F3600 X-47.27 Y-30.518 Z1.2
;TYPE:FILL
G1 F4200 Z0.2
G1 F3000 E63.25062
G1 F1800 X-50.063 Y-25.68 E63.49216
G1 X-50.113 Y-25.594
G0 F3600 X-50.113 Y-25.7
G0 X-49.215 Y-26.154
G0 X-49.198 Y-26.143
G1 F1800 X-53.919 Y-34.32 E63.90042
G0 F3600 X-53.561 Y-34.32
G1 F1800 X-56.503 Y-29.224 E64.15484
G0 F3600 X-56.683 Y-29.537
G1 F1800 X-47.241 Y-29.536 E64.5631
G1 X-47.141 Y-29.536
G0 F3600 X-47.243 Y-29.569
G0 X-47.8 Y-28.605
G0 X-47.784 Y-28.594
G1 F1800 X-51.091 Y-34.32 E64.849
G0 F3600 X-50.734 Y-34.32
G1 F1800 X-55.09 Y-26.775 E65.2257
G0 F3600 X-55.27 Y-27.086
G1 F1800 X-48.654 Y-27.087 E65.51177
G1 X-48.554 Y-27.087
G0 F3600 X-48.645 Y-27.141
G0 X-51.76 Y-25.7
G0 X-51.76 Y-25.68
G1 F1800 X-55.602 Y-32.336 E65.84406
G0 F3600 X-55.804 Y-31.986
G1 F1800 X-48.118 Y-31.987 E66.17639
G1 X-48.018 Y-31.987
G0 F3600 X-48.112 Y-31.933
G0 X-48.703 Y-32.957
G0 X-48.685 Y-32.967
G1 F1800 X-52.892 Y-25.68 E66.54021
G1 X-52.942 Y-25.594
G0 F3600 X-52.942 Y-25.7
G0 X-49.919 Y-25.714
G0 X-49.812 Y-25.207
;TYPE:WALL-OUTER
G1 F1800 X-49.952 Y-25.2 E66.54627
G1 X-53.977 Y-25.2 E66.7203
G1 X-54.386 Y-25.264 E66.7382
G1 X-54.755 Y-25.455 E66.75617
G1 X-55.034 Y-25.736 E66.77329
G1 X-55.113 Y-25.858 E66.77957
G1 X-57.129 Y-29.35 E66.95392
G1 X-57.275 Y-29.73 E66.97152
G1 X-57.295 Y-30.142 E66.98935
G1 X-57.189 Y-30.532 E67.00683
G1 X-57.129 Y-30.65 E67.01255
G1 X-55.113 Y-34.142 E67.1869
G1 X-54.846 Y-34.471 E67.20522
G1 X-54.51 Y-34.687 E67.22249
G1 X-54.111 Y-34.793 E67.24034
G1 X-53.971 Y-34.8 E67.2464
G1 X-49.946 Y-34.8 E67.42043
G1 X-49.537 Y-34.736 E67.43833
G1 X-49.173 Y-34.549 E67.45603
G1 X-48.889 Y-34.264 E67.47342
G1 X-48.815 Y-34.15 E67.4793
G1 X-46.8 Y-30.66 E67.65355
G1 X-46.648 Y-30.27 E67.67164
G1 X-46.628 Y-29.858 E67.68948
G1 X-46.734 Y-29.468 E67.70695
G1 X-46.794 Y-29.35 E67.71268
G1 X-48.81 Y-25.858 E67.88702
G1 X-49.077 Y-25.529 E67.90534
G1 X-49.413 Y-25.313 E67.92261
G1 X-49.812 Y-25.207 E67.94046
G0 F3600 X-49.952 Y-25.2
G0 X-50.012 Y-25.2
G0 X-49.573 Y-25.685
;TYPE:WALL-INNER
G1 F1800 X-49.972 Y-25.6 E67.9581
G1 X-53.947 Y-25.6 E68.12997
G1 X-54.26 Y-25.649 E68.14367
G1 X-54.514 Y-25.781 E68.15605
G1 X-54.777 Y-26.075 E68.1731
G1 X-56.768 Y-29.524 E68.3453
G1 X-56.878 Y-29.81 E68.35855
G1 X-56.892 Y-30.099 E68.37106
G1 X-56.772 Y-30.469 E68.38788
G1 X-54.785 Y-33.911 E68.55972
G1 X-54.574 Y-34.171 E68.5742
G1 X-54.35 Y-34.315 E68.58571
G1 X-53.951 Y-34.4 E68.60335
G1 X-49.976 Y-34.4 E68.77522
G1 X-49.664 Y-34.351 E68.78888
G1 X-49.41 Y-34.221 E68.80122
G1 X-49.151 Y-33.932 E68.818
G1 X-47.163 Y-30.49 E68.98986
G1 X-47.045 Y-30.186 E69.00396
G1 X-47.031 Y-29.901 E69.0163
G1 X-47.151 Y-29.531 E69.03312
G1 X-49.138 Y-26.089 E69.20496
G1 X-49.349 Y-25.829 E69.21944
G1 X-49.573 Y-25.685 E69.23095
G0 F3600 X-49.726 Y-26.063
G1 F3000 E62.73095
G1 F4200 Z1.2
G0 F3600 X-49.726 Y-26.063 Z1.2
G0 X-3.992 Y-1.728
;TYPE:FILL
G1 F4200 Z0.2
G1 F3000 E69.23095
G1 F1800 X-3.081 Y-.151 E69.3097
G1 X-3.074 Y-.132
G1 X-1.421 Y2.732 E69.45268
G1 X-1.412 Y2.742
G1 X-.501 Y4.32 E69.53146
G1 X-.451 Y4.406
G0 F3600 X0.503 Y4.32
G1 F1800 X1.413 Y2.743 E69.61019
G1 X1.42 Y2.733
G1 X3.074 Y-.132 E69.75323
G1 X3.08 Y-.15
G1 X3.992 Y-1.729 E69.83207
G1 X4.042 Y-1.815
G0 F3600 X3.49 Y-2.598
G1 F1800 X1.667 Y-2.598 E69.91089
G1 X1.655 Y-2.596
G1 X-1.655 Y-2.596 E70.05401
G1 X-1.667 Y-2.598
G1 X-3.49 Y-2.598 E70.13283
G1 X-3.59 Y-2.598
G0 F3600 X-3.498 Y-2.544
G0 X-2.531 Y-4.103
G0 X-2.542 Y-4.121
G1 F1800 X2.293 Y4.253 E70.55093
G1 X2.343 Y4.339
G0 F3600 X2.321 Y4.228
G0 X1.177 Y2.313
G1 F1800 X3.654 Y2.313 E70.65803
G0 F3600 X3.828 Y2.012
G1 F1800 X2.59 Y-.132 E70.76508
G1 X2.583 Y-.151
G1 X1.42 Y-2.167 E70.86571
G1 X1.411 Y-2.177
G1 X0.174 Y-4.32 E70.9727
G0 F3600 X-.174 Y-4.32
G1 F1800 X-1.412 Y-2.176 E71.07975
G1 X-1.419 Y-2.166
G1 X-2.584 Y-.15 E71.18042
G1 X-2.59 Y-.132
G1 X-3.829 Y2.012 E71.28749
G0 F3600 X-3.655 Y2.313
G1 F1800 X-1.177 Y2.313 E71.39464
G1 X-1.165 Y2.311
G1 X1.165 Y2.311 E71.49538
G1 X1.265 Y2.311
G0 F3600 X-2.288 Y4.245
G0 X-2.298 Y4.262
G1 F1800 X2.539 Y-4.115 E71.91363
G1 X2.589 Y-4.201
G0 F3600 X2.503 Y-4.125
G0 X4.819 Y-.141
G0 X4.839 Y-.141
G1 F1800 X-4.832 Y-.141 E72.33179
G1 X-4.932 Y-.141
G0 F3600 X-5.312 Y0.275
;TYPE:WALL-OUTER
G1 F1800 X-5.334 Y-.135 E72.34954
G1 X-5.227 Y-.532 E72.36732
G1 X-5.167 Y-.65 E72.37304
G1 X-3.152 Y-4.141 E72.54733
G1 X-2.884 Y-4.471 E72.56571
G1 X-2.546 Y-4.688 E72.58308
G1 X-2.15 Y-4.793 E72.60079
G1 X-2.01 Y-4.8 E72.60685
G1 X2.016 Y-4.8 E72.78093
G1 X2.428 Y-4.735 E72.79896
G1 X2.788 Y-4.549 E72.81648
G1 X3.069 Y-4.268 E72.83367
G1 X3.152 Y-4.141 E72.84023
G1 X5.162 Y-.659 E73.01406
G1 X5.312 Y-.275 E73.03189
G1 X5.334 Y0.135 E73.04964
G1 X5.227 Y0.532 E73.06742
G1 X5.167 Y0.65 E73.07315
G1 X3.152 Y4.141 E73.24743
G1 X2.884 Y4.471 E73.26581
G1 X2.546 Y4.688 E73.28318
G1 X2.15 Y4.793 E73.30089
G1 X2.01 Y4.8 E73.30695
G1 X-2.016 Y4.8 E73.48103
G1 X-2.428 Y4.735 E73.49906
G1 X-2.791 Y4.547 E73.51674
G1 X-3.069 Y4.268 E73.53377
G1 X-3.152 Y4.141 E73.54033
G1 X-5.167 Y0.65 E73.71461
G1 X-5.312 Y0.275 E73.732
G0 F3600 X-5.322 Y0.075
G0 X-4.916 Y0.189
;TYPE:WALL-INNER
G1 F1800 X-4.932 Y-0.092 E73.74417
G1 X-4.81 Y-.469 E73.7613
G1 X-2.824 Y-3.91 E73.93309
G1 X-2.614 Y-4.169 E73.9475
G1 X-2.383 Y-4.317 E73.95936
G1 X-1.99 Y-4.4 E73.97673
G1 X1.986 Y-4.4 E74.14865
G1 X2.302 Y-4.35 E74.16248
G1 X2.548 Y-4.223 E74.17445
G1 X2.817 Y-3.922 E74.19191
G1 X4.798 Y-.491 E74.36321
G1 X4.917 Y-.186 E74.37736
G1 X4.932 Y0.092 E74.3894
G1 X4.81 Y0.469 E74.40653
G1 X2.824 Y3.91 E74.57832
G1 X2.614 Y4.169 E74.59274
G1 X2.383 Y4.317 E74.6046
G1 X1.99 Y4.4 E74.62197
G1 X-1.986 Y4.4 E74.79388
G1 X-2.302 Y4.35 E74.80771
G1 X-2.553 Y4.22 E74.81994
G1 X-2.817 Y3.922 E74.83715
G1 X-4.805 Y0.478 E75.00909
G1 X-4.916 Y0.189 E75.02248
G0 F3600 X-4.519 Y0.104
G1 F3000 E68.52248
G1 F4200 Z1.2
G0 F3600 X-4.519 Y0.104 Z1.2
G0 X-1.63 Y-55.68
;TYPE:FILL
G1 F4200 Z0.2
G1 F3000 E75.02248
G1 F1800 X2.927 Y-63.573 E75.41655
G0 F3600 X2.779 Y-63.83
G1 F1800 X-2.779 Y-63.83 E75.65687
G0 F3600 X-2.927 Y-63.574
G1 F1800 X1.631 Y-55.68 E76.051
G0 F3600 X1.198 Y-55.68
G1 F1800 X4.341 Y-61.124 E76.3228
G0 F3600 X4.192 Y-61.382
G1 F1800 X-4.191 Y-61.382 E76.68527
G0 F3600 X-4.34 Y-61.124
G1 F1800 X-1.198 Y-55.68 E76.95705
G1 X-1.149 Y-55.594
G0 F3600 X-1.149 Y-55.7
G0 X-2.94 Y-56.49
G0 X-2.958 Y-56.48
G1 F1800 X2.958 Y-56.48 E77.21285
G1 X3.058 Y-56.48
G0 F3600 X3.477 Y-57.38
G1 F1800 X-.53 Y-64.32 E77.55934
G1 X-.58 Y-64.406
G0 F3600 X-.58 Y-64.3
G0 X0.53 Y-64.3
G0 X0.53 Y-64.32
G1 F1800 X-3.477 Y-57.38 E77.90584
G1 X-3.527 Y-57.294
G0 F3600 X-3.434 Y-57.347
G0 X-4.354 Y-58.94
G0 X-4.372 Y-58.93
G1 F1800 X4.371 Y-58.93 E78.28387
G1 X4.471 Y-58.93
G0 F3600 X4.38 Y-58.984
G0 X4.828 Y-59.91
G0 X4.847 Y-59.904
G1 F1800 X2.346 Y-64.236 E78.50016
G1 X2.296 Y-64.322
G0 F3600 X2.262 Y-64.258
G0 X-2.34 Y-64.223
G0 X-2.343 Y-64.243
G1 F1800 X-4.842 Y-59.914 E78.71628
G1 X-4.892 Y-59.828
G0 F3600 X-4.816 Y-59.831
G0 X2.044 Y-55.714
G0 X2.15 Y-55.207
;TYPE:WALL-OUTER
G1 F1800 X2.01 Y-55.2 E78.72235
G1 X-2.016 Y-55.2 E78.89642
G1 X-2.428 Y-55.265 E78.91446
G1 X-2.785 Y-55.449 E78.93182
G1 X-3.069 Y-55.732 E78.94916
G1 X-3.152 Y-55.859 E78.95572
G1 X-5.167 Y-59.35 E79.13
G1 X-5.312 Y-59.725 E79.14739
G1 X-5.334 Y-60.135 E79.16514
G1 X-5.227 Y-60.532 E79.18292
G1 X-5.167 Y-60.65 E79.18864
G1 X-3.152 Y-64.141 E79.36293
G1 X-2.884 Y-64.471 E79.38131
G1 X-2.546 Y-64.688 E79.39867
G1 X-2.15 Y-64.793 E79.41639
G1 X-2.01 Y-64.8 E79.42245
G1 X2.016 Y-64.8 E79.59653
G1 X2.428 Y-64.735 E79.61456
G1 X2.788 Y-64.549 E79.63208
G1 X3.069 Y-64.268 E79.64926
G1 X3.152 Y-64.141 E79.65582
G1 X5.162 Y-60.659 E79.82966
G1 X5.312 Y-60.275 E79.84749
G1 X5.334 Y-59.865 E79.86524
G1 X5.227 Y-59.468 E79.88302
G1 X5.167 Y-59.35 E79.88874
G1 X3.152 Y-55.859 E80.06303
G1 X2.885 Y-55.53 E80.08135
G1 X2.546 Y-55.312 E80.09877
G1 X2.15 Y-55.207 E80.11649
G0 F3600 X2.01 Y-55.2
G0 X1.95 Y-55.2
G0 X1.99 Y-55.6
;TYPE:WALL-INNER
G1 F1800 X-1.986 Y-55.6 E80.2884
G1 X-2.301 Y-55.65 E80.30219
G1 X-2.549 Y-55.778 E80.31426
G1 X-2.817 Y-56.078 E80.33165
G1 X-4.805 Y-59.522 E80.50359
G1 X-4.916 Y-59.811 E80.51698
G1 X-4.932 Y-60.092 E80.52915
G1 X-4.81 Y-60.469 E80.54628
G1 X-2.824 Y-63.91 E80.71807
G1 X-2.614 Y-64.169 E80.73249
G1 X-2.383 Y-64.317 E80.74435
G1 X-1.99 Y-64.4 E80.76172
G1 X1.986 Y-64.4 E80.93363
G1 X2.302 Y-64.35 E80.94746
G1 X2.548 Y-64.223 E80.95943
G1 X2.817 Y-63.922 E80.97689
G1 X4.798 Y-60.491 E81.14819
G1 X4.917 Y-60.186 E81.16235
G1 X4.932 Y-59.908 E81.17438
G1 X4.81 Y-59.531 E81.19152
G1 X2.824 Y-56.09 E81.3633
G1 X2.613 Y-55.83 E81.37778
G1 X2.386 Y-55.684 E81.38945
G1 X1.99 Y-55.6 E81.40695
G0 F3600 X1.949 Y-56.001
G1 F3000 E74.90695
G1 F4200 Z1.2
G0 F3600 X1.949 Y-56.001 Z1.2
G0 X47.271 Y-30.516
;TYPE:FILL
G1 F4200 Z0.2
G1 F3000 E81.40695
G1 F1800 X50.063 Y-25.68 E81.6484
G1 X50.113 Y-25.594
G0 F3600 X50.113 Y-25.7
G0 X49.216 Y-26.152
G0 X49.198 Y-26.142
G1 F1800 X53.919 Y-34.32 E82.05669
G0 F3600 X53.561 Y-34.32
G1 F1800 X56.503 Y-29.225 E82.31108
G0 F3600 X56.682 Y-29.537
G1 F1800 X47.24 Y-29.536 E82.71933
G1 X47.14 Y-29.536
G0 F3600 X47.243 Y-29.574
G0 X47.802 Y-28.603
G0 X47.784 Y-28.593
G1 F1800 X51.091 Y-34.32 E83.00528
G0 F3600 X50.734 Y-34.32
G1 F1800 X55.09 Y-26.776 E83.38194
G0 F3600 X55.269 Y-27.086
G1 F1800 X48.653 Y-27.087 E83.668
G1 X48.553 Y-27.087
G0 F3600 X48.646 Y-27.14
G0 X51.761 Y-25.7
G0 X51.761 Y-25.68
G1 F1800 X55.603 Y-32.336 E84.0003
G0 F3600 X55.805 Y-31.986
G1 F1800 X48.119 Y-31.987 E84.33263
G1 X48.019 Y-31.987
G0 F3600 X48.111 Y-31.933
G0 X48.702 Y-32.957
G0 X48.686 Y-32.968
G1 F1800 X52.894 Y-25.68 E84.6965
G1 X52.944 Y-25.594
G0 F3600 X52.944 Y-25.7
G0 X53.941 Y-25.699
G0 X53.971 Y-25.2
;TYPE:WALL-OUTER
G1 F1800 X49.946 Y-25.2 E84.87054
G1 X49.537 Y-25.264 E84.88844
G1 X49.172 Y-25.452 E84.90619
G1 X48.889 Y-25.736 E84.92352
G1 X48.81 Y-25.858 E84.92981
G1 X46.794 Y-29.35 E85.10415
G1 X46.648 Y-29.73 E85.12175
G1 X46.628 Y-30.142 E85.13959
G1 X46.734 Y-30.532 E85.15706
G1 X46.794 Y-30.65 E85.16279
G1 X48.81 Y-34.142 E85.33713
G1 X49.077 Y-34.471 E85.35545
G1 X49.413 Y-34.687 E85.37272
G1 X49.812 Y-34.793 E85.39057
G1 X49.952 Y-34.8 E85.39663
G1 X53.977 Y-34.8 E85.57067
G1 X54.386 Y-34.736 E85.58857
G1 X54.755 Y-34.545 E85.60653
G1 X55.034 Y-34.264 E85.62365
G1 X55.108 Y-34.15 E85.62953
G1 X57.123 Y-30.66 E85.80378
G1 X57.275 Y-30.27 E85.82187
G1 X57.295 Y-29.858 E85.83971
G1 X57.189 Y-29.468 E85.85718
G1 X57.129 Y-29.35 E85.86291
G1 X55.113 Y-25.858 E86.03725
G1 X54.847 Y-25.53 E86.05551
G1 X54.51 Y-25.313 E86.07284
G1 X54.111 Y-25.207 E86.09069
G1 X53.971 Y-25.2 E86.09675
G0 F3600 X53.771 Y-25.2
G0 X53.951 Y-25.6
;TYPE:WALL-INNER
G1 F1800 X49.976 Y-25.6 E86.26863
G1 X49.664 Y-25.649 E86.28228
G1 X49.409 Y-25.78 E86.29468
G1 X49.146 Y-26.075 E86.31176
G1 X47.155 Y-29.524 E86.48396
G1 X47.045 Y-29.81 E86.49721
G1 X47.031 Y-30.099 E86.50972
G1 X47.151 Y-30.469 E86.52654
G1 X49.138 Y-33.911 E86.69838
G1 X49.349 Y-34.171 E86.71286
G1 X49.573 Y-34.315 E86.72437
G1 X49.972 Y-34.4 E86.74201
G1 X53.947 Y-34.4 E86.91388
G1 X54.26 Y-34.351 E86.92758
G1 X54.514 Y-34.219 E86.93996
G1 X54.772 Y-33.932 E86.95664
G1 X56.76 Y-30.49 E87.12851
G1 X56.878 Y-30.186 E87.14261
G1 X56.892 Y-29.901 E87.15495
G1 X56.772 Y-29.531 E87.17177
G1 X54.785 Y-26.089 E87.34361
G1 X54.576 Y-25.831 E87.35797
G1 X54.348 Y-25.684 E87.3697
G1 X53.951 Y-25.6 E87.38724
G0 F3600 X53.911 Y-26.001
G1 F3000 E80.88724
G1 F4200 Z1.2
G0 F3600 X53.912 Y-26.002 Z1.2
G0 X53.219 Y25.68
;TYPE:FILL
G1 F4200 Z0.2
G1 F3000 E87.38724
G1 F1800 X48.848 Y33.251 E87.76524
G1 X48.798 Y33.337
G0 F3600 X48.891 Y33.284
G0 X49.469 Y34.138
G0 X49.453 Y34.151
G1 F1800 X54.458 Y34.15 E87.98164
G0 F3600 X53.888 Y34.32
G1 F1800 X56.667 Y29.508 E88.22191
G0 F3600 X56.519 Y29.253
G1 F1800 X47.405 Y29.252 E88.61598
G0 F3600 X47.621 Y28.877
G1 F1800 X50.764 Y34.32 E88.88775
G0 F3600 X51.063 Y34.32
G1 F1800 X55.254 Y27.06 E89.25021
G0 F3600 X55.105 Y26.802
G1 F1800 X48.818 Y26.803 E89.52205
G0 F3600 X49.035 Y26.427
G1 F1800 X53.591 Y34.32 E89.9161
G1 X53.64 Y34.406
G0 F3600 X53.64 Y34.3
G0 X55.422 Y32.608
G0 X55.439 Y32.619
G1 F1800 X51.432 Y25.68 E90.26256
G1 X51.382 Y25.594
G0 F3600 X50.392 Y25.68
G1 F1800 X47.435 Y30.802 E90.51828
G1 X47.385 Y30.888
G0 F3600 X47.954 Y31.702
G1 F1800 X55.968 Y31.702 E90.86479
G1 X56.068 Y31.702
G0 F3600 X55.977 Y31.648
G0 X56.791 Y30.089
G0 X56.809 Y30.095
G1 F1800 X54.306 Y25.76 E91.08123
G1 X54.256 Y25.674
G0 F3600 X54.221 Y25.74
G0 X53.941 Y34.301
G0 X53.971 Y34.8
;TYPE:WALL-OUTER
G1 F1800 X49.946 Y34.8 E91.25526
G1 X49.537 Y34.736 E91.27316
G1 X49.172 Y34.548 E91.29092
G1 X48.889 Y34.264 E91.30825
G1 X48.81 Y34.142 E91.31454
G1 X46.794 Y30.65 E91.48888
G1 X46.648 Y30.27 E91.50648
G1 X46.628 Y29.858 E91.52432
G1 X46.734 Y29.468 E91.54179
G1 X46.794 Y29.35 E91.54751
G1 X48.81 Y25.858 E91.72186
G1 X49.077 Y25.529 E91.74018
G1 X49.413 Y25.313 E91.75745
G1 X49.812 Y25.207 E91.7753
G1 X49.952 Y25.2 E91.78136
G1 X53.977 Y25.2 E91.95539
G1 X54.386 Y25.264 E91.97329
G1 X54.755 Y25.455 E91.99126
G1 X55.034 Y25.736 E92.00838
G1 X55.108 Y25.85 E92.01426
G1 X57.129 Y29.35 E92.18901
G1 X57.275 Y29.73 E92.20661
G1 X57.295 Y30.142 E92.22445
G1 X57.189 Y30.532 E92.24192
G1 X57.129 Y30.65 E92.24764
G1 X55.113 Y34.142 E92.42199
G1 X54.847 Y34.47 E92.44025
G1 X54.51 Y34.687 E92.45758
G1 X54.111 Y34.793 E92.47543
G1 X53.971 Y34.8 E92.48149
G0 F3600 X53.771 Y34.8
G0 X53.951 Y34.4
;TYPE:WALL-INNER
G1 F1800 X49.976 Y34.4 E92.65336
G1 X49.664 Y34.351 E92.66702
G1 X49.409 Y34.22 E92.67941
G1 X49.146 Y33.925 E92.6965
G1 X47.155 Y30.476 E92.86869
G1 X47.045 Y30.19 E92.88194
G1 X47.031 Y29.901 E92.89445
G1 X47.151 Y29.531 E92.91127
G1 X49.138 Y26.089 E93.08312
G1 X49.349 Y25.829 E93.09759
G1 X49.573 Y25.685 E93.10911
G1 X49.972 Y25.6 E93.12675
G1 X53.947 Y25.6 E93.29862
G1 X54.26 Y25.649 E93.31232
G1 X54.514 Y25.781 E93.32469
G1 X54.772 Y26.068 E93.34138
G1 X56.768 Y29.524 E93.51394
G1 X56.878 Y29.81 E93.52719
G1 X56.892 Y30.099 E93.5397
G1 X56.772 Y30.469 E93.55652
G1 X54.785 Y33.911 E93.72836
G1 X54.576 Y34.169 E93.74272
G1 X54.348 Y34.316 E93.75445
G1 X53.951 Y34.4 E93.772
G0 F3600 X53.911 Y33.999
G1 F3000 E87.272
G1 F4200 Z1.2
G0 F3600 X53.912 Y33.998 Z1.2
G0 X4.208 Y58.646
;TYPE:FILL
G1 F4200 Z0.2
G1 F3000 E93.772
G1 F1800 X-4.207 Y58.646 E94.13585
G1 X-4.307 Y58.646
G0 F3600 X-4.216 Y58.7
G0 X-3.625 Y57.676
G0 X-3.641 Y57.665
G1 F1800 X0.203 Y64.32 E94.46815
G0 F3600 X-.203 Y64.32
G1 F1800 X3.641 Y57.664 E94.80049
G1 X3.691 Y57.578
G0 F3600 X3.599 Y57.631
G0 X2.775 Y56.205
G0 X2.794 Y56.195
G1 F1800 X-2.793 Y56.195 E95.04206
G1 X-2.893 Y56.195
G0 F3600 X-2.801 Y56.249
G0 X-1.958 Y55.7
G0 X-1.958 Y55.68
G1 F1800 X2.764 Y63.856 E95.4503
G0 F3600 X2.943 Y63.546
G1 F1800 X-2.943 Y63.546 E95.7048
G0 F3600 X-2.764 Y63.857
G1 F1800 X1.958 Y55.68 E96.11307
G1 X2.008 Y55.594
G0 F3600 X1.991 Y55.702
G0 X0.871 Y55.7
G0 X0.871 Y55.68
G1 F1800 X4.177 Y61.407 E96.399
G0 F3600 X4.355 Y61.098
G1 F1800 X-4.356 Y61.098 E96.77564
G0 F3600 X-4.177 Y61.408
G1 F1800 X-.87 Y55.68 E97.06163
G1 X-.82 Y55.594
G0 F3600 X-.82 Y55.7
G0 X2.044 Y64.286
G0 X2.15 Y64.793
;TYPE:WALL-OUTER
G1 F1800 X2.01 Y64.8 E97.06769
G1 X-2.016 Y64.8 E97.24176
G1 X-2.428 Y64.735 E97.2598
G1 X-2.791 Y64.547 E97.27747
G1 X-3.069 Y64.268 E97.2945
G1 X-3.152 Y64.141 E97.30106
G1 X-5.167 Y60.65 E97.47535
G1 X-5.312 Y60.275 E97.49273
G1 X-5.334 Y59.865 E97.51049
G1 X-5.227 Y59.468 E97.52826
G1 X-5.167 Y59.35 E97.53399
G1 X-3.152 Y55.859 E97.70827
G1 X-2.884 Y55.529 E97.72665
G1 X-2.546 Y55.312 E97.74402
G1 X-2.15 Y55.207 E97.76173
G1 X-2.01 Y55.2 E97.76779
G1 X2.016 Y55.2 E97.94187
G1 X2.428 Y55.265 E97.95991
G1 X2.785 Y55.449 E97.97727
G1 X3.069 Y55.732 E97.99461
G1 X3.152 Y55.859 E98.00117
G1 X5.162 Y59.341 E98.17501
G1 X5.312 Y59.725 E98.19283
G1 X5.334 Y60.135 E98.21058
G1 X5.227 Y60.532 E98.22836
G1 X5.167 Y60.65 E98.23409
G1 X3.152 Y64.141 E98.40837
G1 X2.884 Y64.471 E98.42675
G1 X2.546 Y64.688 E98.44412
G1 X2.15 Y64.793 E98.46183
G0 F3600 X2.01 Y64.8
G0 X1.95 Y64.8
G0 X1.99 Y64.4
;TYPE:WALL-INNER
G1 F1800 X-1.986 Y64.4 E98.63375
G1 X-2.302 Y64.35 E98.64758
G1 X-2.553 Y64.22 E98.6598
G1 X-2.817 Y63.922 E98.67702
G1 X-4.805 Y60.478 E98.84896
G1 X-4.916 Y60.189 E98.86234
G1 X-4.932 Y59.908 E98.87451
G1 X-4.81 Y59.531 E98.89165
G1 X-2.824 Y56.09 E99.06343
G1 X-2.614 Y55.831 E99.07785
G1 X-2.383 Y55.683 E99.08971
G1 X-1.99 Y55.6 E99.10708
G1 X1.986 Y55.6 E99.27899
G1 X2.301 Y55.65 E99.29278
G1 X2.549 Y55.778 E99.30485
G1 X2.817 Y56.078 E99.32224
G1 X4.798 Y59.509 E99.49355
G1 X4.917 Y59.814 E99.5077
G1 X4.932 Y60.092 E99.51974
G1 X4.81 Y60.469 E99.53687
G1 X2.824 Y63.91 E99.70866
G1 X2.614 Y64.169 E99.72308
G1 X2.383 Y64.317 E99.73494
G1 X1.99 Y64.4 E99.75231
G0 F3600 X1.95 Y63.999
G1 F3000 E93.25231
G1 F4200 Z1.2
G0 F3600 X1.951 Y63.998 Z1.2
G0 X-48.849 Y33.252
;TYPE:FILL
G1 F4200 Z0.2
G1 F3000 E99.75231
G1 F1800 X-53.221 Y25.68 E100.13036
G1 X-53.271 Y25.594
G0 F3600 X-53.271 Y25.7
G0 X-54.303 Y25.778
G0 X-54.305 Y25.759
G1 F1800 X-56.802 Y30.084 E100.34629
G0 F3600 X-56.666 Y29.508
G1 F1800 X-53.888 Y34.32 E100.58654
G0 F3600 X-53.591 Y34.32
G1 F1800 X-49.035 Y26.427 E100.98059
G0 F3600 X-48.817 Y26.803
G1 F1800 X-55.105 Y26.802 E101.25247
G0 F3600 X-55.254 Y27.061
G1 F1800 X-51.062 Y34.32 E101.61492
G0 F3600 X-50.764 Y34.32
G1 F1800 X-47.62 Y28.876 E101.88674
G0 F3600 X-47.403 Y29.252
G1 F1800 X-56.518 Y29.253 E102.28086
G1 X-56.618 Y29.253
G0 F3600 X-56.528 Y29.306
G0 X-55.951 Y31.692
G0 X-55.969 Y31.702
G1 F1800 X-47.955 Y31.702 E102.62737
G1 X-47.855 Y31.702
G0 F3600 X-47.435 Y30.801
G1 F1800 X-50.392 Y25.68 E102.88305
G1 X-50.442 Y25.594
G0 F3600 X-51.432 Y25.68
G1 F1800 X-55.439 Y32.62 E103.22955
G1 X-55.489 Y32.706
G0 F3600 X-55.396 Y32.653
G0 X-54.453 Y34.138
G0 X-54.468 Y34.15
G1 F1800 X-49.465 Y34.151 E103.44587
G1 X-49.365 Y34.151
G0 F3600 X-49.812 Y34.793
;TYPE:WALL-OUTER
G1 F1800 X-49.952 Y34.8 E103.45193
G1 X-53.977 Y34.8 E103.62597
G1 X-54.386 Y34.736 E103.64387
G1 X-54.755 Y34.545 E103.66183
G1 X-55.034 Y34.264 E103.67895
G1 X-55.113 Y34.142 E103.68524
G1 X-57.129 Y30.65 E103.85958
G1 X-57.275 Y30.27 E103.87718
G1 X-57.295 Y29.858 E103.89502
G1 X-57.189 Y29.468 E103.91249
G1 X-57.129 Y29.35 E103.91821
G1 X-55.113 Y25.858 E104.09256
G1 X-54.846 Y25.529 E104.11088
G1 X-54.51 Y25.313 E104.12815
G1 X-54.111 Y25.207 E104.146
G1 X-53.971 Y25.2 E104.15206
G1 X-49.946 Y25.2 E104.32609
G1 X-49.537 Y25.264 E104.34399
G1 X-49.173 Y25.451 E104.36169
G1 X-48.889 Y25.736 E104.37909
G1 X-48.815 Y25.85 E104.38496
G1 X-46.8 Y29.34 E104.55921
G1 X-46.648 Y29.73 E104.57731
G1 X-46.628 Y30.142 E104.59514
G1 X-46.734 Y30.532 E104.61262
G1 X-46.794 Y30.65 E104.61834
G1 X-48.81 Y34.142 E104.79268
G1 X-49.077 Y34.471 E104.811
G1 X-49.413 Y34.687 E104.82828
G1 X-49.812 Y34.793 E104.84613
G0 F3600 X-49.952 Y34.8
G0 X-50.012 Y34.8
G0 X-49.573 Y34.315
;TYPE:WALL-INNER
G1 F1800 X-49.972 Y34.4 E104.86376
G1 X-53.947 Y34.4 E105.03564
G1 X-54.26 Y34.351 E105.04933
G1 X-54.514 Y34.219 E105.06171
G1 X-54.777 Y33.925 E105.07877
G1 X-56.768 Y30.476 E105.25096
G1 X-56.878 Y30.19 E105.26421
G1 X-56.892 Y29.901 E105.27672
G1 X-56.772 Y29.531 E105.29354
G1 X-54.785 Y26.089 E105.46538
G1 X-54.574 Y25.829 E105.47986
G1 X-54.35 Y25.685 E105.49137
G1 X-53.951 Y25.6 E105.50901
G1 X-49.976 Y25.6 E105.68089
G1 X-49.664 Y25.649 E105.69454
G1 X-49.41 Y25.779 E105.70688
G1 X-49.151 Y26.068 E105.72366
G1 X-47.163 Y29.51 E105.89552
G1 X-47.045 Y29.814 E105.90962
G1 X-47.031 Y30.099 E105.92196
G1 X-47.151 Y30.469 E105.93878
G1 X-49.138 Y33.911 E106.11062
G1 X-49.349 Y34.171 E106.1251
G1 X-49.573 Y34.315 E106.13662
M104 S230
G0 F3600 X-49.726 Y33.937
G1 F3000 E99.63662
G1 F4200 Z1.2
;MESH:NONMESH
G0 F3600 X-49.726 Y33.937 Z1.2
G0 X-.921 Y2.17
;TIME_ELAPSED:81.527501
;LAYER:1
M106 S255
;MESH:deltaCalPrint60.stl
G0 F5400 X-.921 Y2.17 Z1.4
;TYPE:FILL
G1 F4200 Z0.4
G1 F3000 E106.13662
G1 F2700 X0.921 Y2.17 E106.19788
G1 X0.932 Y2.172
G1 X3.735 Y2.172 E106.29111
G1 X3.746 Y2.153
G1 X2.345 Y-.273 E106.38429
G1 X2.34 Y-.291
G1 X0.013 Y-4.319 E106.53901
G1 X-0.012 Y-4.32
G1 X-2.34 Y-.29 E106.6938
G1 X-2.345 Y-.274
G1 X-3.747 Y2.153 E106.78703
G1 X-3.736 Y2.172
G1 X-.932 Y2.172 E106.88029
G1 X-.832 Y2.172
G0 F5400 X-.667 Y4.3
G0 X-.667 Y4.319
G1 F2700 X-3.319 Y-.273 E107.05666
G1 X-3.324 Y-.291
G1 X-4.073 Y-1.587 E107.10645
G1 X-4.123 Y-1.673
G0 F5400 X-4.032 Y-1.62
G0 X-3.392 Y-2.729
G0 X-3.408 Y-2.739
G1 F2700 X-1.911 Y-2.739 E107.15624
G1 X-1.9 Y-2.737
G1 X1.9 Y-2.737 E107.28262
G1 X1.911 Y-2.739
G1 X3.409 Y-2.739 E107.33245
G1 X3.509 Y-2.739
G0 F5400 X3.416 Y-2.686
G0 X4.056 Y-1.577
G0 X4.074 Y-1.587
G1 F2700 X3.324 Y-.29 E107.38228
G1 X3.319 Y-.274
G1 X0.667 Y4.32 E107.55871
G1 X0.617 Y4.406
G0 F5400 X0.618 Y4.3
G0 X2.147 Y4.269
G0 X2.15 Y4.287
G1 F2700 X-2.642 Y-4.012 E107.87745
G1 X-2.692 Y-4.098
G0 F5400 X-2.604 Y-4.027
G0 X-4.768 Y-.276
G0 X-4.787 Y-.282
G1 F2700 X4.794 Y-.282 E108.19611
G1 X4.894 Y-.282
G0 F5400 X4.788 Y-.242
G0 X2.622 Y-3.991
G0 X2.638 Y-4.004
G1 F2700 X-2.153 Y4.293 E108.51477
G1 X-2.203 Y4.379
G0 F5400 X-2.185 Y4.268
G0 X-4.819 Y0.168
G0 X-4.916 Y0.189
;TYPE:WALL-INNER
G1 F3300 X-4.932 Y-0.092 E108.52413
G1 X-4.81 Y-.469 E108.53731
G1 X-2.822 Y-3.914 E108.6696
G1 X-2.622 Y-4.163 E108.68023
G1 X-2.376 Y-4.322 E108.68997
G1 X-2.009 Y-4.4 E108.70245
G1 X1.998 Y-4.399 E108.83572
G1 X2.297 Y-4.351 E108.84579
G1 X2.549 Y-4.222 E108.85521
G1 X2.817 Y-3.922 E108.86859
G1 X4.798 Y-.491 E109.00036
G1 X4.917 Y-.186 E109.01125
G1 X4.932 Y0.092 E109.02051
G1 X4.81 Y0.469 E109.03369
G1 X2.822 Y3.914 E109.16598
G1 X2.622 Y4.163 E109.1766
G1 X2.376 Y4.322 E109.18634
G1 X2.009 Y4.4 E109.19882
G1 X-1.998 Y4.399 E109.3321
G1 X-2.297 Y4.351 E109.34217
G1 X-2.549 Y4.222 E109.35158
G1 X-2.817 Y3.922 E109.36496
G1 X-4.805 Y0.478 E109.49723
G1 X-4.916 Y0.189 E109.50752
G0 F5400 X-5.312 Y0.275
;TYPE:WALL-OUTER
G1 F2100 X-5.334 Y-.135 E109.52118
G1 X-5.227 Y-.532 E109.53486
G1 X-5.167 Y-.65 E109.53926
G1 X-3.152 Y-4.141 E109.67332
G1 X-2.893 Y-4.464 E109.68709
G1 X-2.541 Y-4.691 E109.70102
G1 X-2.163 Y-4.792 E109.71404
G1 X-2.011 Y-4.8 E109.7191
G1 X2.03 Y-4.799 E109.8535
G1 X2.424 Y-4.736 E109.86678
G1 X2.788 Y-4.549 E109.88039
G1 X3.069 Y-4.268 E109.8936
G1 X3.152 Y-4.141 E109.89865
G1 X5.162 Y-.659 E110.03237
G1 X5.312 Y-.275 E110.04608
G1 X5.334 Y0.135 E110.05974
G1 X5.227 Y0.532 E110.07342
G1 X5.167 Y0.65 E110.07782
G1 X3.152 Y4.141 E110.21188
G1 X2.893 Y4.464 E110.22565
G1 X2.541 Y4.691 E110.23958
G1 X2.163 Y4.792 E110.2526
G1 X2.011 Y4.8 E110.25766
G1 X-2.03 Y4.799 E110.39206
G1 X-2.424 Y4.736 E110.40534
G1 X-2.788 Y4.549 E110.41895
G1 X-3.069 Y4.268 E110.43216
G1 X-3.152 Y4.141 E110.43721
G1 X-5.167 Y0.65 E110.57127
G1 X-5.312 Y0.275 E110.58465
G0 F5400 X-5.322 Y0.075
G0 X-4.523 Y0.031
G1 F3000 E104.08465
G1 F4200 Z1.4
G0 F5400 X-4.523 Y0.031 Z1.4
G0 X-49.293 Y-26.022
;TYPE:FILL
G1 F4200 Z0.4
G1 F3000 E110.58465
G1 F2700 X-54.071 Y-34.297 E110.90246
G0 F5400 X-53.399 Y-34.32
G1 F2700 X-56.422 Y-29.084 E111.10355
G0 F5400 X-56.742 Y-29.679
G1 F2700 X-47.188 Y-29.678 E111.42132
G0 F5400 X-47.197 Y-30.362
G1 F2700 X-49.892 Y-25.694 E111.60059
G1 X-49.942 Y-25.608
G0 F5400 X-49.961 Y-25.7
G0 X-48.588 Y-27.24
G0 X-48.572 Y-27.229
G1 F2700 X-55.351 Y-27.228 E111.82606
G0 F5400 X-55.008 Y-26.633
G1 F2700 X-50.57 Y-34.319 E112.12126
G0 F5400 X-51.256 Y-34.319
G1 F2700 X-47.867 Y-28.451 E112.34664
G1 X-47.817 Y-28.365
G0 F5400 X-47.908 Y-28.419
G0 X-48.219 Y-32.118
G0 X-48.201 Y-32.128
G1 F2700 X-55.722 Y-32.128 E112.59679
G1 X-55.684 Y-32.194
G1 X-51.924 Y-25.68 E112.84695
G1 X-51.875 Y-25.594
G0 F5400 X-52.727 Y-25.681
G1 F2700 X-48.602 Y-32.824 E113.12129
G1 X-48.552 Y-32.91
G0 F5400 X-48.645 Y-32.857
G0 X-49.619 Y-25.773
G0 X-49.581 Y-25.681
;TYPE:WALL-INNER
G1 F3300 X-49.953 Y-25.6 E113.13396
G1 X-53.961 Y-25.601 E113.26726
G1 X-54.258 Y-25.648 E113.27726
G1 X-54.512 Y-25.778 E113.28675
G1 X-54.777 Y-26.075 E113.29999
G1 X-56.768 Y-29.524 E113.43245
G1 X-56.878 Y-29.81 E113.44264
G1 X-56.892 Y-30.099 E113.45226
G1 X-56.772 Y-30.469 E113.4652
G1 X-54.783 Y-33.915 E113.59754
G1 X-54.583 Y-34.164 E113.60816
G1 X-54.342 Y-34.319 E113.61769
G1 X-53.97 Y-34.4 E113.63035
G1 X-49.962 Y-34.399 E113.76366
G1 X-49.665 Y-34.352 E113.77366
G1 X-49.411 Y-34.222 E113.78315
G1 X-49.151 Y-33.932 E113.79611
G1 X-47.155 Y-30.476 E113.92885
G1 X-47.045 Y-30.19 E113.93904
G1 X-47.031 Y-29.901 E113.94866
G1 X-47.151 Y-29.531 E113.9616
G1 X-49.14 Y-26.085 E114.09394
G1 X-49.34 Y-25.836 E114.10456
G1 X-49.581 Y-25.681 E114.11409
G0 F5400 X-49.799 Y-25.208
;TYPE:WALL-OUTER
G1 F2100 X-49.951 Y-25.2 E114.11915
G1 X-53.991 Y-25.201 E114.25352
G1 X-54.383 Y-25.263 E114.26672
G1 X-54.75 Y-25.451 E114.28044
G1 X-55.034 Y-25.736 E114.29382
G1 X-55.113 Y-25.858 E114.29865
G1 X-57.129 Y-29.35 E114.43276
G1 X-57.275 Y-29.73 E114.4463
G1 X-57.295 Y-30.142 E114.46002
G1 X-57.189 Y-30.532 E114.47346
G1 X-57.129 Y-30.65 E114.47787
G1 X-55.113 Y-34.142 E114.61198
G1 X-54.855 Y-34.464 E114.6257
G1 X-54.505 Y-34.689 E114.63954
G1 X-54.124 Y-34.792 E114.65267
G1 X-53.972 Y-34.8 E114.65773
G1 X-49.932 Y-34.799 E114.7921
G1 X-49.54 Y-34.737 E114.8053
G1 X-49.173 Y-34.549 E114.81902
G1 X-48.889 Y-34.264 E114.8324
G1 X-48.815 Y-34.15 E114.83692
G1 X-46.794 Y-30.65 E114.97134
G1 X-46.648 Y-30.27 E114.98488
G1 X-46.628 Y-29.858 E114.9986
G1 X-46.734 Y-29.468 E115.01204
G1 X-46.794 Y-29.35 E115.01645
G1 X-48.81 Y-25.858 E115.15056
G1 X-49.068 Y-25.536 E115.16428
G1 X-49.418 Y-25.311 E115.17812
G1 X-49.799 Y-25.208 E115.19125
G0 F5400 X-49.951 Y-25.2
G0 X-49.999 Y-25.2
G0 X-49.998 Y-26
G1 F3000 E108.69125
G1 F4200 Z1.4
G0 F5400 X-49.998 Y-26 Z1.4
G0 X-50.553 Y25.681
;TYPE:FILL
G1 F4200 Z0.4
G1 F3000 E115.19125
G1 F2700 X-47.516 Y30.94 E115.39323
G0 F5400 X-47.874 Y31.561
G1 F2700 X-56.05 Y31.561 E115.66517
G1 X-56.15 Y31.561
G0 F5400 X-56.057 Y31.508
G0 X-55.34 Y32.751
G0 X-55.358 Y32.761
G1 F2700 X-51.27 Y25.681 E115.93708
G1 X-51.22 Y25.595
G0 F5400 X-51.221 Y25.7
G0 X-53.384 Y25.7
G0 X-53.384 Y25.68
G1 F2700 X-48.931 Y33.393 E116.2333
G0 F5400 X-49.318 Y34.01
G1 F2700 X-54.596 Y34.009 E116.40885
G0 F5400 X-54.062 Y34.302
G1 F2700 X-56.734 Y29.675 E116.58656
G0 F5400 X-56.756 Y30.286
G1 F2700 X-54.115 Y25.712 E116.76223
G1 X-54.065 Y25.626
G0 F5400 X-54.046 Y25.718
G0 X-55.007 Y26.671
G0 X-55.023 Y26.661
G1 F2700 X-48.899 Y26.662 E116.96592
G1 X-48.953 Y26.568
G1 X-53.428 Y34.319 E117.2636
G1 X-53.478 Y34.405
G0 F5400 X-53.477 Y34.3
G0 X-51.226 Y34.3
G0 X-51.226 Y34.32
G1 F2700 X-55.335 Y27.202 E117.53696
G1 X-55.385 Y27.116
G0 F5400 X-55.294 Y27.169
G0 X-56.421 Y29.122
G0 X-56.437 Y29.112
G1 F2700 X-47.485 Y29.111 E117.8347
G1 X-47.54 Y29.017
G1 X-50.602 Y34.32 E118.03837
G1 X-50.652 Y34.406
G0 F5400 X-50.651 Y34.3
G0 X-49.619 Y34.227
G0 X-49.581 Y34.319
;TYPE:WALL-INNER
G1 F3300 X-49.953 Y34.4 E118.05104
G1 X-53.961 Y34.399 E118.18434
G1 X-54.258 Y34.352 E118.19434
G1 X-54.512 Y34.222 E118.20383
G1 X-54.777 Y33.925 E118.21707
G1 X-56.768 Y30.476 E118.34953
G1 X-56.878 Y30.19 E118.35972
G1 X-56.892 Y29.901 E118.36934
G1 X-56.772 Y29.531 E118.38228
G1 X-54.783 Y26.085 E118.51462
G1 X-54.583 Y25.836 E118.52524
G1 X-54.342 Y25.681 E118.53477
G1 X-53.97 Y25.6 E118.54743
G1 X-49.962 Y25.601 E118.68074
G1 X-49.665 Y25.648 E118.69074
G1 X-49.411 Y25.778 E118.70023
G1 X-49.151 Y26.068 E118.71318
G1 X-47.155 Y29.524 E118.84593
G1 X-47.045 Y29.81 E118.85612
G1 X-47.031 Y30.099 E118.86574
G1 X-47.151 Y30.469 E118.87868
G1 X-49.14 Y33.915 E119.01101
G1 X-49.34 Y34.164 E119.02164
G1 X-49.581 Y34.319 E119.03117
G0 F5400 X-49.799 Y34.792
;TYPE:WALL-OUTER
G1 F2100 X-49.951 Y34.8 E119.03623
G1 X-53.991 Y34.799 E119.1706
G1 X-54.383 Y34.737 E119.1838
G1 X-54.75 Y34.549 E119.19752
G1 X-55.034 Y34.264 E119.2109
G1 X-55.113 Y34.142 E119.21573
G1 X-57.129 Y30.65 E119.34984
G1 X-57.275 Y30.27 E119.36338
G1 X-57.295 Y29.858 E119.3771
G1 X-57.189 Y29.468 E119.39054
G1 X-57.129 Y29.35 E119.39495
G1 X-55.113 Y25.858 E119.52906
G1 X-54.855 Y25.536 E119.54278
G1 X-54.505 Y25.311 E119.55662
G1 X-54.124 Y25.208 E119.56975
G1 X-53.972 Y25.2 E119.57481
G1 X-49.932 Y25.201 E119.70918
G1 X-49.54 Y25.263 E119.72238
G1 X-49.173 Y25.451 E119.73609
G1 X-48.889 Y25.736 E119.74948
G1 X-48.815 Y25.85 E119.754
G1 X-46.794 Y29.35 E119.88842
G1 X-46.648 Y29.73 E119.90196
G1 X-46.628 Y30.142 E119.91568
G1 X-46.734 Y30.532 E119.92912
G1 X-46.794 Y30.65 E119.93352
G1 X-48.81 Y34.142 E120.06763
G1 X-49.068 Y34.464 E120.08136
G1 X-49.418 Y34.689 E120.0952
G1 X-49.799 Y34.792 E120.10832
G0 F5400 X-49.951 Y34.8
G0 X-49.999 Y34.8
G0 X-49.998 Y34
G1 F3000 E113.60832
G1 F4200 Z1.4
G0 F5400 X-49.998 Y34 Z1.4
G0 X-4.125 Y58.504
;TYPE:FILL
G1 F4200 Z0.4
G1 F3000 E120.10832
G1 F2700 X4.126 Y58.504 E120.38275
G1 X4.226 Y58.504
G0 F5400 X3.723 Y57.806
G1 F2700 X-0.038 Y64.319 E120.6329
G1 X0.038 Y64.32
G1 X-3.317 Y58.511 E120.85602
G1 X-3.319 Y58.501
G1 X-3.722 Y57.804 E120.8828
G1 X-3.772 Y57.718
G0 F5400 X-3.68 Y57.771
G0 X-2.679 Y56.067
G0 X-2.694 Y56.054
G1 F2700 X2.69 Y56.054 E121.06187
G0 F5400 X2.111 Y55.7
G1 F2700 X-2.666 Y63.973 E121.37961
G0 F5400 X-3.024 Y63.405
G1 F2700 X3.024 Y63.405 E121.58076
G0 F5400 X2.669 Y63.977
G1 F2700 X-2.108 Y55.704 E121.8985
G1 X-2.158 Y55.618
G0 F5400 X-2.136 Y55.729
G0 X-.706 Y55.7
G0 X-.706 Y55.68
G1 F2700 X-4.095 Y61.55 E122.12394
G0 F5400 X-4.438 Y60.956
G1 F2700 X4.437 Y60.956 E122.41913
G0 F5400 X4.094 Y61.55
G1 F2700 X2.339 Y58.511 E122.53585
G1 X2.337 Y58.501
G1 X0.708 Y55.681 E122.64416
G1 X0.658 Y55.595
G0 F5400 X0.657 Y55.7
G0 X2.338 Y64.23
G0 X2.376 Y64.322
;TYPE:WALL-INNER
G1 F3300 X2.009 Y64.4 E122.65664
G1 X-1.998 Y64.399 E122.78992
G1 X-2.297 Y64.351 E122.79999
G1 X-2.549 Y64.222 E122.80941
G1 X-2.817 Y63.922 E122.82278
G1 X-4.805 Y60.478 E122.95505
G1 X-4.916 Y60.189 E122.96534
G1 X-4.932 Y59.908 E122.9747
G1 X-4.81 Y59.531 E122.98788
G1 X-2.822 Y56.086 E123.12017
G1 X-2.622 Y55.837 E123.1308
G1 X-2.376 Y55.678 E123.14054
G1 X-2.009 Y55.6 E123.15302
G1 X1.998 Y55.601 E123.28629
G1 X2.297 Y55.649 E123.29636
G1 X2.549 Y55.778 E123.30578
G1 X2.817 Y56.078 E123.31916
G1 X4.798 Y59.509 E123.45093
G1 X4.917 Y59.814 E123.46182
G1 X4.932 Y60.092 E123.47108
G1 X4.81 Y60.469 E123.48426
G1 X2.822 Y63.914 E123.61655
G1 X2.622 Y64.163 E123.62717
G1 X2.376 Y64.322 E123.63691
G0 F5400 X2.163 Y64.792
;TYPE:WALL-OUTER
G1 F2100 X2.011 Y64.8 E123.64198
G1 X-2.03 Y64.799 E123.77638
G1 X-2.424 Y64.736 E123.78965
G1 X-2.788 Y64.549 E123.80326
G1 X-3.069 Y64.268 E123.81648
G1 X-3.152 Y64.141 E123.82153
G1 X-5.167 Y60.65 E123.95559
G1 X-5.312 Y60.275 E123.96896
G1 X-5.334 Y59.865 E123.98262
G1 X-5.227 Y59.468 E123.9963
G1 X-5.167 Y59.35 E124.0007
G1 X-3.152 Y55.859 E124.13476
G1 X-2.893 Y55.536 E124.14853
G1 X-2.541 Y55.309 E124.16246
G1 X-2.163 Y55.208 E124.17548
G1 X-2.011 Y55.2 E124.18054
G1 X2.03 Y55.201 E124.31494
G1 X2.424 Y55.264 E124.32822
G1 X2.788 Y55.451 E124.34183
G1 X3.069 Y55.732 E124.35504
G1 X3.152 Y55.859 E124.36009
G1 X5.162 Y59.341 E124.49381
G1 X5.312 Y59.725 E124.50752
G1 X5.334 Y60.135 E124.52118
G1 X5.227 Y60.532 E124.53486
G1 X5.167 Y60.65 E124.53926
G1 X3.152 Y64.141 E124.67332
G1 X2.893 Y64.464 E124.68709
G1 X2.541 Y64.691 E124.70102
G1 X2.163 Y64.792 E124.71404
G0 F5400 X2.011 Y64.8
G0 X1.963 Y64.8
G0 X1.965 Y64
G1 F3000 E118.21404
G1 F4200 Z1.4
G0 F5400 X1.967 Y64 Z1.4
G0 X48.929 Y33.391
;TYPE:FILL
G1 F4200 Z0.4
G1 F3000 E124.71404
G1 F2700 X53.381 Y25.681 E125.01015
G0 F5400 X54.112 Y25.706
G1 F2700 X56.75 Y30.275 E125.18563
G0 F5400 X56.738 Y29.668
G1 F2700 X54.064 Y34.299 E125.36349
G0 F5400 X54.605 Y34.009
G1 F2700 X49.327 Y34.01 E125.53904
G1 X49.227 Y34.01
G0 F5400 X49.299 Y33.947
G0 X50.602 Y34.3
G0 X50.602 Y34.319
G1 F2700 X47.54 Y29.017 E125.74268
G1 X47.486 Y29.111
G1 X56.438 Y29.112 E126.04042
G1 X56.538 Y29.112
G0 F5400 X56.446 Y29.165
G0 X55.318 Y27.212
G0 X55.336 Y27.202
G1 F2700 X51.226 Y34.319 E126.31377
G1 X51.176 Y34.405
G0 F5400 X51.177 Y34.3
G0 X53.429 Y34.3
G0 X53.429 Y34.32
G1 F2700 X48.954 Y26.568 E126.61148
G1 X48.899 Y26.662
G1 X55.024 Y26.661 E126.8152
G1 X55.124 Y26.661
G0 F5400 X55.03 Y26.715
G0 X51.271 Y25.7
G0 X51.271 Y25.68
G1 F2700 X55.358 Y32.759 E127.08707
G1 X55.408 Y32.845
G0 F5400 X55.317 Y32.791
G0 X56.033 Y31.551
G0 X56.049 Y31.561
G1 F2700 X47.873 Y31.561 E127.35901
G0 F5400 X47.516 Y30.942
G1 F2700 X50.554 Y25.68 E127.5611
G1 X50.604 Y25.594
G0 F5400 X50.603 Y25.7
G0 X54.304 Y34.227
G0 X54.342 Y34.319
;TYPE:WALL-INNER
G1 F3300 X53.97 Y34.4 E127.57376
G1 X49.962 Y34.399 E127.70707
G1 X49.665 Y34.352 E127.71707
G1 X49.411 Y34.222 E127.72656
G1 X49.146 Y33.925 E127.7398
G1 X47.155 Y30.476 E127.87225
G1 X47.045 Y30.19 E127.88244
G1 X47.031 Y29.901 E127.89207
G1 X47.151 Y29.531 E127.905
G1 X49.14 Y26.085 E128.03734
G1 X49.34 Y25.836 E128.04796
G1 X49.581 Y25.681 E128.05749
G1 X49.953 Y25.6 E128.07016
G1 X53.961 Y25.601 E128.20346
G1 X54.258 Y25.648 E128.21346
G1 X54.512 Y25.778 E128.22295
G1 X54.772 Y26.068 E128.23591
G1 X56.768 Y29.524 E128.36865
G1 X56.878 Y29.81 E128.37884
G1 X56.892 Y30.099 E128.38846
G1 X56.772 Y30.469 E128.4014
G1 X54.783 Y33.915 E128.53374
G1 X54.583 Y34.164 E128.54436
G1 X54.342 Y34.319 E128.55389
G0 F5400 X54.124 Y34.792
;TYPE:WALL-OUTER
G1 F2100 X53.972 Y34.8 E128.55895
G1 X49.932 Y34.799 E128.69332
G1 X49.54 Y34.737 E128.70652
G1 X49.173 Y34.549 E128.72024
G1 X48.889 Y34.264 E128.73362
G1 X48.81 Y34.142 E128.73845
G1 X46.794 Y30.65 E128.87257
G1 X46.648 Y30.27 E128.8861
G1 X46.628 Y29.858 E128.89982
G1 X46.734 Y29.468 E128.91327
G1 X46.794 Y29.35 E128.91767
G1 X48.81 Y25.858 E129.05178
G1 X49.068 Y25.536 E129.0655
G1 X49.418 Y25.311 E129.07934
G1 X49.799 Y25.208 E129.09247
G1 X49.951 Y25.2 E129.09753
G1 X53.991 Y25.201 E129.2319
G1 X54.383 Y25.263 E129.2451
G1 X54.75 Y25.451 E129.25882
G1 X55.034 Y25.736 E129.2722
G1 X55.108 Y25.85 E129.27672
G1 X57.129 Y29.35 E129.41114
G1 X57.275 Y29.73 E129.42468
G1 X57.295 Y30.142 E129.4384
G1 X57.189 Y30.532 E129.45184
G1 X57.129 Y30.65 E129.45625
G1 X55.113 Y34.142 E129.59036
G1 X54.855 Y34.464 E129.60408
G1 X54.505 Y34.689 E129.61792
G1 X54.124 Y34.792 E129.63105
G0 F5400 X53.972 Y34.8
G0 X53.924 Y34.8
G0 X53.925 Y34
G1 F3000 E123.13105
G1 F4200 Z1.4
G0 F5400 X53.925 Y34 Z1.4
G0 X52.73 Y-25.68
;TYPE:FILL
G1 F4200 Z0.4
G1 F3000 E129.63105
G1 F2700 X48.604 Y-32.827 E129.90553
G1 X48.554 Y-32.913
G0 F5400 X48.201 Y-32.128
G1 F2700 X55.722 Y-32.128 E130.15568
G1 X55.685 Y-32.193
G1 X51.924 Y-25.681 E130.40579
G1 X51.874 Y-25.595
G0 F5400 X51.875 Y-25.7
G0 X49.896 Y-25.712
G0 X49.893 Y-25.693
G1 F2700 X47.2 Y-30.358 E130.58495
G0 F5400 X47.181 Y-29.678
G1 F2700 X56.735 Y-29.679 E130.90272
G0 F5400 X56.421 Y-29.085
G1 F2700 X53.399 Y-34.319 E131.10373
G0 F5400 X54.072 Y-34.3
G1 F2700 X49.295 Y-26.026 E131.4215
G1 X49.245 Y-25.94
G0 F5400 X49.331 Y-26.016
G0 X48.589 Y-27.239
G0 X48.571 Y-27.229
G1 F2700 X55.351 Y-27.228 E131.647
G0 F5400 X55.008 Y-26.634
G1 F2700 X50.569 Y-34.32 E131.94221
G0 F5400 X51.256 Y-34.32
G1 F2700 X47.866 Y-28.45 E132.16767
G1 X47.816 Y-28.364
G0 F5400 X47.909 Y-28.417
G0 X54.304 Y-25.773
G0 X54.342 Y-25.681
;TYPE:WALL-INNER
G1 F3300 X53.97 Y-25.6 E132.18033
G1 X49.962 Y-25.601 E132.31364
G1 X49.665 Y-25.648 E132.32364
G1 X49.411 Y-25.778 E132.33313
G1 X49.146 Y-26.075 E132.34637
G1 X47.155 Y-29.524 E132.47883
G1 X47.045 Y-29.81 E132.48902
G1 X47.031 Y-30.099 E132.49864
G1 X47.151 Y-30.469 E132.51158
G1 X49.14 Y-33.915 E132.64391
G1 X49.34 Y-34.164 E132.65454
G1 X49.581 Y-34.319 E132.66407
G1 X49.953 Y-34.4 E132.67673
G1 X53.961 Y-34.399 E132.81004
G1 X54.258 Y-34.352 E132.82004
G1 X54.512 Y-34.222 E132.82953
G1 X54.772 Y-33.932 E132.84248
G1 X56.768 Y-30.476 E132.97522
G1 X56.878 Y-30.19 E132.98541
G1 X56.892 Y-29.901 E132.99504
G1 X56.772 Y-29.531 E133.00797
G1 X54.783 Y-26.085 E133.14031
G1 X54.583 Y-25.836 E133.15093
G1 X54.342 Y-25.681 E133.16046
G0 F5400 X54.124 Y-25.208
;TYPE:WALL-OUTER
G1 F2100 X53.972 Y-25.2 E133.16553
G1 X49.932 Y-25.201 E133.2999
G1 X49.54 Y-25.263 E133.3131
G1 X49.173 Y-25.451 E133.32681
G1 X48.889 Y-25.736 E133.34019
G1 X48.81 Y-25.858 E133.34503
G1 X46.794 Y-29.35 E133.47914
G1 X46.648 Y-29.73 E133.49268
G1 X46.628 Y-30.142 E133.5064
G1 X46.734 Y-30.532 E133.51984
G1 X46.794 Y-30.65 E133.52424
G1 X48.81 Y-34.142 E133.65835
G1 X49.068 Y-34.464 E133.67208
G1 X49.418 Y-34.689 E133.68592
G1 X49.799 Y-34.792 E133.69904
G1 X49.951 Y-34.8 E133.7041
G1 X53.991 Y-34.799 E133.83848
G1 X54.383 Y-34.737 E133.85168
G1 X54.75 Y-34.549 E133.86539
G1 X55.034 Y-34.264 E133.87877
G1 X55.108 Y-34.15 E133.88329
G1 X57.129 Y-30.65 E134.01772
G1 X57.275 Y-30.27 E134.03126
G1 X57.295 Y-29.858 E134.04498
G1 X57.189 Y-29.468 E134.05842
G1 X57.129 Y-29.35 E134.06282
G1 X55.113 Y-25.858 E134.19693
G1 X54.855 Y-25.536 E134.21065
G1 X54.505 Y-25.311 E134.22449
G1 X54.124 Y-25.208 E134.23762
G0 F5400 X53.972 Y-25.2
G0 X53.924 Y-25.2
G0 X53.925 Y-26
G1 F3000 E127.73762
G1 F4200 Z1.4
G0 F5400 X53.925 Y-26 Z1.4
G0 X3.039 Y-56.621
;TYPE:FILL
G1 F4200 Z0.4
G1 F3000 E134.23762
G1 F2700 X-3.039 Y-56.621 E134.43978
G0 F5400 X-3.396 Y-57.24
G1 F2700 X0.692 Y-64.319 E134.71166
G1 X0.742 Y-64.405
G0 F5400 X0.741 Y-64.3
G0 X-.691 Y-64.3
G0 X-.691 Y-64.32
G1 F2700 X2.337 Y-59.076 E134.91307
G1 X2.339 Y-59.066
G1 X3.395 Y-57.239 E134.98325
G1 X3.445 Y-57.153
G0 F5400 X3.354 Y-57.206
G0 X4.436 Y-59.081
G0 X4.453 Y-59.071
G1 F2700 X-4.453 Y-59.071 E135.27947
G0 F5400 X-4.794 Y-59.716
G1 F2700 X-2.155 Y-64.286 E135.45499
G0 F5400 X-2.674 Y-63.971
G1 F2700 X2.667 Y-63.971 E135.63263
G0 F5400 X2.15 Y-64.294
G1 F2700 X4.789 Y-59.724 E135.80816
G1 X4.839 Y-59.638
G0 F5400 X4.75 Y-59.667
G0 X4.404 Y-60.973
G0 X4.422 Y-60.983
G1 F2700 X1.361 Y-55.68 E136.01181
G1 X1.468 Y-55.68
G1 X-3.008 Y-63.432 E136.30953
G1 X-3.058 Y-63.518
G0 F5400 X-2.967 Y-63.465
G0 X-4.093 Y-61.513
G0 X-4.11 Y-61.523
G1 F2700 X4.111 Y-61.523 E136.58297
G1 X4.211 Y-61.523
G0 F5400 X4.118 Y-61.47
G0 X2.99 Y-63.423
G0 X3.008 Y-63.433
G1 F2700 X-1.467 Y-55.681 E136.88067
G1 X-1.362 Y-55.681
G1 X-3.317 Y-59.066 E137.01069
G1 X-3.319 Y-59.076
G1 X-4.421 Y-60.984 E137.08397
G1 X-4.471 Y-61.07
G0 F5400 X-4.38 Y-61.017
G0 X2.338 Y-55.77
G0 X2.376 Y-55.678
;TYPE:WALL-INNER
G1 F3300 X2.009 Y-55.6 E137.09645
G1 X-1.998 Y-55.601 E137.22973
G1 X-2.297 Y-55.649 E137.2398
G1 X-2.549 Y-55.778 E137.24921
G1 X-2.817 Y-56.078 E137.26259
G1 X-4.805 Y-59.522 E137.39486
G1 X-4.916 Y-59.811 E137.40515
G1 X-4.932 Y-60.092 E137.41451
G1 X-4.81 Y-60.469 E137.42769
G1 X-2.822 Y-63.914 E137.55998
G1 X-2.622 Y-64.163 E137.57061
G1 X-2.376 Y-64.322 E137.58035
G1 X-2.009 Y-64.4 E137.59283
G1 X1.998 Y-64.399 E137.7261
G1 X2.297 Y-64.351 E137.73617
G1 X2.549 Y-64.222 E137.74559
G1 X2.817 Y-63.922 E137.75897
G1 X4.798 Y-60.491 E137.89074
G1 X4.917 Y-60.186 E137.90163
G1 X4.932 Y-59.908 E137.91089
G1 X4.81 Y-59.531 E137.92407
G1 X2.822 Y-56.086 E138.05636
G1 X2.622 Y-55.837 E138.06698
G1 X2.376 Y-55.678 E138.07672
G0 F5400 X2.163 Y-55.208
;TYPE:WALL-OUTER
G1 F2100 X2.011 Y-55.2 E138.08179
G1 X-2.03 Y-55.201 E138.21619
G1 X-2.424 Y-55.264 E138.22946
G1 X-2.788 Y-55.451 E138.24307
G1 X-3.069 Y-55.732 E138.25629
G1 X-3.152 Y-55.859 E138.26133
G1 X-5.167 Y-59.35 E138.3954
G1 X-5.312 Y-59.725 E138.40877
G1 X-5.334 Y-60.135 E138.42243
G1 X-5.227 Y-60.532 E138.4361
G1 X-5.167 Y-60.65 E138.44051
G1 X-3.152 Y-64.141 E138.57457
G1 X-2.893 Y-64.464 E138.58834
G1 X-2.541 Y-64.691 E138.60227
G1 X-2.163 Y-64.792 E138.61529
G1 X-2.011 Y-64.8 E138.62035
G1 X2.03 Y-64.799 E138.75475
G1 X2.424 Y-64.736 E138.76802
G1 X2.788 Y-64.549 E138.78163
G1 X3.069 Y-64.268 E138.79485
G1 X3.152 Y-64.141 E138.7999
G1 X5.162 Y-60.659 E138.93362
G1 X5.312 Y-60.275 E138.94733
G1 X5.334 Y-59.865 E138.96099
G1 X5.227 Y-59.468 E138.97466
G1 X5.167 Y-59.35 E138.97907
G1 X3.152 Y-55.859 E139.11313
G1 X2.893 Y-55.536 E139.1269
G1 X2.541 Y-55.309 E139.14083
G1 X2.163 Y-55.208 E139.15385
G0 F5400 X2.011 Y-55.2
G0 X1.963 Y-55.2
G0 X1.965 Y-56
G1 F3000 E132.65385
G1 F4200 Z1.4
;MESH:NONMESH
G0 F5400 X1.967 Y-56 Z1.4
G0 X-.676 Y2.028
;TIME_ELAPSED:115.972229
;LAYER:2
;MESH:deltaCalPrint60.stl
G0 F7200 X-.676 Y2.028 Z1.6
;TYPE:FILL
G1 F4200 Z0.6
G1 F3000 E139.15385
G1 F3600 X0.676 Y2.028 E139.19881
G1 X0.687 Y2.031
G1 X3.817 Y2.031 E139.30292
G0 F7200 X3.665 Y2.294
G1 F3600 X2.1 Y-.415 E139.40697
G1 X2.094 Y-.432
G1 X-.151 Y-4.32 E139.5563
G0 F7200 X0.151 Y-4.319
G1 F3600 X-2.094 Y-.432 E139.7056
G1 X-2.1 Y-.416
G1 X-3.665 Y2.294 E139.80968
G0 F7200 X-3.817 Y2.031
G1 F3600 X-.687 Y2.031 E139.91379
G1 X-.587 Y2.031
G0 F7200 X-.83 Y4.3
G0 X-.83 Y4.319
G1 F3600 X-3.564 Y-.415 E140.09561
G1 X-3.57 Y-.432
G1 X-4.155 Y-1.445 E140.13452
G1 X-4.205 Y-1.531
G0 F7200 X-4.114 Y-1.478
G0 X-4.722 Y-.418
G0 X-4.741 Y-.424
G1 F3600 X4.739 Y-.424 E140.44982
G1 X4.839 Y-.424
G0 F7200 X4.733 Y-.383
G0 X3.57 Y-.432
G1 F3600 X4.155 Y-1.446 E140.48876
G1 X4.205 Y-1.532
G0 F7200 X4.112 Y-1.479
G0 X3.564 Y-.416
G1 F3600 X0.83 Y4.32 E140.67064
G1 X0.78 Y4.406
G0 F7200 X0.781 Y4.3
G0 X2.001 Y4.3
G0 X2.005 Y4.32
G1 F3600 X-2.736 Y-3.893 E140.98605
G1 X-2.785 Y-3.979
G0 F7200 X-2.698 Y-3.909
G0 X-2.156 Y-2.881
G1 F3600 X-3.326 Y-2.881 E141.02497
G1 X-3.426 Y-2.881
G0 F7200 X-3.335 Y-2.828
G0 X-2.145 Y-2.878
G1 F3600 X2.145 Y-2.878 E141.16765
G1 X2.156 Y-2.881
G1 X3.327 Y-2.881 E141.2066
G1 X3.427 Y-2.881
G0 F7200 X3.334 Y-2.828
G0 X2.721 Y-3.88
G0 X2.737 Y-3.893
G1 F3600 X-2.004 Y4.319 E141.52198
G1 X-2.054 Y4.405
G0 F7200 X-2.035 Y4.294
G0 X-4.819 Y0.168
G0 X-4.916 Y0.189
;TYPE:WALL-INNER
G1 F4800 X-4.932 Y-0.092 E141.53135
G1 X-4.81 Y-.469 E141.54453
G1 X-2.822 Y-3.914 E141.67682
G1 X-2.622 Y-4.163 E141.68744
G1 X-2.383 Y-4.319 E141.69693
G1 X-2.009 Y-4.4 E141.70966
G1 X2.007 Y-4.399 E141.84323
G1 X2.297 Y-4.351 E141.85301
G1 X2.549 Y-4.222 E141.86242
G1 X2.817 Y-3.922 E141.8758
G1 X4.798 Y-.491 E142.00757
G1 X4.917 Y-.186 E142.01846
G1 X4.932 Y0.092 E142.02772
G1 X4.81 Y0.469 E142.0409
G1 X2.822 Y3.914 E142.17319
G1 X2.622 Y4.163 E142.18382
G1 X2.383 Y4.319 E142.19331
G1 X2.009 Y4.4 E142.20604
G1 X-2.007 Y4.399 E142.33961
G1 X-2.297 Y4.351 E142.34939
G1 X-2.549 Y4.222 E142.3588
G1 X-2.817 Y3.922 E142.37218
G1 X-4.805 Y0.478 E142.50444
G1 X-4.916 Y0.189 E142.51474
G0 F7200 X-5.312 Y0.275
;TYPE:WALL-OUTER
G1 F2400 X-5.334 Y-.135 E142.5284
G1 X-5.227 Y-.532 E142.54207
G1 X-5.167 Y-.65 E142.54648
G1 X-3.152 Y-4.141 E142.68054
G1 X-2.893 Y-4.464 E142.69431
G1 X-2.55 Y-4.688 E142.70794
G1 X-2.163 Y-4.792 E142.72126
G1 X-2.011 Y-4.8 E142.72633
G1 X2.042 Y-4.799 E142.86113
G1 X2.424 Y-4.736 E142.87401
G1 X2.788 Y-4.549 E142.88762
G1 X3.069 Y-4.268 E142.90084
G1 X3.152 Y-4.141 E142.90588
G1 X5.162 Y-.659 E143.0396
G1 X5.312 Y-.275 E143.05332
G1 X5.334 Y0.135 E143.06697
G1 X5.227 Y0.532 E143.08065
G1 X5.167 Y0.65 E143.08505
G1 X3.152 Y4.141 E143.21911
G1 X2.893 Y4.464 E143.23288
G1 X2.55 Y4.688 E143.24651
G1 X2.163 Y4.792 E143.25984
G1 X2.011 Y4.8 E143.2649
G1 X-2.042 Y4.799 E143.3997
G1 X-2.424 Y4.736 E143.41258
G1 X-2.788 Y4.549 E143.42619
G1 X-3.069 Y4.268 E143.43941
G1 X-3.152 Y4.141 E143.44446
G1 X-5.167 Y0.65 E143.57852
G1 X-5.312 Y0.275 E143.59189
G0 F7200 X-5.322 Y0.075
G0 X-4.523 Y0.031
G1 F3000 E137.09189
G1 F4200 Z1.6
G0 F7200 X-4.523 Y0.031 Z1.6
G0 X-48.491 Y-27.37
;TYPE:FILL
G1 F4200 Z0.6
G1 F3000 E143.59189
G1 F3600 X-55.433 Y-27.369 E143.82279
G1 X-55.533 Y-27.369
G0 F7200 X-55.44 Y-27.422
G0 X-54.908 Y-26.502
G0 X-54.926 Y-26.492
G1 F3600 X-50.407 Y-34.319 E144.12339
G1 X-50.357 Y-34.405
G0 F7200 X-50.358 Y-34.3
G0 X-51.419 Y-34.3
G0 X-51.419 Y-34.319
G1 F3600 X-47.948 Y-28.311 E144.35416
G1 X-47.898 Y-28.225
G0 F7200 X-47.989 Y-28.278
G0 X-47.16 Y-29.825
G0 X-47.142 Y-29.819
G1 F3600 X-56.796 Y-29.82 E144.67526
G1 X-56.896 Y-29.82
G0 F7200 X-56.778 Y-29.824
G0 X-56.323 Y-28.952
G0 X-56.34 Y-28.942
G1 F3600 X-53.235 Y-34.32 E144.8818
G1 X-53.185 Y-34.406
G0 F7200 X-53.186 Y-34.3
G0 X-54.21 Y-34.245
G0 X-54.213 Y-34.264
G1 F3600 X-49.387 Y-25.905 E145.20283
G0 F7200 X-49.705 Y-25.737
G1 F3600 X-47.132 Y-30.194 E145.374
G1 X-47.082 Y-30.28
G0 F7200 X-47.173 Y-30.246
G0 X-48.3 Y-32.26
G0 X-48.283 Y-32.269
G1 F3600 X-55.64 Y-32.269 E145.6187
G0 F7200 X-55.765 Y-32.053
G1 F3600 X-52.086 Y-25.681 E145.86342
G0 F7200 X-52.565 Y-25.681
G1 F3600 X-48.522 Y-32.683 E146.13234
G1 X-48.472 Y-32.769
G0 F7200 X-48.564 Y-32.716
G0 X-49.612 Y-25.776
G0 X-49.574 Y-25.684
;TYPE:WALL-INNER
G1 F4800 X-49.953 Y-25.6 E146.14525
G1 X-53.97 Y-25.601 E146.27886
G1 X-54.258 Y-25.648 E146.28856
G1 X-54.507 Y-25.775 E146.29786
G1 X-54.777 Y-26.075 E146.31128
G1 X-56.768 Y-29.524 E146.44374
G1 X-56.878 Y-29.81 E146.45393
G1 X-56.892 Y-30.099 E146.46356
G1 X-56.772 Y-30.469 E146.47649
G1 X-54.783 Y-33.915 E146.60883
G1 X-54.583 Y-34.164 E146.61945
G1 X-54.349 Y-34.316 E146.62873
G1 X-53.97 Y-34.4 E146.64164
G1 X-49.953 Y-34.399 E146.77525
G1 X-49.665 Y-34.352 E146.78496
G1 X-49.416 Y-34.225 E146.79425
G1 X-49.151 Y-33.932 E146.80739
G1 X-47.155 Y-30.476 E146.94013
G1 X-47.045 Y-30.19 E146.95032
G1 X-47.031 Y-29.901 E146.95995
G1 X-47.151 Y-29.531 E146.97289
G1 X-49.14 Y-26.085 E147.10522
G1 X-49.34 Y-25.836 E147.11584
G1 X-49.574 Y-25.684 E147.12512
G0 F7200 X-49.799 Y-25.208
;TYPE:WALL-OUTER
G1 F2400 X-49.951 Y-25.2 E147.13019
G1 X-54.003 Y-25.201 E147.26496
G1 X-54.383 Y-25.263 E147.27776
G1 X-54.746 Y-25.448 E147.29131
G1 X-55.034 Y-25.736 E147.30486
G1 X-55.113 Y-25.858 E147.3097
G1 X-57.129 Y-29.35 E147.44381
G1 X-57.275 Y-29.73 E147.45734
G1 X-57.295 Y-30.142 E147.47106
G1 X-57.189 Y-30.532 E147.48451
G1 X-57.129 Y-30.65 E147.48891
G1 X-55.113 Y-34.142 E147.62302
G1 X-54.855 Y-34.464 E147.63674
G1 X-54.514 Y-34.686 E147.65028
G1 X-54.124 Y-34.792 E147.66372
G1 X-53.972 Y-34.8 E147.66878
G1 X-49.92 Y-34.799 E147.80355
G1 X-49.54 Y-34.737 E147.81636
G1 X-49.177 Y-34.552 E147.82991
G1 X-48.889 Y-34.264 E147.84345
G1 X-48.815 Y-34.15 E147.84797
G1 X-46.794 Y-30.65 E147.9824
G1 X-46.648 Y-30.27 E147.99594
G1 X-46.628 Y-29.858 E148.00966
G1 X-46.734 Y-29.468 E148.0231
G1 X-46.794 Y-29.35 E148.0275
G1 X-48.81 Y-25.858 E148.16161
G1 X-49.068 Y-25.536 E148.17534
G1 X-49.409 Y-25.314 E148.18887
G1 X-49.799 Y-25.208 E148.20231
G0 F7200 X-49.951 Y-25.2
G0 X-49.999 Y-25.2
G0 X-49.997 Y-26
G1 F3000 E141.70231
G1 F4200 Z1.6
G0 F7200 X-49.995 Y-26 Z1.6
G0 X-50.716 Y25.681
;TYPE:FILL
G1 F4200 Z0.6
G1 F3000 E148.20231
G1 F3600 X-47.598 Y31.082 E148.40974
G0 F7200 X-47.793 Y31.42
G1 F3600 X-56.132 Y31.419 E148.68709
G1 X-56.232 Y31.419
G0 F7200 X-56.139 Y31.366
G0 X-56.672 Y30.443
G0 X-56.689 Y30.453
G1 F3600 X-53.933 Y25.68 E148.87041
G0 F7200 X-53.545 Y25.68
G1 F3600 X-49.011 Y33.532 E149.17198
G0 F7200 X-49.205 Y33.868
G1 F3600 X-54.719 Y33.868 E149.35537
G0 F7200 X-54.245 Y34.268
G1 F3600 X-56.792 Y29.855 E149.52484
G1 X-56.841 Y29.769
G0 F7200 X-56.356 Y28.971
G1 F3600 X-47.567 Y28.97 E149.81717
G0 F7200 X-47.458 Y29.159
G1 F3600 X-50.438 Y34.32 E150.01538
G1 X-50.488 Y34.406
G0 F7200 X-51.388 Y34.32
G1 F3600 X-55.416 Y27.342 E150.28336
G1 X-55.465 Y27.256
G0 F7200 X-54.941 Y26.519
G1 F3600 X-48.982 Y26.52 E150.48156
G0 F7200 X-48.872 Y26.71
G1 F3600 X-53.265 Y34.319 E150.77379
G1 X-53.315 Y34.405
G0 F7200 X-53.314 Y34.3
G0 X-55.258 Y32.893
G0 X-55.276 Y32.903
G1 F3600 X-51.107 Y25.681 E151.05114
G1 X-51.057 Y25.595
G0 F7200 X-51.058 Y25.7
G0 X-49.612 Y34.224
G0 X-49.574 Y34.316
;TYPE:WALL-INNER
G1 F4800 X-49.953 Y34.4 E151.06405
G1 X-53.97 Y34.399 E151.19766
G1 X-54.258 Y34.352 E151.20736
G1 X-54.507 Y34.225 E151.21666
G1 X-54.777 Y33.925 E151.23008
G1 X-56.768 Y30.476 E151.36254
G1 X-56.878 Y30.19 E151.37273
G1 X-56.892 Y29.901 E151.38236
G1 X-56.772 Y29.531 E151.39529
G1 X-54.783 Y26.085 E151.52763
G1 X-54.583 Y25.836 E151.53825
G1 X-54.349 Y25.684 E151.54753
G1 X-53.97 Y25.6 E151.56044
G1 X-49.953 Y25.601 E151.69405
G1 X-49.665 Y25.648 E151.70376
G1 X-49.416 Y25.775 E151.71305
G1 X-49.151 Y26.068 E151.72619
G1 X-47.155 Y29.524 E151.85893
G1 X-47.045 Y29.81 E151.86912
G1 X-47.031 Y30.099 E151.87875
G1 X-47.151 Y30.469 E151.89169
G1 X-49.14 Y33.915 E152.02402
G1 X-49.34 Y34.164 E152.03464
G1 X-49.574 Y34.316 E152.04392
G0 F7200 X-49.799 Y34.792
;TYPE:WALL-OUTER
G1 F2400 X-49.951 Y34.8 E152.04899
G1 X-54.003 Y34.799 E152.18376
G1 X-54.383 Y34.737 E152.19656
G1 X-54.746 Y34.552 E152.21011
G1 X-55.034 Y34.264 E152.22366
G1 X-55.113 Y34.142 E152.22849
G1 X-57.129 Y30.65 E152.36261
G1 X-57.275 Y30.27 E152.37614
G1 X-57.295 Y29.858 E152.38986
G1 X-57.189 Y29.468 E152.40331
G1 X-57.129 Y29.35 E152.40771
G1 X-55.113 Y25.858 E152.54182
G1 X-54.855 Y25.536 E152.55554
G1 X-54.514 Y25.314 E152.56908
G1 X-54.124 Y25.208 E152.58252
G1 X-53.972 Y25.2 E152.58758
G1 X-49.92 Y25.201 E152.72235
G1 X-49.54 Y25.263 E152.73516
G1 X-49.177 Y25.448 E152.74871
G1 X-48.889 Y25.736 E152.76225
G1 X-48.815 Y25.85 E152.76677
G1 X-46.794 Y29.35 E152.9012
G1 X-46.648 Y29.73 E152.91474
G1 X-46.628 Y30.142 E152.92846
G1 X-46.734 Y30.532 E152.9419
G1 X-46.794 Y30.65 E152.9463
G1 X-48.81 Y34.142 E153.08041
G1 X-49.068 Y34.464 E153.09414
G1 X-49.409 Y34.686 E153.10767
G1 X-49.799 Y34.792 E153.12111
G0 F7200 X-49.951 Y34.8
G0 X-49.999 Y34.8
G0 X-49.997 Y34
G1 F3000 E146.62111
G1 F4200 Z1.6
G0 F7200 X-49.995 Y34 Z1.6
G0 X-4.044 Y58.363
;TYPE:FILL
G1 F4200 Z0.6
G1 F3000 E153.12111
G1 F3600 X4.045 Y58.363 E153.39015
G0 F7200 X3.804 Y57.946
G1 F3600 X0.124 Y64.32 E153.63495
G0 F7200 X-.124 Y64.319
G1 F3600 X-3.804 Y57.947 E153.87969
G1 X-3.854 Y57.861
G0 F7200 X-3.763 Y57.914
G0 X-2.566 Y55.926
G0 X-2.581 Y55.913
G1 F3600 X2.563 Y55.913 E154.05078
G0 F7200 X2.259 Y55.724
G1 F3600 X-2.567 Y64.082 E154.37178
G1 X-2.617 Y64.168
G0 F7200 X-2.532 Y64.093
G0 X-3.088 Y63.253
G0 X-3.106 Y63.263
G1 F3600 X3.106 Y63.263 E154.57839
G1 X3.206 Y63.263
G0 F7200 X3.114 Y63.21
G0 X2.559 Y64.082
G0 X2.575 Y64.095
G1 F3600 X-2.254 Y55.733 E154.89956
G1 X-2.304 Y55.647
G0 F7200 X-2.28 Y55.761
G0 X-.544 Y55.7
G0 X-.544 Y55.68
G1 F3600 X-4.013 Y61.691 E155.13039
G1 X-4.062 Y61.777
G0 F7200 X-3.97 Y61.725
G0 X-4.501 Y60.805
G0 X-4.519 Y60.815
G1 F3600 X4.518 Y60.815 E155.43096
G1 X4.618 Y60.815
G0 F7200 X4.527 Y60.762
G0 X3.997 Y61.681
G0 X4.013 Y61.69
G1 F3600 X0.545 Y55.681 E155.66172
G1 X0.496 Y55.595
G0 F7200 X0.495 Y55.7
G0 X2.345 Y64.227
G0 X2.383 Y64.319
;TYPE:WALL-INNER
G1 F4800 X2.009 Y64.4 E155.67445
G1 X-2.007 Y64.399 E155.80802
G1 X-2.297 Y64.351 E155.81779
G1 X-2.549 Y64.222 E155.82721
G1 X-2.817 Y63.922 E155.84059
G1 X-4.805 Y60.478 E155.97285
G1 X-4.916 Y60.189 E155.98315
G1 X-4.932 Y59.908 E155.99251
G1 X-4.81 Y59.531 E156.00569
G1 X-2.822 Y56.086 E156.13798
G1 X-2.622 Y55.837 E156.1486
G1 X-2.383 Y55.681 E156.1581
G1 X-2.009 Y55.6 E156.17082
G1 X2.007 Y55.601 E156.3044
G1 X2.297 Y55.649 E156.31417
G1 X2.549 Y55.778 E156.32359
G1 X2.817 Y56.078 E156.33697
G1 X4.798 Y59.509 E156.46874
G1 X4.917 Y59.814 E156.47963
G1 X4.932 Y60.092 E156.48889
G1 X4.81 Y60.469 E156.50207
G1 X2.822 Y63.914 E156.63436
G1 X2.622 Y64.163 E156.64498
G1 X2.383 Y64.319 E156.65447
G0 F7200 X2.163 Y64.792
;TYPE:WALL-OUTER
G1 F2400 X2.011 Y64.8 E156.65954
G1 X-2.042 Y64.799 E156.79434
G1 X-2.424 Y64.736 E156.80722
G1 X-2.788 Y64.549 E156.82083
G1 X-3.069 Y64.268 E156.83404
G1 X-3.152 Y64.141 E156.83909
G1 X-5.167 Y60.65 E156.97316
G1 X-5.312 Y60.275 E156.98653
G1 X-5.334 Y59.865 E157.00018
G1 X-5.227 Y59.468 E157.01386
G1 X-5.167 Y59.35 E157.01826
G1 X-3.152 Y55.859 E157.15233
G1 X-2.893 Y55.536 E157.1661
G1 X-2.55 Y55.312 E157.17972
G1 X-2.163 Y55.208 E157.19305
G1 X-2.011 Y55.2 E157.19811
G1 X2.042 Y55.201 E157.33292
G1 X2.424 Y55.264 E157.34579
G1 X2.788 Y55.451 E157.35941
G1 X3.069 Y55.732 E157.37262
G1 X3.152 Y55.859 E157.37767
G1 X5.162 Y59.341 E157.51139
G1 X5.312 Y59.725 E157.5251
G1 X5.334 Y60.135 E157.53876
G1 X5.227 Y60.532 E157.55243
G1 X5.167 Y60.65 E157.55684
G1 X3.152 Y64.141 E157.6909
G1 X2.893 Y64.464 E157.70467
G1 X2.55 Y64.688 E157.7183
G1 X2.163 Y64.792 E157.73163
G0 F7200 X2.011 Y64.8
G0 X1.963 Y64.8
G0 X1.964 Y64
G1 F3000 E151.23163
G1 F4200 Z1.6
G0 F7200 X1.964 Y64 Z1.6
G0 X49.204 Y33.868
;TYPE:FILL
G1 F4200 Z0.6
G1 F3000 E157.73163
G1 F3600 X54.718 Y33.868 E157.91502
G0 F7200 X54.253 Y34.255
G1 F3600 X56.799 Y29.845 E158.08439
G0 F7200 X56.689 Y30.452
G1 F3600 X53.934 Y25.681 E158.26763
G0 F7200 X53.545 Y25.681
G1 F3600 X49.011 Y33.533 E158.5692
G1 X48.961 Y33.619
G0 F7200 X49.054 Y33.566
G0 X50.438 Y34.3
G0 X50.438 Y34.319
G1 F3600 X47.458 Y29.16 E158.76736
G0 F7200 X47.567 Y28.97
G1 F3600 X56.356 Y28.971 E159.05968
G1 X56.456 Y28.971
G0 F7200 X56.364 Y29.024
G0 X55.399 Y27.352
G0 X55.416 Y27.343
G1 F3600 X51.388 Y34.319 E159.32761
G1 X51.338 Y34.405
G0 F7200 X51.339 Y34.3
G0 X53.266 Y34.3
G0 X53.266 Y34.32
G1 F3600 X48.872 Y26.709 E159.61991
G0 F7200 X48.981 Y26.52
G1 F3600 X54.941 Y26.519 E159.81814
G1 X55.041 Y26.519
G0 F7200 X54.948 Y26.572
G0 X51.107 Y25.7
G0 X51.107 Y25.68
G1 F3600 X55.275 Y32.902 E160.09547
G1 X55.324 Y32.988
G0 F7200 X55.234 Y32.935
G0 X56.115 Y31.409
G0 X56.131 Y31.419
G1 F3600 X47.792 Y31.42 E160.37283
G0 F7200 X47.598 Y31.083
G1 F3600 X50.717 Y25.68 E160.58033
G1 X50.767 Y25.594
G0 F7200 X50.766 Y25.7
G0 X54.311 Y34.224
G0 X54.349 Y34.316
;TYPE:WALL-INNER
G1 F4800 X53.97 Y34.4 E160.59324
G1 X49.953 Y34.399 E160.72685
G1 X49.665 Y34.352 E160.73655
G1 X49.416 Y34.225 E160.74585
G1 X49.146 Y33.925 E160.75927
G1 X47.155 Y30.476 E160.89173
G1 X47.045 Y30.19 E160.90192
G1 X47.031 Y29.901 E160.91154
G1 X47.151 Y29.531 E160.92448
G1 X49.14 Y26.085 E161.05682
G1 X49.34 Y25.836 E161.06744
G1 X49.574 Y25.684 E161.07672
G1 X49.953 Y25.6 E161.08963
G1 X53.97 Y25.601 E161.22324
G1 X54.258 Y25.648 E161.23294
G1 X54.507 Y25.775 E161.24224
G1 X54.772 Y26.068 E161.25538
G1 X56.768 Y29.524 E161.38812
G1 X56.878 Y29.81 E161.39831
G1 X56.892 Y30.099 E161.40794
G1 X56.772 Y30.469 E161.42087
G1 X54.783 Y33.915 E161.55321
G1 X54.583 Y34.164 E161.56383
G1 X54.349 Y34.316 E161.57311
G0 F7200 X54.124 Y34.792
;TYPE:WALL-OUTER
G1 F2400 X53.972 Y34.8 E161.57817
G1 X49.92 Y34.799 E161.71294
G1 X49.54 Y34.737 E161.72575
G1 X49.177 Y34.552 E161.7393
G1 X48.889 Y34.264 E161.75285
G1 X48.81 Y34.142 E161.75768
G1 X46.794 Y30.65 E161.89179
G1 X46.648 Y30.27 E161.90533
G1 X46.628 Y29.858 E161.91905
G1 X46.734 Y29.468 E161.93249
G1 X46.794 Y29.35 E161.9369
G1 X48.81 Y25.858 E162.07101
G1 X49.068 Y25.536 E162.08473
G1 X49.409 Y25.314 E162.09826
G1 X49.799 Y25.208 E162.11171
G1 X49.951 Y25.2 E162.11677
G1 X54.003 Y25.201 E162.25154
G1 X54.383 Y25.263 E162.26434
G1 X54.746 Y25.448 E162.27789
G1 X55.034 Y25.736 E162.29144
G1 X55.108 Y25.85 E162.29596
G1 X57.129 Y29.35 E162.43039
G1 X57.275 Y29.73 E162.44393
G1 X57.295 Y30.142 E162.45764
G1 X57.189 Y30.532 E162.47109
G1 X57.129 Y30.65 E162.47549
G1 X55.113 Y34.142 E162.6096
G1 X54.855 Y34.464 E162.62332
G1 X54.514 Y34.686 E162.63686
G1 X54.124 Y34.792 E162.6503
G0 F7200 X53.972 Y34.8
G0 X53.924 Y34.8
G0 X53.926 Y34
G1 F3000 E156.1503
G1 F4200 Z1.6
G0 F7200 X53.928 Y34 Z1.6
G0 X52.565 Y-25.68
;TYPE:FILL
G1 F4200 Z0.6
G1 F3000 E162.6503
G1 F3600 X48.522 Y-32.683 E162.91925
G0 F7200 X48.283 Y-32.269
G1 F3600 X55.64 Y-32.269 E163.16394
G0 F7200 X55.765 Y-32.053
G1 F3600 X52.086 Y-25.68 E163.4087
G1 X52.036 Y-25.594
G0 F7200 X52.037 Y-25.7
G0 X49.718 Y-25.74
G0 X49.714 Y-25.721
G1 F3600 X47.141 Y-30.178 E163.57986
G0 F7200 X47.127 Y-29.819
G1 F3600 X56.781 Y-29.82 E163.90096
G1 X56.881 Y-29.82
G0 F7200 X56.773 Y-29.855
G0 X56.323 Y-28.952
G0 X56.339 Y-28.942
G1 F3600 X53.235 Y-34.319 E164.10746
G1 X53.185 Y-34.405
G0 F7200 X53.184 Y-34.3
G0 X54.217 Y-34.258
G0 X54.221 Y-34.277
G1 F3600 X49.395 Y-25.918 E164.42849
G1 X49.345 Y-25.832
G0 F7200 X49.43 Y-25.907
G0 X48.508 Y-27.38
G0 X48.49 Y-27.37
G1 F3600 X55.432 Y-27.369 E164.65938
G1 X55.532 Y-27.369
G0 F7200 X55.441 Y-27.423
G0 X54.909 Y-26.503
G0 X54.926 Y-26.492
G1 F3600 X50.406 Y-34.32 E164.96003
G1 X50.356 Y-34.406
G0 F7200 X50.355 Y-34.3
G0 X51.418 Y-34.3
G0 X51.418 Y-34.32
G1 F3600 X47.948 Y-28.31 E165.19084
G1 X47.898 Y-28.224
G0 F7200 X47.99 Y-28.277
G0 X54.311 Y-25.776
G0 X54.349 Y-25.684
;TYPE:WALL-INNER
G1 F4800 X53.97 Y-25.6 E165.20376
G1 X49.953 Y-25.601 E165.33736
G1 X49.665 Y-25.648 E165.34707
G1 X49.416 Y-25.775 E165.35636
G1 X49.146 Y-26.075 E165.36979
G1 X47.155 Y-29.524 E165.50224
G1 X47.045 Y-29.81 E165.51244
G1 X47.031 Y-30.099 E165.52206
G1 X47.151 Y-30.469 E165.535
G1 X49.14 Y-33.915 E165.66733
G1 X49.34 Y-34.164 E165.67796
G1 X49.574 Y-34.316 E165.68724
G1 X49.953 Y-34.4 E165.70015
G1 X53.97 Y-34.399 E165.83375
G1 X54.258 Y-34.352 E165.84346
G1 X54.507 Y-34.225 E165.85276
G1 X54.772 Y-33.932 E165.8659
G1 X56.768 Y-30.476 E165.99864
G1 X56.878 Y-30.19 E166.00883
G1 X56.892 Y-29.901 E166.01845
G1 X56.772 Y-29.531 E166.03139
G1 X54.783 Y-26.085 E166.16373
G1 X54.583 Y-25.836 E166.17435
G1 X54.349 Y-25.684 E166.18363
G0 F7200 X54.124 Y-25.208
;TYPE:WALL-OUTER
G1 F2400 X53.972 Y-25.2 E166.18869
G1 X49.92 Y-25.201 E166.32346
G1 X49.54 Y-25.263 E166.33627
G1 X49.177 Y-25.448 E166.34982
G1 X48.889 Y-25.736 E166.36337
G1 X48.81 Y-25.858 E166.3682
G1 X46.794 Y-29.35 E166.50231
G1 X46.648 Y-29.73 E166.51585
G1 X46.628 Y-30.142 E166.52957
G1 X46.734 Y-30.532 E166.54301
G1 X46.794 Y-30.65 E166.54741
G1 X48.81 Y-34.142 E166.68152
G1 X49.068 Y-34.464 E166.69525
G1 X49.409 Y-34.686 E166.70878
G1 X49.799 Y-34.792 E166.72222
G1 X49.951 Y-34.8 E166.72729
G1 X54.003 Y-34.799 E166.86206
G1 X54.383 Y-34.737 E166.87486
G1 X54.746 Y-34.552 E166.88841
G1 X55.034 Y-34.264 E166.90196
G1 X55.108 Y-34.15 E166.90648
G1 X57.129 Y-30.65 E167.0409
G1 X57.275 Y-30.27 E167.05444
G1 X57.295 Y-29.858 E167.06816
G1 X57.189 Y-29.468 E167.0816
G1 X57.129 Y-29.35 E167.08601
G1 X55.113 Y-25.858 E167.22012
G1 X54.855 Y-25.536 E167.23384
G1 X54.514 Y-25.314 E167.24737
G1 X54.124 Y-25.208 E167.26082
G0 F7200 X53.972 Y-25.2
G0 X53.924 Y-25.2
G0 X53.926 Y-26
G1 F3000 E160.76082
G1 F4200 Z1.6
G0 F7200 X53.928 Y-26 Z1.6
G0 X3.12 Y-56.762
;TYPE:FILL
G1 F4200 Z0.6
G1 F3000 E167.26082
G1 F3600 X-3.121 Y-56.762 E167.46839
G0 F7200 X-3.314 Y-57.098
G1 F3600 X0.856 Y-64.319 E167.74573
G1 X0.906 Y-64.405
G0 F7200 X0.905 Y-64.3
G0 X1.973 Y-64.3
G0 X1.973 Y-64.319
G1 F3600 X4.727 Y-59.547 E167.92899
G0 F7200 X4.535 Y-59.213
G1 F3600 X-4.535 Y-59.213 E168.23066
G0 F7200 X-4.728 Y-59.547
G1 F3600 X-1.972 Y-64.32 E168.41397
G0 F7200 X-2.553 Y-64.113
G1 F3600 X2.54 Y-64.113 E168.58336
G1 X2.64 Y-64.113
G0 F7200 X3.09 Y-63.292
G1 F3600 X-1.305 Y-55.681 E168.87568
G0 F7200 X-1.525 Y-55.681
G1 F3600 X-4.503 Y-60.841 E169.07384
G1 X-4.552 Y-60.927
G0 F7200 X-4.028 Y-61.664
G1 F3600 X4.029 Y-61.664 E169.34181
G1 X4.129 Y-61.664
G0 F7200 X4.504 Y-60.841
G1 F3600 X1.525 Y-55.68 E169.54001
G0 F7200 X1.305 Y-55.68
G1 F3600 X-3.09 Y-63.291 E169.83233
G1 X-3.14 Y-63.377
G0 F7200 X-3.048 Y-63.324
G0 X-.856 Y-64.3
G0 X-.856 Y-64.32
G1 F3600 X3.314 Y-57.099 E170.10967
G1 X3.364 Y-57.013
G0 F7200 X3.273 Y-57.066
G0 X2.345 Y-55.773
G0 X2.383 Y-55.681
;TYPE:WALL-INNER
G1 F4800 X2.009 Y-55.6 E170.1224
G1 X-2.007 Y-55.601 E170.25597
G1 X-2.297 Y-55.649 E170.26575
G1 X-2.549 Y-55.778 E170.27516
G1 X-2.817 Y-56.078 E170.28854
G1 X-4.805 Y-59.522 E170.42081
G1 X-4.916 Y-59.811 E170.4311
G1 X-4.932 Y-60.092 E170.44046
G1 X-4.81 Y-60.469 E170.45364
G1 X-2.822 Y-63.914 E170.58593
G1 X-2.622 Y-64.163 E170.59656
G1 X-2.383 Y-64.319 E170.60605
G1 X-2.009 Y-64.4 E170.61878
G1 X2.007 Y-64.399 E170.75235
G1 X2.297 Y-64.351 E170.76213
G1 X2.549 Y-64.222 E170.77154
G1 X2.817 Y-63.922 E170.78492
G1 X4.798 Y-60.491 E170.91669
G1 X4.917 Y-60.186 E170.92758
G1 X4.932 Y-59.908 E170.93684
G1 X4.81 Y-59.531 E170.95002
G1 X2.822 Y-56.086 E171.08231
G1 X2.622 Y-55.837 E171.09293
G1 X2.383 Y-55.681 E171.10243
G0 F7200 X2.163 Y-55.208
;TYPE:WALL-OUTER
G1 F2400 X2.011 Y-55.2 E171.10749
G1 X-2.042 Y-55.201 E171.24229
G1 X-2.424 Y-55.264 E171.25517
G1 X-2.788 Y-55.451 E171.26878
G1 X-3.069 Y-55.732 E171.282
G1 X-3.152 Y-55.859 E171.28704
G1 X-5.167 Y-59.35 E171.42111
G1 X-5.312 Y-59.725 E171.43448
G1 X-5.334 Y-60.135 E171.44814
G1 X-5.227 Y-60.532 E171.46181
G1 X-5.167 Y-60.65 E171.46622
G1 X-3.152 Y-64.141 E171.60028
G1 X-2.893 Y-64.464 E171.61405
G1 X-2.55 Y-64.688 E171.62768
G1 X-2.163 Y-64.792 E171.641
G1 X-2.011 Y-64.8 E171.64607
G1 X2.042 Y-64.799 E171.78087
G1 X2.424 Y-64.736 E171.79375
G1 X2.788 Y-64.549 E171.80736
G1 X3.069 Y-64.268 E171.82058
G1 X3.152 Y-64.141 E171.82562
G1 X5.162 Y-60.659 E171.95934
G1 X5.312 Y-60.275 E171.97306
G1 X5.334 Y-59.865 E171.98671
G1 X5.227 Y-59.468 E172.00039
G1 X5.167 Y-59.35 E172.00479
G1 X3.152 Y-55.859 E172.13886
G1 X2.893 Y-55.536 E172.15263
G1 X2.55 Y-55.312 E172.16625
G1 X2.163 Y-55.208 E172.17958
G0 F7200 X2.011 Y-55.2
G0 X1.963 Y-55.2
G0 X1.964 Y-56
G1 F3000 E165.67958
G1 F4200 Z1.6
;MESH:NONMESH
G0 F7200 X1.964 Y-56 Z1.6
G0 X-.431 Y1.887
;TIME_ELAPSED:144.544107
;LAYER:3
;MESH:deltaCalPrint60.stl
G0 X-.431 Y1.887 Z1.8
;TYPE:FILL
G1 F4200 Z0.8
G1 F3000 E172.17958
G1 F3600 X0.431 Y1.887 E172.20825
G1 X0.442 Y1.889
G1 X3.899 Y1.889 E172.32323
G0 F7200 X3.583 Y2.436
G1 F3600 X1.855 Y-.556 E172.43815
G1 X1.85 Y-.573
G1 X-.315 Y-4.32 E172.58208
G0 F7200 X0.315 Y-4.32
G1 F3600 X-1.849 Y-.573 E172.726
G1 X-1.855 Y-.557
G1 X-3.584 Y2.435 E172.84093
G0 F7200 X-3.899 Y1.889
G1 F3600 X-.442 Y1.889 E172.95591
G1 X-.342 Y1.889
G0 F7200 X-.993 Y4.3
G0 X-.993 Y4.32
G1 F3600 X-3.809 Y-.556 E173.14319
G1 X-3.814 Y-.573
G1 X-4.236 Y-1.304 E173.17127
G1 X-4.286 Y-1.39
G0 F7200 X-4.663 Y-.565
G1 F3600 X4.664 Y-.565 E173.48148
G1 X4.764 Y-.565
G0 F7200 X3.815 Y-.573
G1 F3600 X4.237 Y-1.304 E173.50956
G1 X4.287 Y-1.39
G0 F7200 X3.809 Y-.557
G1 F3600 X0.993 Y4.32 E173.69687
G1 X0.943 Y4.406
G0 F7200 X1.842 Y4.32
G1 F3600 X-2.821 Y-3.756 E174.00703
G1 X-2.871 Y-3.842
G0 F7200 X-2.401 Y-3.022
G1 F3600 X-3.245 Y-3.022 E174.03511
G1 X-3.345 Y-3.022
G0 F7200 X-2.39 Y-3.02
G1 F3600 X2.39 Y-3.02 E174.19409
G1 X2.401 Y-3.022
G1 X3.246 Y-3.022 E174.22219
G1 X3.346 Y-3.022
G0 F7200 X2.821 Y-3.757
G1 F3600 X-1.842 Y4.32 E174.53239
G1 X-1.892 Y4.406
G0 F7200 X-1.892 Y4.3
G0 X-4.819 Y0.168
G0 X-4.916 Y0.189
;TYPE:WALL-INNER
G1 F4800 X-4.932 Y-0.092 E174.54175
G1 X-4.81 Y-.469 E174.55493
G1 X-2.822 Y-3.914 E174.68722
G1 X-2.622 Y-4.163 E174.69784
G1 X-2.383 Y-4.319 E174.70734
G1 X-2.009 Y-4.4 E174.72006
G1 X1.982 Y-4.4 E174.85281
G1 X2.297 Y-4.351 E174.86341
G1 X2.549 Y-4.222 E174.87282
G1 X2.817 Y-3.922 E174.8862
G1 X4.798 Y-.491 E175.01798
G1 X4.917 Y-.186 E175.02886
G1 X4.932 Y0.092 E175.03812
G1 X4.81 Y0.469 E175.0513
G1 X2.822 Y3.914 E175.18359
G1 X2.622 Y4.163 E175.19422
G1 X2.383 Y4.319 E175.20371
G1 X2.009 Y4.4 E175.21644
G1 X-1.982 Y4.4 E175.34918
G1 X-2.297 Y4.351 E175.35978
G1 X-2.549 Y4.222 E175.3692
G1 X-2.817 Y3.922 E175.38258
G1 X-4.805 Y0.478 E175.51484
G1 X-4.916 Y0.189 E175.52514
G0 F7200 X-5.312 Y0.275
;TYPE:WALL-OUTER
G1 F2400 X-5.334 Y-.135 E175.53879
G1 X-5.227 Y-.532 E175.55247
G1 X-5.167 Y-.65 E175.55687
G1 X-3.152 Y-4.141 E175.69094
G1 X-2.893 Y-4.464 E175.70471
G1 X-2.55 Y-4.688 E175.71833
G1 X-2.163 Y-4.792 E175.73166
G1 X-2.011 Y-4.8 E175.73672
G1 X2.011 Y-4.8 E175.87049
G1 X2.424 Y-4.736 E175.88439
G1 X2.788 Y-4.549 E175.89801
G1 X3.069 Y-4.268 E175.91122
G1 X3.152 Y-4.141 E175.91627
G1 X5.162 Y-.659 E176.04999
G1 X5.312 Y-.275 E176.0637
G1 X5.334 Y0.135 E176.07736
G1 X5.227 Y0.532 E176.09103
G1 X5.167 Y0.65 E176.09544
G1 X3.152 Y4.141 E176.2295
G1 X2.893 Y4.464 E176.24327
G1 X2.55 Y4.688 E176.2569
G1 X2.163 Y4.792 E176.27023
G1 X2.011 Y4.8 E176.27529
G1 X-2.011 Y4.8 E176.40906
G1 X-2.424 Y4.736 E176.42296
G1 X-2.788 Y4.549 E176.43657
G1 X-3.069 Y4.268 E176.44979
G1 X-3.152 Y4.141 E176.45484
G1 X-5.167 Y0.65 E176.5889
G1 X-5.312 Y0.275 E176.60227
G0 F7200 X-5.322 Y0.075
G0 X-4.523 Y0.031
G1 F3000 E170.10227
G1 F4200 Z1.8
G0 F7200 X-4.523 Y0.031 Z1.8
G0 X-48.409 Y-27.512
;TYPE:FILL
G1 F4200 Z0.8
G1 F3000 E176.60227
G1 F3600 X-55.514 Y-27.511 E176.83859
G1 X-55.614 Y-27.511
G0 F7200 X-55.521 Y-27.564
G0 X-54.827 Y-26.361
G0 X-54.845 Y-26.351
G1 F3600 X-50.244 Y-34.32 E177.14464
G1 X-50.194 Y-34.406
G0 F7200 X-50.194 Y-34.3
G0 X-51.582 Y-34.3
G0 X-51.582 Y-34.32
G1 F3600 X-48.03 Y-28.169 E177.38089
G1 X-47.98 Y-28.083
G0 F7200 X-48.071 Y-28.136
G0 X-47.134 Y-29.939
G0 X-47.114 Y-29.939
G1 F3600 X-49.48 Y-25.842 E177.53824
G1 X-49.506 Y-25.825
G1 X-54.351 Y-34.217 E177.86054
G1 X-54.401 Y-34.303
G0 F7200 X-54.338 Y-34.205
G0 X-53.072 Y-34.3
G0 X-53.072 Y-34.32
G1 F3600 X-56.259 Y-28.801 E178.07251
G1 X-56.309 Y-28.715
G0 F7200 X-56.216 Y-28.768
G0 X-56.785 Y-29.962
G0 X-56.804 Y-29.962
G1 F3600 X-47.115 Y-29.961 E178.39477
G1 X-47.015 Y-29.961
G0 F7200 X-47.134 Y-29.957
G0 X-48.382 Y-32.402
G0 X-48.365 Y-32.411
G1 F3600 X-55.559 Y-32.411 E178.63404
G0 F7200 X-55.847 Y-31.911
G1 F3600 X-52.25 Y-25.68 E178.87334
G1 X-52.401 Y-25.68
G1 X-48.439 Y-32.541 E179.13685
G1 X-48.389 Y-32.627
G0 F7200 X-48.482 Y-32.574
G0 X-49.612 Y-25.776
G0 X-49.574 Y-25.684
;TYPE:WALL-INNER
G1 F4800 X-49.953 Y-25.6 E179.14976
G1 X-53.944 Y-25.6 E179.2825
G1 X-54.258 Y-25.648 E179.29307
G1 X-54.507 Y-25.775 E179.30237
G1 X-54.777 Y-26.075 E179.31579
G1 X-56.768 Y-29.524 E179.44825
G1 X-56.878 Y-29.81 E179.45844
G1 X-56.892 Y-30.099 E179.46806
G1 X-56.772 Y-30.469 E179.481
G1 X-54.783 Y-33.915 E179.61333
G1 X-54.583 Y-34.164 E179.62396
G1 X-54.349 Y-34.316 E179.63324
G1 X-53.97 Y-34.4 E179.64615
G1 X-49.979 Y-34.4 E179.77889
G1 X-49.665 Y-34.352 E179.78946
G1 X-49.416 Y-34.225 E179.79875
G1 X-49.151 Y-33.932 E179.81189
G1 X-47.155 Y-30.476 E179.94463
G1 X-47.045 Y-30.19 E179.95482
G1 X-47.031 Y-29.901 E179.96445
G1 X-47.151 Y-29.531 E179.97738
G1 X-49.14 Y-26.085 E180.10972
G1 X-49.34 Y-25.836 E180.12034
G1 X-49.574 Y-25.684 E180.12962
G0 F7200 X-49.799 Y-25.208
;TYPE:WALL-OUTER
G1 F2400 X-49.951 Y-25.2 E180.13469
G1 X-53.972 Y-25.2 E180.26843
G1 X-54.383 Y-25.263 E180.28226
G1 X-54.746 Y-25.448 E180.29581
G1 X-55.034 Y-25.736 E180.30935
G1 X-55.113 Y-25.858 E180.31419
G1 X-57.129 Y-29.35 E180.4483
G1 X-57.275 Y-29.73 E180.46184
G1 X-57.295 Y-30.142 E180.47556
G1 X-57.189 Y-30.532 E180.489
G1 X-57.129 Y-30.65 E180.4934
G1 X-55.113 Y-34.142 E180.62751
G1 X-54.855 Y-34.464 E180.64123
G1 X-54.514 Y-34.686 E180.65477
G1 X-54.124 Y-34.792 E180.66821
G1 X-53.972 Y-34.8 E180.67327
G1 X-49.951 Y-34.8 E180.80701
G1 X-49.54 Y-34.737 E180.82084
G1 X-49.177 Y-34.552 E180.83439
G1 X-48.889 Y-34.264 E180.84794
G1 X-48.815 Y-34.15 E180.85246
G1 X-46.794 Y-30.65 E180.98688
G1 X-46.648 Y-30.27 E181.00042
G1 X-46.628 Y-29.858 E181.01414
G1 X-46.734 Y-29.468 E181.02758
G1 X-46.794 Y-29.35 E181.03199
G1 X-48.81 Y-25.858 E181.1661
G1 X-49.068 Y-25.536 E181.17982
G1 X-49.409 Y-25.314 E181.19335
G1 X-49.799 Y-25.208 E181.2068
G0 F7200 X-49.951 Y-25.2
G0 X-49.999 Y-25.2
G0 X-49.998 Y-26
G1 F3000 E174.7068
G1 F4200 Z1.8
G0 F7200 X-49.996 Y-26 Z1.8
G0 X-50.88 Y25.68
;TYPE:FILL
G1 F4200 Z0.8
G1 F3000 E181.2068
G1 F3600 X-47.679 Y31.224 E181.41972
G1 X-47.711 Y31.278
G1 X-56.213 Y31.278 E181.7025
G0 F7200 X-56.608 Y30.595
G1 F3600 X-53.77 Y25.68 E181.89127
G1 X-53.711 Y25.68
G1 X-49.094 Y33.676 E182.19836
G1 X-49.123 Y33.727
G1 X-54.8 Y33.726 E182.38718
G0 F7200 X-54.493 Y34.121
G1 F3600 X-56.8 Y30.125 E182.54065
G1 X-56.85 Y30.039
G0 F7200 X-56.785 Y30.037
G0 X-56.258 Y28.839
G0 X-56.274 Y28.829
G1 F3600 X-47.649 Y28.828 E182.82752
G0 F7200 X-47.377 Y29.3
G1 F3600 X-50.276 Y34.32 E183.02032
G1 X-50.326 Y34.406
G0 F7200 X-50.326 Y34.3
G0 X-51.553 Y34.3
G0 X-51.553 Y34.32
G1 F3600 X-55.499 Y27.485 E183.28282
G1 X-55.549 Y27.399
G0 F7200 X-55.458 Y27.453
G0 X-54.844 Y26.389
G0 X-54.86 Y26.378
G1 F3600 X-49.064 Y26.379 E183.4756
G0 F7200 X-48.79 Y26.852
G1 F3600 X-53.102 Y34.32 E183.76242
G1 X-53.152 Y34.406
G0 F7200 X-53.152 Y34.3
G0 X-55.176 Y33.034
G0 X-55.194 Y33.044
G1 F3600 X-50.943 Y25.68 E184.04522
G1 X-50.893 Y25.594
G0 F7200 X-50.893 Y25.7
G0 X-49.612 Y34.224
G0 X-49.574 Y34.316
;TYPE:WALL-INNER
G1 F4800 X-49.953 Y34.4 E184.05814
G1 X-53.944 Y34.4 E184.19088
G1 X-54.258 Y34.352 E184.20144
G1 X-54.507 Y34.225 E184.21074
G1 X-54.777 Y33.925 E184.22416
G1 X-56.768 Y30.476 E184.35662
G1 X-56.878 Y30.19 E184.36681
G1 X-56.892 Y29.901 E184.37643
G1 X-56.772 Y29.531 E184.38937
G1 X-54.783 Y26.085 E184.52171
G1 X-54.583 Y25.836 E184.53233
G1 X-54.349 Y25.684 E184.54161
G1 X-53.97 Y25.6 E184.55452
G1 X-49.979 Y25.6 E184.68726
G1 X-49.665 Y25.648 E184.69783
G1 X-49.416 Y25.775 E184.70713
G1 X-49.151 Y26.068 E184.72027
G1 X-47.155 Y29.524 E184.85301
G1 X-47.045 Y29.81 E184.8632
G1 X-47.031 Y30.099 E184.87282
G1 X-47.151 Y30.469 E184.88576
G1 X-49.14 Y33.915 E185.01809
G1 X-49.34 Y34.164 E185.02872
G1 X-49.574 Y34.316 E185.038
G0 F7200 X-49.799 Y34.792
;TYPE:WALL-OUTER
G1 F2400 X-49.951 Y34.8 E185.04306
G1 X-53.972 Y34.8 E185.1768
G1 X-54.383 Y34.737 E185.19063
G1 X-54.746 Y34.552 E185.20418
G1 X-55.034 Y34.264 E185.21773
G1 X-55.113 Y34.142 E185.22256
G1 X-57.129 Y30.65 E185.35667
G1 X-57.275 Y30.27 E185.37021
G1 X-57.295 Y29.858 E185.38393
G1 X-57.189 Y29.468 E185.39737
G1 X-57.129 Y29.35 E185.40177
G1 X-55.113 Y25.858 E185.53589
G1 X-54.855 Y25.536 E185.54961
G1 X-54.514 Y25.314 E185.56314
G1 X-54.124 Y25.208 E185.57658
G1 X-53.972 Y25.2 E185.58165
G1 X-49.951 Y25.2 E185.71539
G1 X-49.54 Y25.263 E185.72922
G1 X-49.177 Y25.448 E185.74277
G1 X-48.889 Y25.736 E185.75631
G1 X-48.815 Y25.85 E185.76083
G1 X-46.794 Y29.35 E185.89526
G1 X-46.648 Y29.73 E185.9088
G1 X-46.628 Y30.142 E185.92252
G1 X-46.734 Y30.532 E185.93596
G1 X-46.794 Y30.65 E185.94036
G1 X-48.81 Y34.142 E186.07447
G1 X-49.068 Y34.464 E186.08819
G1 X-49.409 Y34.686 E186.10173
G1 X-49.799 Y34.792 E186.11517
G0 F7200 X-49.951 Y34.8
G0 X-49.999 Y34.8
G0 X-49.998 Y34
G1 F3000 E179.61517
G1 F4200 Z1.8
G0 F7200 X-49.996 Y34 Z1.8
G0 X-3.962 Y58.221
;TYPE:FILL
G1 F4200 Z0.8
G1 F3000 E186.11517
G1 F3600 X3.963 Y58.221 E186.37876
G1 X3.887 Y58.088
G1 X0.288 Y64.32 E186.61812
G0 F7200 X-.288 Y64.32
G1 F3600 X-3.886 Y58.089 E186.85743
G1 X-3.936 Y58.003
G0 F7200 X-3.845 Y58.056
G0 X-4.582 Y60.664
G0 X-4.6 Y60.674
G1 F3600 X4.6 Y60.674 E187.16342
G1 X4.7 Y60.674
G0 F7200 X4.608 Y60.621
G0 X3.916 Y61.821
G0 X3.932 Y61.831
G1 F3600 X0.381 Y55.68 E187.39965
G0 F7200 X-.38 Y55.68
G1 F3600 X-3.932 Y61.833 E187.63595
G1 X-3.982 Y61.919
G0 F7200 X-3.889 Y61.866
G0 X-3.17 Y63.112
G0 X-3.188 Y63.122
G1 F3600 X3.187 Y63.122 E187.84798
G1 X3.287 Y63.122
G0 F7200 X3.196 Y63.069
G0 X2.447 Y64.159
G0 X2.457 Y64.176
G1 F3600 X-2.391 Y55.781 E188.17042
G1 X-2.376 Y55.771
G1 X2.362 Y55.771 E188.328
G1 X2.388 Y55.785
G1 X-2.458 Y64.179 E188.65038
G1 X-2.508 Y64.265
G0 F7200 X-2.454 Y64.159
G0 X1.999 Y64.301
G0 X2.009 Y64.4
;TYPE:WALL-INNER
G1 F4800 X-1.982 Y64.4 E188.78312
G1 X-2.297 Y64.351 E188.79372
G1 X-2.549 Y64.222 E188.80314
G1 X-2.817 Y63.922 E188.81652
G1 X-4.805 Y60.478 E188.94878
G1 X-4.916 Y60.189 E188.95907
G1 X-4.932 Y59.908 E188.96844
G1 X-4.81 Y59.531 E188.98161
G1 X-2.822 Y56.086 E189.11391
G1 X-2.622 Y55.837 E189.12453
G1 X-2.383 Y55.681 E189.13402
G1 X-2.009 Y55.6 E189.14675
G1 X1.982 Y55.6 E189.27949
G1 X2.297 Y55.649 E189.29009
G1 X2.549 Y55.778 E189.29951
G1 X2.817 Y56.078 E189.31289
G1 X4.798 Y59.509 E189.44466
G1 X4.917 Y59.814 E189.45555
G1 X4.932 Y60.092 E189.46481
G1 X4.81 Y60.469 E189.47799
G1 X2.822 Y63.914 E189.61028
G1 X2.622 Y64.163 E189.6209
G1 X2.383 Y64.319 E189.63039
G1 X2.009 Y64.4 E189.64312
G0 F7200 X2.163 Y64.792
;TYPE:WALL-OUTER
G1 F2400 X2.011 Y64.8 E189.64818
G1 X-2.011 Y64.8 E189.78196
G1 X-2.424 Y64.736 E189.79586
G1 X-2.788 Y64.549 E189.80947
G1 X-3.069 Y64.268 E189.82268
G1 X-3.152 Y64.141 E189.82773
G1 X-5.167 Y60.65 E189.9618
G1 X-5.312 Y60.275 E189.97517
G1 X-5.334 Y59.865 E189.98882
G1 X-5.227 Y59.468 E190.0025
G1 X-5.167 Y59.35 E190.0069
G1 X-3.152 Y55.859 E190.14097
G1 X-2.893 Y55.536 E190.15474
G1 X-2.55 Y55.312 E190.16836
G1 X-2.163 Y55.208 E190.18169
G1 X-2.011 Y55.2 E190.18675
G1 X2.011 Y55.2 E190.32053
G1 X2.424 Y55.264 E190.33443
G1 X2.788 Y55.451 E190.34804
G1 X3.069 Y55.732 E190.36125
G1 X3.152 Y55.859 E190.3663
G1 X5.162 Y59.341 E190.50002
G1 X5.312 Y59.725 E190.51374
G1 X5.334 Y60.135 E190.52739
G1 X5.227 Y60.532 E190.54107
G1 X5.167 Y60.65 E190.54547
G1 X3.152 Y64.141 E190.67953
G1 X2.893 Y64.464 E190.6933
G1 X2.55 Y64.688 E190.70693
G1 X2.163 Y64.792 E190.72026
G0 F7200 X2.011 Y64.8
G0 X1.963 Y64.8
G0 X1.963 Y64
G1 F3000 E184.22026
G1 F4200 Z1.8
G0 F7200 X1.963 Y64 Z1.8
G0 X49.123 Y33.727
;TYPE:FILL
G1 F4200 Z0.8
G1 F3000 E190.72026
G1 F3600 X54.8 Y33.726 E190.90908
G0 F7200 X54.489 Y34.128
G1 F3600 X56.796 Y30.133 E191.06251
G0 F7200 X56.607 Y30.594
G1 F3600 X53.77 Y25.68 E191.25124
G1 X53.709 Y25.68
G1 X49.093 Y33.675 E191.55829
G1 X49.043 Y33.761
G0 F7200 X49.136 Y33.708
G0 X50.276 Y34.3
G0 X50.276 Y34.32
G1 F3600 X47.377 Y29.3 E191.7511
G0 F7200 X47.649 Y28.828
G1 F3600 X56.274 Y28.829 E192.03797
G1 X56.374 Y28.829
G0 F7200 X56.282 Y28.882
G0 X55.481 Y27.494
G0 X55.498 Y27.485
G1 F3600 X51.552 Y34.32 E192.30047
G1 X51.502 Y34.406
G0 F7200 X51.502 Y34.3
G0 X53.103 Y34.3
G0 X53.103 Y34.32
G1 F3600 X48.791 Y26.85 E192.58734
G0 F7200 X49.063 Y26.379
G1 F3600 X54.859 Y26.378 E192.78012
G1 X54.959 Y26.378
G0 F7200 X54.867 Y26.431
G0 X50.944 Y25.7
G0 X50.944 Y25.68
G1 F3600 X55.194 Y33.042 E193.06285
G1 X55.244 Y33.128
G0 F7200 X55.153 Y33.075
G0 X56.196 Y31.268
G0 X56.212 Y31.278
G1 F3600 X47.71 Y31.278 E193.34563
G1 X47.679 Y31.225
G1 X50.881 Y25.68 E193.5586
G1 X50.931 Y25.594
G0 F7200 X50.931 Y25.7
G0 X53.96 Y34.301
G0 X53.97 Y34.4
;TYPE:WALL-INNER
G1 F4800 X49.979 Y34.4 E193.69134
G1 X49.665 Y34.352 E193.7019
G1 X49.416 Y34.225 E193.7112
G1 X49.146 Y33.925 E193.72462
G1 X47.155 Y30.476 E193.85708
G1 X47.045 Y30.19 E193.86727
G1 X47.031 Y29.901 E193.87689
G1 X47.151 Y29.531 E193.88983
G1 X49.14 Y26.085 E194.02217
G1 X49.34 Y25.836 E194.03279
G1 X49.574 Y25.684 E194.04207
G1 X49.953 Y25.6 E194.05498
G1 X53.944 Y25.6 E194.18772
G1 X54.258 Y25.648 E194.19829
G1 X54.507 Y25.775 E194.20759
G1 X54.772 Y26.068 E194.22073
G1 X56.768 Y29.524 E194.35347
G1 X56.878 Y29.81 E194.36366
G1 X56.892 Y30.099 E194.37328
G1 X56.772 Y30.469 E194.38622
G1 X54.783 Y33.915 E194.51855
G1 X54.583 Y34.164 E194.52918
G1 X54.349 Y34.316 E194.53846
G1 X53.97 Y34.4 E194.55137
G0 F7200 X53.972 Y34.8
;TYPE:WALL-OUTER
G1 F2400 X49.951 Y34.8 E194.68511
G1 X49.54 Y34.737 E194.69894
G1 X49.177 Y34.552 E194.71249
G1 X48.889 Y34.264 E194.72604
G1 X48.81 Y34.142 E194.73087
G1 X46.794 Y30.65 E194.86498
G1 X46.648 Y30.27 E194.87852
G1 X46.628 Y29.858 E194.89224
G1 X46.734 Y29.468 E194.90568
G1 X46.794 Y29.35 E194.91008
G1 X48.81 Y25.858 E195.04419
G1 X49.068 Y25.536 E195.05792
G1 X49.409 Y25.314 E195.07145
G1 X49.799 Y25.208 E195.08489
G1 X49.951 Y25.2 E195.08996
G1 X53.972 Y25.2 E195.22369
G1 X54.383 Y25.263 E195.23752
G1 X54.746 Y25.448 E195.25108
G1 X55.034 Y25.736 E195.26462
G1 X55.108 Y25.85 E195.26914
G1 X57.129 Y29.35 E195.40357
G1 X57.275 Y29.73 E195.41711
G1 X57.295 Y30.142 E195.43082
G1 X57.189 Y30.532 E195.44427
G1 X57.129 Y30.65 E195.44867
G1 X55.113 Y34.142 E195.58278
G1 X54.855 Y34.464 E195.5965
G1 X54.514 Y34.686 E195.61004
G1 X54.124 Y34.792 E195.62348
G1 X53.972 Y34.8 E195.62854
G0 F7200 X53.772 Y34.8
G0 X53.772 Y34
G1 F3000 E189.12854
G1 F4200 Z1.8
G0 F7200 X53.772 Y34 Z1.8
G0 X52.404 Y-25.68
;TYPE:FILL
G1 F4200 Z0.8
G1 F3000 E195.62854
G1 F3600 X48.441 Y-32.544 E195.89216
G1 X48.364 Y-32.411
G1 X55.558 Y-32.411 E196.13143
G0 F7200 X55.848 Y-31.91
G1 F3600 X52.25 Y-25.68 E196.37072
G1 X52.2 Y-25.594
G0 F7200 X52.2 Y-25.7
G0 X54.829 Y-26.363
G0 X54.845 Y-26.352
G1 F3600 X50.244 Y-34.32 E196.67674
G1 X50.194 Y-34.406
G0 F7200 X50.194 Y-34.3
G0 X51.582 Y-34.3
G0 X51.582 Y-34.32
G1 F3600 X48.03 Y-28.168 E196.91302
G0 F7200 X48.408 Y-27.512
G1 F3600 X55.513 Y-27.511 E197.14933
G1 X55.613 Y-27.511
G0 F7200 X55.522 Y-27.564
G0 X56.242 Y-28.812
G0 X56.258 Y-28.802
G1 F3600 X53.072 Y-34.32 E197.36125
G1 X53.022 Y-34.406
G0 F7200 X53.022 Y-34.3
G0 X54.341 Y-34.198
G0 X54.35 Y-34.216
G1 F3600 X49.503 Y-25.82 E197.6837
G1 X49.488 Y-25.828
G1 X47.12 Y-29.928 E197.84118
G1 X47.119 Y-29.961
G1 X56.808 Y-29.962 E198.16343
G1 X56.908 Y-29.962
G0 F7200 X56.789 Y-29.958
G0 X53.96 Y-25.699
G0 X53.97 Y-25.6
;TYPE:WALL-INNER
G1 F4800 X49.979 Y-25.6 E198.29617
G1 X49.665 Y-25.648 E198.30674
G1 X49.416 Y-25.775 E198.31604
G1 X49.146 Y-26.075 E198.32946
G1 X47.155 Y-29.524 E198.46192
G1 X47.045 Y-29.81 E198.47211
G1 X47.031 Y-30.099 E198.48173
G1 X47.151 Y-30.469 E198.49467
G1 X49.14 Y-33.915 E198.627
G1 X49.34 Y-34.164 E198.63763
G1 X49.574 Y-34.316 E198.64691
G1 X49.953 Y-34.4 E198.65982
G1 X53.944 Y-34.4 E198.79256
G1 X54.258 Y-34.352 E198.80313
G1 X54.507 Y-34.225 E198.81242
G1 X54.772 Y-33.932 E198.82556
G1 X56.768 Y-30.476 E198.9583
G1 X56.878 Y-30.19 E198.96849
G1 X56.892 Y-29.901 E198.97812
G1 X56.772 Y-29.531 E198.99105
G1 X54.783 Y-26.085 E199.12339
G1 X54.583 Y-25.836 E199.13401
G1 X54.349 Y-25.684 E199.14329
G1 X53.97 Y-25.6 E199.15621
G0 F7200 X53.972 Y-25.2
;TYPE:WALL-OUTER
G1 F2400 X49.951 Y-25.2 E199.28994
G1 X49.54 Y-25.263 E199.30377
G1 X49.177 Y-25.448 E199.31733
G1 X48.889 Y-25.736 E199.33087
G1 X48.81 Y-25.858 E199.33571
G1 X46.794 Y-29.35 E199.46982
G1 X46.648 Y-29.73 E199.48336
G1 X46.628 Y-30.142 E199.49708
G1 X46.734 Y-30.532 E199.51052
G1 X46.794 Y-30.65 E199.51492
G1 X48.81 Y-34.142 E199.64903
G1 X49.068 Y-34.464 E199.66275
G1 X49.409 Y-34.686 E199.67629
G1 X49.799 Y-34.792 E199.68973
G1 X49.951 Y-34.8 E199.69479
G1 X53.972 Y-34.8 E199.82853
G1 X54.383 Y-34.737 E199.84236
G1 X54.746 Y-34.552 E199.85591
G1 X55.034 Y-34.264 E199.86946
G1 X55.108 Y-34.15 E199.87398
G1 X57.129 Y-30.65 E200.0084
G1 X57.275 Y-30.27 E200.02194
G1 X57.295 Y-29.858 E200.03566
G1 X57.189 Y-29.468 E200.0491
G1 X57.129 Y-29.35 E200.05351
G1 X55.113 Y-25.858 E200.18762
G1 X54.855 Y-25.536 E200.20134
G1 X54.514 Y-25.314 E200.21487
G1 X54.124 Y-25.208 E200.22832
G1 X53.972 Y-25.2 E200.23338
G0 F7200 X53.772 Y-25.2
G0 X53.772 Y-26
G1 F3000 E193.73338
G1 F4200 Z1.8
G0 F7200 X53.772 Y-26 Z1.8
G0 X3.202 Y-56.904
;TYPE:FILL
G1 F4200 Z0.8
G1 F3000 E200.23338
G1 F3600 X-3.203 Y-56.904 E200.44641
G1 X-3.233 Y-56.957
G1 X1.019 Y-64.32 E200.7292
G0 F7200 X1.809 Y-64.32
G1 F3600 X4.646 Y-59.406 E200.91793
G1 X4.616 Y-59.354
G1 X-4.616 Y-59.354 E201.22499
G1 X-4.646 Y-59.405
G1 X-1.808 Y-64.32 E201.41375
G0 F7200 X-2.313 Y-64.254
G1 F3600 X2.314 Y-64.254 E201.56765
G1 X2.414 Y-64.254
G0 F7200 X2.384 Y-64.195
G0 X3.154 Y-63.14
G0 X3.172 Y-63.15
G1 F3600 X-1.142 Y-55.68 E201.85456
G0 F7200 X-1.686 Y-55.68
G1 F3600 X-4.584 Y-60.701 E202.04738
G1 X-4.633 Y-60.787
G0 F7200 X-4.543 Y-60.735
G0 X-3.93 Y-61.797
G0 X-3.946 Y-61.806
G1 F3600 X3.947 Y-61.806 E202.3099
G1 X4.047 Y-61.806
G0 F7200 X3.954 Y-61.753
G0 X4.567 Y-60.691
G0 X4.585 Y-60.701
G1 F3600 X1.687 Y-55.68 E202.50272
G0 F7200 X1.142 Y-55.68
G1 F3600 X-3.171 Y-63.149 E202.78958
G1 X-3.221 Y-63.235
G0 F7200 X-3.13 Y-63.182
G0 X-1.019 Y-64.3
G0 X-1.019 Y-64.32
G1 F3600 X3.233 Y-56.957 E203.07238
G1 X3.283 Y-56.871
G0 F7200 X3.191 Y-56.924
G0 X1.999 Y-55.699
G0 X2.009 Y-55.6
;TYPE:WALL-INNER
G1 F4800 X-1.982 Y-55.6 E203.20512
G1 X-2.297 Y-55.649 E203.21572
G1 X-2.549 Y-55.778 E203.22514
G1 X-2.817 Y-56.078 E203.23852
G1 X-4.805 Y-59.522 E203.37078
G1 X-4.916 Y-59.811 E203.38108
G1 X-4.932 Y-60.092 E203.39044
G1 X-4.81 Y-60.469 E203.40362
G1 X-2.822 Y-63.914 E203.53591
G1 X-2.622 Y-64.163 E203.54653
G1 X-2.383 Y-64.319 E203.55602
G1 X-2.009 Y-64.4 E203.56875
G1 X1.982 Y-64.4 E203.70149
G1 X2.297 Y-64.351 E203.71209
G1 X2.549 Y-64.222 E203.72151
G1 X2.817 Y-63.922 E203.73489
G1 X4.798 Y-60.491 E203.86666
G1 X4.917 Y-60.186 E203.87755
G1 X4.932 Y-59.908 E203.88681
G1 X4.81 Y-59.531 E203.89999
G1 X2.822 Y-56.086 E204.03228
G1 X2.622 Y-55.837 E204.0429
G1 X2.383 Y-55.681 E204.0524
G1 X2.009 Y-55.6 E204.06512
G0 F7200 X2.163 Y-55.208
;TYPE:WALL-OUTER
G1 F2400 X2.011 Y-55.2 E204.07019
G1 X-2.011 Y-55.2 E204.20396
G1 X-2.424 Y-55.264 E204.21786
G1 X-2.788 Y-55.451 E204.23147
G1 X-3.069 Y-55.732 E204.24469
G1 X-3.152 Y-55.859 E204.24973
G1 X-5.167 Y-59.35 E204.3838
G1 X-5.312 Y-59.725 E204.39717
G1 X-5.334 Y-60.135 E204.41083
G1 X-5.227 Y-60.532 E204.4245
G1 X-5.167 Y-60.65 E204.4289
G1 X-3.152 Y-64.141 E204.56297
G1 X-2.893 Y-64.464 E204.57674
G1 X-2.55 Y-64.688 E204.59037
G1 X-2.163 Y-64.792 E204.60369
G1 X-2.011 Y-64.8 E204.60876
G1 X2.011 Y-64.8 E204.74253
G1 X2.424 Y-64.736 E204.75643
G1 X2.788 Y-64.549 E204.77004
G1 X3.069 Y-64.268 E204.78326
G1 X3.152 Y-64.141 E204.7883
G1 X5.162 Y-60.659 E204.92203
G1 X5.312 Y-60.275 E204.93574
G1 X5.334 Y-59.865 E204.94939
G1 X5.227 Y-59.468 E204.96307
G1 X5.167 Y-59.35 E204.96747
G1 X3.152 Y-55.859 E205.10154
G1 X2.893 Y-55.536 E205.11531
G1 X2.55 Y-55.312 E205.12893
G1 X2.163 Y-55.208 E205.14226
G0 F7200 X2.011 Y-55.2
G0 X1.963 Y-55.2
G0 X1.963 Y-56
G1 F3000 E198.64226
G1 F4200 Z1.8
;MESH:NONMESH
G0 F7200 X1.963 Y-56 Z1.8
G0 X-1.61 Y-.698
;TIME_ELAPSED:172.884819
;LAYER:4
;MESH:deltaCalPrint60.stl
G0 X-1.61 Y-.698 Z2
;TYPE:FILL
G1 F4200 Z1
G1 F3000 E205.14226
G1 F3600 X-3.502 Y2.577 E205.26806
G1 X-3.552 Y2.663
G0 F7200 X-3.459 Y2.61
G0 X-3.963 Y1.738
G0 X-3.981 Y1.748
G1 F3600 X-.197 Y1.748 E205.39391
G1 X-.186 Y1.746
G1 X0.186 Y1.746 E205.40629
G1 X0.197 Y1.748
G1 X3.98 Y1.748 E205.53211
G1 X4.08 Y1.748
G0 F7200 X3.988 Y1.695
G0 X3.485 Y2.568
G0 X3.501 Y2.577
G1 F3600 X1.611 Y-.697 E205.65785
G1 X1.606 Y-.715
G1 X-.477 Y-4.32 E205.79633
G1 X-.527 Y-4.406
G0 F7200 X-.527 Y-4.3
G0 X0.478 Y-4.3
G0 X0.478 Y-4.32
G1 F3600 X-1.605 Y-.715 E205.9348
G1 X-1.655 Y-.629
G0 F7200 X-4.053 Y-.697
G1 F3600 X-1.156 Y4.32 E206.12749
G0 F7200 X-1.6 Y4.195
G1 F3600 X1.6 Y4.195 E206.23392
G1 X1.61 Y4.196
G1 X2.426 Y4.196 E206.26106
G0 F7200 X1.68 Y4.32
G1 F3600 X-2.902 Y-3.616 E206.56585
G0 F7200 X-2.646 Y-3.163
G1 F3600 X-3.163 Y-3.163 E206.58305
G0 F7200 X-2.635 Y-3.161
G1 F3600 X2.635 Y-3.161 E206.75833
G1 X2.646 Y-3.163
G1 X3.164 Y-3.163 E206.77556
G0 F7200 X2.903 Y-3.616
G1 F3600 X-1.679 Y4.32 E207.08035
G1 X-1.61 Y4.196
G1 X-2.425 Y4.196 E207.10745
G1 X-2.525 Y4.196
G0 F7200 X-2.495 Y4.138
G0 X1.156 Y4.3
G0 X1.156 Y4.32
G1 F3600 X4.054 Y-.698 E207.30019
G1 X4.059 Y-.715
G1 X4.318 Y-1.164 E207.31743
G0 F7200 X4.433 Y-.715
G1 F3600 X2.42 Y-4.199 E207.45126
G1 X2.37 Y-4.285
G0 F7200 X2.336 Y-4.219
G0 X4.437 Y-.699
G1 F3600 X4.847 Y0.012 E207.47856
G0 F7200 X4.582 Y-.706
G1 F3600 X-4.581 Y-.706 E207.78332
G1 X-4.437 Y-.7
G1 X-4.846 Y0.008 E207.81051
G1 X-4.896 Y0.094
G0 F7200 X-4.433 Y-.714
G1 F3600 X-2.419 Y-4.201 E207.94445
G1 X-2.369 Y-4.287
G0 F7200 X-2.334 Y-4.232
G0 X-4.3 Y-1.154
G0 X-4.317 Y-1.164
G1 F3600 X-4.058 Y-.715 E207.96169
G0 F7200 X-4.819 Y0.168
G0 X-4.916 Y0.189
;TYPE:WALL-INNER
G1 F4800 X-4.932 Y-0.092 E207.97105
G1 X-4.81 Y-.469 E207.98423
G1 X-2.822 Y-3.914 E208.11652
G1 X-2.622 Y-4.163 E208.12714
G1 X-2.383 Y-4.319 E208.13663
G1 X-2.009 Y-4.4 E208.14936
G1 X1.982 Y-4.4 E208.2821
G1 X2.297 Y-4.351 E208.2927
G1 X2.549 Y-4.222 E208.30212
G1 X2.817 Y-3.922 E208.3155
G1 X4.798 Y-.491 E208.44727
G1 X4.917 Y-.186 E208.45816
G1 X4.932 Y0.092 E208.46742
G1 X4.81 Y0.469 E208.4806
G1 X2.822 Y3.914 E208.61289
G1 X2.622 Y4.163 E208.62351
G1 X2.383 Y4.319 E208.63301
G1 X2.009 Y4.4 E208.64573
G1 X-1.982 Y4.4 E208.77847
G1 X-2.297 Y4.351 E208.78908
G1 X-2.549 Y4.222 E208.79849
G1 X-2.817 Y3.922 E208.81187
G1 X-4.805 Y0.478 E208.94413
G1 X-4.916 Y0.189 E208.95443
G0 F7200 X-5.312 Y0.275
;TYPE:WALL-OUTER
G1 F2400 X-5.334 Y-.135 E208.96809
G1 X-5.227 Y-.532 E208.98176
G1 X-5.167 Y-.65 E208.98617
G1 X-3.152 Y-4.141 E209.12023
G1 X-2.893 Y-4.464 E209.134
G1 X-2.55 Y-4.688 E209.14763
G1 X-2.163 Y-4.792 E209.16095
G1 X-2.011 Y-4.8 E209.16602
G1 X2.011 Y-4.8 E209.29979
G1 X2.424 Y-4.736 E209.31369
G1 X2.788 Y-4.549 E209.3273
G1 X3.069 Y-4.268 E209.34052
G1 X3.152 Y-4.141 E209.34556
G1 X5.162 Y-.659 E209.47929
G1 X5.312 Y-.275 E209.493
G1 X5.334 Y0.135 E209.50665
G1 X5.227 Y0.532 E209.52033
G1 X5.167 Y0.65 E209.52473
G1 X3.152 Y4.141 E209.6588
G1 X2.893 Y4.464 E209.67257
G1 X2.55 Y4.688 E209.68619
G1 X2.163 Y4.792 E209.69952
G1 X2.011 Y4.8 E209.70458
G1 X-2.011 Y4.8 E209.83836
G1 X-2.424 Y4.736 E209.85226
G1 X-2.788 Y4.549 E209.86587
G1 X-3.069 Y4.268 E209.87909
G1 X-3.152 Y4.141 E209.88413
G1 X-5.167 Y0.65 E210.0182
G1 X-5.312 Y0.275 E210.03157
G0 F7200 X-5.322 Y0.075
G0 X-4.523 Y0.031
G1 F3000 E203.53157
G1 F4200 Z2
G0 F7200 X-4.523 Y0.031 Z2
G0 X-48.328 Y-27.653
;TYPE:FILL
G1 F4200 Z1
G1 F3000 E210.03157
G1 F3600 X-55.596 Y-27.652 E210.2733
G1 X-55.696 Y-27.652
G0 F7200 X-55.603 Y-27.705
G0 X-56.159 Y-28.668
G0 X-56.177 Y-28.658
G1 F3600 X-52.908 Y-34.32 E210.49076
G1 X-52.858 Y-34.406
G0 F7200 X-52.858 Y-34.3
G0 X-51.745 Y-34.3
G0 X-51.745 Y-34.32
G1 F3600 X-48.111 Y-28.028 E210.73243
G1 X-48.061 Y-27.942
G0 F7200 X-48.152 Y-27.996
G0 X-47.141 Y-30.102
G0 X-47.122 Y-30.102
G1 F3600 X-56.806 Y-30.103 E211.05452
G1 X-56.906 Y-30.103
G0 F7200 X-56.793 Y-30.086
G0 X-55.912 Y-31.761
G0 X-55.928 Y-31.771
G1 F3600 X-52.412 Y-25.68 E211.28843
G1 X-52.238 Y-25.68
G1 X-48.358 Y-32.4 E211.54652
G1 X-48.446 Y-32.552
G1 X-55.477 Y-32.552 E211.78037
G1 X-55.577 Y-32.552
G0 F7200 X-55.486 Y-32.498
G0 X-54.46 Y-34.126
G0 X-54.469 Y-34.141
G1 F3600 X-49.628 Y-25.755 E212.10243
G1 X-49.578 Y-25.669
G0 F7200 X-49.601 Y-25.78
G0 X-54.745 Y-26.219
G0 X-54.763 Y-26.209
G1 F3600 X-50.08 Y-34.32 E212.41394
G1 X-50.03 Y-34.406
G0 F7200 X-50.03 Y-34.3
G0 X-49.612 Y-25.776
G0 X-49.574 Y-25.684
;TYPE:WALL-INNER
G1 F4800 X-49.953 Y-25.6 E212.42685
G1 X-53.944 Y-25.6 E212.55959
G1 X-54.258 Y-25.648 E212.57016
G1 X-54.507 Y-25.775 E212.57945
G1 X-54.777 Y-26.075 E212.59288
G1 X-56.768 Y-29.524 E212.72533
G1 X-56.878 Y-29.81 E212.73553
G1 X-56.892 Y-30.099 E212.74515
G1 X-56.772 Y-30.469 E212.75809
G1 X-54.783 Y-33.915 E212.89042
G1 X-54.583 Y-34.164 E212.90105
G1 X-54.349 Y-34.316 E212.91033
G1 X-53.97 Y-34.4 E212.92324
G1 X-49.979 Y-34.4 E213.05598
G1 X-49.665 Y-34.352 E213.06654
G1 X-49.416 Y-34.225 E213.07584
G1 X-49.151 Y-33.932 E213.08898
G1 X-47.155 Y-30.476 E213.22172
G1 X-47.045 Y-30.19 E213.23191
G1 X-47.031 Y-29.901 E213.24154
G1 X-47.151 Y-29.531 E213.25447
G1 X-49.14 Y-26.085 E213.38681
G1 X-49.34 Y-25.836 E213.39743
G1 X-49.574 Y-25.684 E213.40671
G0 F7200 X-49.799 Y-25.208
;TYPE:WALL-OUTER
G1 F2400 X-49.951 Y-25.2 E213.41178
G1 X-53.972 Y-25.2 E213.54552
G1 X-54.383 Y-25.263 E213.55934
G1 X-54.746 Y-25.448 E213.5729
G1 X-55.034 Y-25.736 E213.58644
G1 X-55.113 Y-25.858 E213.59128
G1 X-57.129 Y-29.35 E213.72539
G1 X-57.275 Y-29.73 E213.73893
G1 X-57.295 Y-30.142 E213.75265
G1 X-57.189 Y-30.532 E213.76609
G1 X-57.129 Y-30.65 E213.77049
G1 X-55.113 Y-34.142 E213.9046
G1 X-54.855 Y-34.464 E213.91832
G1 X-54.514 Y-34.686 E213.93186
G1 X-54.124 Y-34.792 E213.9453
G1 X-53.972 Y-34.8 E213.95036
G1 X-49.951 Y-34.8 E214.0841
G1 X-49.54 Y-34.737 E214.09793
G1 X-49.177 Y-34.552 E214.11148
G1 X-48.889 Y-34.264 E214.12503
G1 X-48.815 Y-34.15 E214.12955
G1 X-46.794 Y-30.65 E214.26397
G1 X-46.648 Y-30.27 E214.27751
G1 X-46.628 Y-29.858 E214.29123
G1 X-46.734 Y-29.468 E214.30467
G1 X-46.794 Y-29.35 E214.30908
G1 X-48.81 Y-25.858 E214.44319
G1 X-49.068 Y-25.536 E214.45691
G1 X-49.409 Y-25.314 E214.47044
G1 X-49.799 Y-25.208 E214.48389
G0 F7200 X-49.951 Y-25.2
G0 X-49.999 Y-25.2
G0 X-49.998 Y-26
G1 F3000 E207.98389
G1 F4200 Z2
G0 F7200 X-49.996 Y-26 Z2
G0 X-50.78 Y25.68
;TYPE:FILL
G1 F4200 Z1
G1 F3000 E214.48389
G1 F3600 X-55.112 Y33.186 E214.77213
G0 F7200 X-54.882 Y33.585
G1 F3600 X-49.042 Y33.585 E214.96637
G0 F7200 X-49.175 Y33.816
G1 F3600 X-53.873 Y25.68 E215.27885
G0 F7200 X-53.607 Y25.68
G1 F3600 X-56.526 Y30.736 E215.47303
G0 F7200 X-56.295 Y31.136
G1 F3600 X-47.629 Y31.137 E215.76126
G0 F7200 X-47.761 Y31.365
G1 F3600 X-51.044 Y25.68 E215.97961
G1 X-51.094 Y25.594
G0 F7200 X-51.094 Y25.7
G0 X-49.163 Y26.246
G0 X-49.146 Y26.237
G1 F3600 X-54.778 Y26.236 E216.16693
G1 X-54.878 Y26.236
G0 F7200 X-54.787 Y26.29
G0 X-55.563 Y27.636
G0 X-55.58 Y27.625
G1 F3600 X-51.714 Y34.32 E216.42406
G1 X-51.664 Y34.406
G0 F7200 X-51.664 Y34.3
G0 X-52.939 Y34.3
G0 X-52.939 Y34.32
G1 F3600 X-48.709 Y26.993 E216.70546
G1 X-48.659 Y26.907
G0 F7200 X-48.751 Y26.96
G0 X-47.748 Y28.697
G0 X-47.73 Y28.687
G1 F3600 X-56.192 Y28.688 E216.9869
G1 X-56.292 Y28.688
G0 F7200 X-56.202 Y28.741
G0 X-50.111 Y34.3
G0 X-50.111 Y34.32
G1 F3600 X-47.294 Y29.442 E217.17426
G1 X-47.244 Y29.356
G0 F7200 X-47.337 Y29.409
G0 X-49.612 Y34.224
G0 X-49.574 Y34.316
;TYPE:WALL-INNER
G1 F4800 X-49.953 Y34.4 E217.18717
G1 X-53.944 Y34.4 E217.31991
G1 X-54.258 Y34.352 E217.33047
G1 X-54.507 Y34.225 E217.33977
G1 X-54.777 Y33.925 E217.35319
G1 X-56.768 Y30.476 E217.48565
G1 X-56.878 Y30.19 E217.49584
G1 X-56.892 Y29.901 E217.50547
G1 X-56.772 Y29.531 E217.5184
G1 X-54.783 Y26.085 E217.65074
G1 X-54.583 Y25.836 E217.66136
G1 X-54.349 Y25.684 E217.67064
G1 X-53.97 Y25.6 E217.68355
G1 X-49.979 Y25.6 E217.81629
G1 X-49.665 Y25.648 E217.82686
G1 X-49.416 Y25.775 E217.83616
G1 X-49.151 Y26.068 E217.8493
G1 X-47.155 Y29.524 E217.98204
G1 X-47.045 Y29.81 E217.99223
G1 X-47.031 Y30.099 E218.00185
G1 X-47.151 Y30.469 E218.01479
G1 X-49.14 Y33.915 E218.14713
G1 X-49.34 Y34.164 E218.15775
G1 X-49.574 Y34.316 E218.16703
G0 F7200 X-49.799 Y34.792
;TYPE:WALL-OUTER
G1 F2400 X-49.951 Y34.8 E218.17209
G1 X-53.972 Y34.8 E218.30583
G1 X-54.383 Y34.737 E218.31966
G1 X-54.746 Y34.552 E218.33321
G1 X-55.034 Y34.264 E218.34676
G1 X-55.113 Y34.142 E218.35159
G1 X-57.129 Y30.65 E218.4857
G1 X-57.275 Y30.27 E218.49924
G1 X-57.295 Y29.858 E218.51296
G1 X-57.189 Y29.468 E218.5264
G1 X-57.129 Y29.35 E218.53081
G1 X-55.113 Y25.858 E218.66492
G1 X-54.855 Y25.536 E218.67864
G1 X-54.514 Y25.314 E218.69217
G1 X-54.124 Y25.208 E218.70562
G1 X-53.972 Y25.2 E218.71068
G1 X-49.951 Y25.2 E218.84442
G1 X-49.54 Y25.263 E218.85825
G1 X-49.177 Y25.448 E218.8718
G1 X-48.889 Y25.736 E218.88534
G1 X-48.815 Y25.85 E218.88986
G1 X-46.794 Y29.35 E219.02429
G1 X-46.648 Y29.73 E219.03783
G1 X-46.628 Y30.142 E219.05155
G1 X-46.734 Y30.532 E219.06499
G1 X-46.794 Y30.65 E219.06939
G1 X-48.81 Y34.142 E219.2035
G1 X-49.068 Y34.464 E219.21723
G1 X-49.409 Y34.686 E219.23076
G1 X-49.799 Y34.792 E219.2442
G0 F7200 X-49.951 Y34.8
G0 X-49.999 Y34.8
G0 X-49.998 Y34
G1 F3000 E212.7442
G1 F4200 Z2
G0 F7200 X-49.996 Y34 Z2
G0 X-3.967 Y58.23
;TYPE:FILL
G1 F4200 Z1
G1 F3000 E219.2442
G1 F3600 X-.45 Y64.32 E219.47811
G1 X-.4 Y64.406
G0 F7200 X0.45 Y64.32
G1 F3600 X3.968 Y58.229 E219.71206
G1 X3.882 Y58.08
G1 X-3.881 Y58.08 E219.97026
G1 X-3.981 Y58.08
G0 F7200 X-3.889 Y58.133
G0 X-4.664 Y60.522
G0 X-4.682 Y60.532
G1 F3600 X4.682 Y60.532 E220.2817
G1 X4.782 Y60.532
G0 F7200 X4.69 Y60.479
G0 X3.834 Y61.963
G0 X3.85 Y61.972
G1 F3600 X0.219 Y55.68 E220.52332
G0 F7200 X-.217 Y55.68
G1 F3600 X-3.85 Y61.974 E220.76503
G1 X-3.899 Y62.06
G0 F7200 X-3.807 Y62.007
G0 X-3.252 Y62.97
G0 X-3.27 Y62.98
G1 F3600 X3.269 Y62.98 E220.98252
G1 X3.369 Y62.98
G0 F7200 X3.277 Y62.927
G0 X2.332 Y64.228
G0 X2.336 Y64.249
G1 F3600 X-2.509 Y55.858 E221.30479
G1 X-2.559 Y55.772
G0 F7200 X-2.495 Y55.872
G0 X2.495 Y55.867
G0 X2.51 Y55.855
G1 F3600 X-2.333 Y64.244 E221.62697
G1 X-2.383 Y64.33
G0 F7200 X-2.328 Y64.223
G0 X1.999 Y64.301
G0 X2.009 Y64.4
;TYPE:WALL-INNER
G1 F4800 X-1.982 Y64.4 E221.75971
G1 X-2.297 Y64.351 E221.77031
G1 X-2.549 Y64.222 E221.77973
G1 X-2.817 Y63.922 E221.79311
G1 X-4.805 Y60.478 E221.92537
G1 X-4.916 Y60.189 E221.93566
G1 X-4.932 Y59.908 E221.94503
G1 X-4.81 Y59.531 E221.9582
G1 X-2.822 Y56.086 E222.0905
G1 X-2.622 Y55.837 E222.10112
G1 X-2.383 Y55.681 E222.11061
G1 X-2.009 Y55.6 E222.12334
G1 X1.982 Y55.6 E222.25608
G1 X2.297 Y55.649 E222.26668
G1 X2.549 Y55.778 E222.2761
G1 X2.817 Y56.078 E222.28948
G1 X4.798 Y59.509 E222.42125
G1 X4.917 Y59.814 E222.43214
G1 X4.932 Y60.092 E222.4414
G1 X4.81 Y60.469 E222.45458
G1 X2.822 Y63.914 E222.58687
G1 X2.622 Y64.163 E222.59749
G1 X2.383 Y64.319 E222.60698
G1 X2.009 Y64.4 E222.61971
G0 F7200 X2.163 Y64.792
;TYPE:WALL-OUTER
G1 F2400 X2.011 Y64.8 E222.62477
G1 X-2.011 Y64.8 E222.75855
G1 X-2.424 Y64.736 E222.77245
G1 X-2.788 Y64.549 E222.78606
G1 X-3.069 Y64.268 E222.79927
G1 X-3.152 Y64.141 E222.80432
G1 X-5.167 Y60.65 E222.93839
G1 X-5.312 Y60.275 E222.95176
G1 X-5.334 Y59.865 E222.96541
G1 X-5.227 Y59.468 E222.97909
G1 X-5.167 Y59.35 E222.98349
G1 X-3.152 Y55.859 E223.11756
G1 X-2.893 Y55.536 E223.13133
G1 X-2.55 Y55.312 E223.14495
G1 X-2.163 Y55.208 E223.15828
G1 X-2.011 Y55.2 E223.16334
G1 X2.011 Y55.2 E223.29712
G1 X2.424 Y55.264 E223.31102
G1 X2.788 Y55.451 E223.32463
G1 X3.069 Y55.732 E223.33784
G1 X3.152 Y55.859 E223.34289
G1 X5.162 Y59.341 E223.47661
G1 X5.312 Y59.725 E223.49033
G1 X5.334 Y60.135 E223.50398
G1 X5.227 Y60.532 E223.51766
G1 X5.167 Y60.65 E223.52206
G1 X3.152 Y64.141 E223.65612
G1 X2.893 Y64.464 E223.66989
G1 X2.55 Y64.688 E223.68352
G1 X2.163 Y64.792 E223.69685
G0 F7200 X2.011 Y64.8
G0 X1.963 Y64.8
G0 X1.963 Y64
G1 F3000 E217.19685
G1 F4200 Z2
G0 F7200 X1.963 Y64 Z2
G0 X49.175 Y33.817
;TYPE:FILL
G1 F4200 Z1
G1 F3000 E223.69685
G1 F3600 X53.873 Y25.68 E224.00936
G0 F7200 X53.606 Y25.68
G1 F3600 X56.525 Y30.735 E224.2035
G0 F7200 X56.294 Y31.136
G1 F3600 X47.628 Y31.137 E224.49174
G0 F7200 X47.761 Y31.366
G1 F3600 X51.044 Y25.68 E224.71011
G0 F7200 X50.78 Y25.68
G1 F3600 X55.112 Y33.185 E224.99833
G0 F7200 X54.881 Y33.585
G1 F3600 X49.041 Y33.585 E225.19257
G1 X48.941 Y33.585
G0 F7200 X49.034 Y33.532
G0 X50.112 Y34.3
G0 X50.112 Y34.32
G1 F3600 X47.295 Y29.443 E225.37989
G1 X47.245 Y29.357
G0 F7200 X47.731 Y28.687
G1 F3600 X56.193 Y28.688 E225.66134
G1 X56.293 Y28.688
G0 F7200 X56.201 Y28.741
G0 X55.562 Y27.636
G0 X55.58 Y27.626
G1 F3600 X51.715 Y34.32 E225.91843
G1 X51.665 Y34.406
G0 F7200 X51.665 Y34.3
G0 X52.939 Y34.3
G0 X52.939 Y34.32
G1 F3600 X48.709 Y26.992 E226.19985
G1 X48.66 Y26.906
G0 F7200 X49.145 Y26.237
G1 F3600 X54.777 Y26.236 E226.38717
G1 X54.877 Y26.236
G0 F7200 X54.785 Y26.289
G0 X53.96 Y34.301
G0 X53.97 Y34.4
;TYPE:WALL-INNER
G1 F4800 X49.979 Y34.4 E226.51991
G1 X49.665 Y34.352 E226.53048
G1 X49.416 Y34.225 E226.53978
G1 X49.146 Y33.925 E226.5532
G1 X47.155 Y30.476 E226.68566
G1 X47.045 Y30.19 E226.69585
G1 X47.031 Y29.901 E226.70547
G1 X47.151 Y29.531 E226.71841
G1 X49.14 Y26.085 E226.85074
G1 X49.34 Y25.836 E226.86137
G1 X49.574 Y25.684 E226.87065
G1 X49.953 Y25.6 E226.88356
G1 X53.944 Y25.6 E227.0163
G1 X54.258 Y25.648 E227.02687
G1 X54.507 Y25.775 E227.03616
G1 X54.772 Y26.068 E227.0493
G1 X56.768 Y29.524 E227.18204
G1 X56.878 Y29.81 E227.19223
G1 X56.892 Y30.099 E227.20186
G1 X56.772 Y30.469 E227.2148
G1 X54.783 Y33.915 E227.34713
G1 X54.583 Y34.164 E227.35775
G1 X54.349 Y34.316 E227.36703
G1 X53.97 Y34.4 E227.37995
G0 F7200 X53.972 Y34.8
;TYPE:WALL-OUTER
G1 F2400 X49.951 Y34.8 E227.51369
G1 X49.54 Y34.737 E227.52751
G1 X49.177 Y34.552 E227.54107
G1 X48.889 Y34.264 E227.55461
G1 X48.81 Y34.142 E227.55945
G1 X46.794 Y30.65 E227.69356
G1 X46.648 Y30.27 E227.7071
G1 X46.628 Y29.858 E227.72082
G1 X46.734 Y29.468 E227.73426
G1 X46.794 Y29.35 E227.73866
G1 X48.81 Y25.858 E227.87277
G1 X49.068 Y25.536 E227.88649
G1 X49.409 Y25.314 E227.90003
G1 X49.799 Y25.208 E227.91347
G1 X49.951 Y25.2 E227.91853
G1 X53.972 Y25.2 E228.05227
G1 X54.383 Y25.263 E228.0661
G1 X54.746 Y25.448 E228.07965
G1 X55.034 Y25.736 E228.0932
G1 X55.108 Y25.85 E228.09772
G1 X57.129 Y29.35 E228.23214
G1 X57.275 Y29.73 E228.24568
G1 X57.295 Y30.142 E228.2594
G1 X57.189 Y30.532 E228.27284
G1 X57.129 Y30.65 E228.27725
G1 X55.113 Y34.142 E228.41136
G1 X54.855 Y34.464 E228.42508
G1 X54.514 Y34.686 E228.43861
G1 X54.124 Y34.792 E228.45206
G1 X53.972 Y34.8 E228.45712
G0 F7200 X53.772 Y34.8
G0 X53.772 Y34
G1 F3000 E221.95712
G1 F4200 Z2
G0 F7200 X53.772 Y34 Z2
G0 X52.413 Y-25.68
;TYPE:FILL
G1 F4200 Z1
G1 F3000 E228.45712
G1 F3600 X55.929 Y-31.77 E228.69101
G1 X55.979 Y-31.856
G0 F7200 X55.477 Y-32.552
G1 F3600 X48.446 Y-32.552 E228.92486
G1 X48.358 Y-32.4
G1 X52.238 Y-25.68 E229.18295
G1 X52.288 Y-25.594
G0 F7200 X52.288 Y-25.7
G0 X54.747 Y-26.221
G0 X54.763 Y-26.21
G1 F3600 X50.08 Y-34.32 E229.49443
G1 X50.03 Y-34.406
G0 F7200 X50.03 Y-34.3
G0 X51.745 Y-34.3
G0 X51.745 Y-34.32
G1 F3600 X48.111 Y-28.027 E229.73613
G0 F7200 X48.327 Y-27.653
G1 F3600 X55.595 Y-27.652 E229.97786
G1 X55.695 Y-27.652
G0 F7200 X55.604 Y-27.706
G0 X56.16 Y-28.669
G0 X56.176 Y-28.659
G1 F3600 X52.907 Y-34.32 E230.19528
G1 X52.857 Y-34.406
G0 F7200 X52.857 Y-34.3
G0 X54.457 Y-34.132
G0 X54.472 Y-34.145
G1 F3600 X49.629 Y-25.755 E230.51749
G1 X49.58 Y-25.669
G0 F7200 X49.635 Y-25.775
G0 X47.135 Y-30.096
G0 X47.117 Y-30.102
G1 F3600 X56.801 Y-30.103 E230.83958
G1 X56.901 Y-30.103
G0 F7200 X56.782 Y-30.099
G0 X53.96 Y-25.699
G0 X53.97 Y-25.6
;TYPE:WALL-INNER
G1 F4800 X49.979 Y-25.6 E230.97232
G1 X49.665 Y-25.648 E230.98289
G1 X49.416 Y-25.775 E230.99218
G1 X49.146 Y-26.075 E231.00561
G1 X47.155 Y-29.524 E231.13806
G1 X47.045 Y-29.81 E231.14826
G1 X47.031 Y-30.099 E231.15788
G1 X47.151 Y-30.469 E231.17082
G1 X49.14 Y-33.915 E231.30315
G1 X49.34 Y-34.164 E231.31378
G1 X49.574 Y-34.316 E231.32306
G1 X49.953 Y-34.4 E231.33597
G1 X53.944 Y-34.4 E231.46871
G1 X54.258 Y-34.352 E231.47927
G1 X54.507 Y-34.225 E231.48857
G1 X54.772 Y-33.932 E231.50171
G1 X56.768 Y-30.476 E231.63445
G1 X56.878 Y-30.19 E231.64464
G1 X56.892 Y-29.901 E231.65427
G1 X56.772 Y-29.531 E231.6672
G1 X54.783 Y-26.085 E231.79954
G1 X54.583 Y-25.836 E231.81016
G1 X54.349 Y-25.684 E231.81944
G1 X53.97 Y-25.6 E231.83235
G0 F7200 X53.972 Y-25.2
;TYPE:WALL-OUTER
G1 F2400 X49.951 Y-25.2 E231.96609
G1 X49.54 Y-25.263 E231.97992
G1 X49.177 Y-25.448 E231.99347
G1 X48.889 Y-25.736 E232.00702
G1 X48.81 Y-25.858 E232.01185
G1 X46.794 Y-29.35 E232.14596
G1 X46.648 Y-29.73 E232.1595
G1 X46.628 Y-30.142 E232.17322
G1 X46.734 Y-30.532 E232.18667
G1 X46.794 Y-30.65 E232.19107
G1 X48.81 Y-34.142 E232.32518
G1 X49.068 Y-34.464 E232.3389
G1 X49.409 Y-34.686 E232.35244
G1 X49.799 Y-34.792 E232.36588
G1 X49.951 Y-34.8 E232.37094
G1 X53.972 Y-34.8 E232.50468
G1 X54.383 Y-34.737 E232.51851
G1 X54.746 Y-34.552 E232.53206
G1 X55.034 Y-34.264 E232.54561
G1 X55.108 Y-34.15 E232.55013
G1 X57.129 Y-30.65 E232.68455
G1 X57.275 Y-30.27 E232.69809
G1 X57.295 Y-29.858 E232.71181
G1 X57.189 Y-29.468 E232.72525
G1 X57.129 Y-29.35 E232.72965
G1 X55.113 Y-25.858 E232.86376
G1 X54.855 Y-25.536 E232.87749
G1 X54.514 Y-25.314 E232.89102
G1 X54.124 Y-25.208 E232.90446
G1 X53.972 Y-25.2 E232.90953
G0 F7200 X53.772 Y-25.2
G0 X53.772 Y-26
G1 F3000 E226.40953
G1 F4200 Z2
G0 F7200 X53.772 Y-26 Z2
G0 X3.151 Y-56.816
;TYPE:FILL
G1 F4200 Z1
G1 F3000 E232.90953
G1 F3600 X-1.183 Y-64.32 E233.19775
G0 F7200 X-1.646 Y-64.32
G1 F3600 X-4.564 Y-59.264 E233.39191
G0 F7200 X-4.698 Y-59.496
G1 F3600 X4.698 Y-59.496 E233.70442
G0 F7200 X4.564 Y-59.264
G1 F3600 X1.646 Y-64.32 E233.89858
G0 F7200 X1.183 Y-64.32
G1 F3600 X-3.151 Y-56.815 E234.18683
G0 F7200 X-3.284 Y-57.045
G1 F3600 X3.283 Y-57.045 E234.40525
G1 X3.383 Y-57.045
G0 F7200 X3.292 Y-57.098
G0 X1.851 Y-55.7
G0 X1.851 Y-55.68
G1 F3600 X4.668 Y-60.558 E234.5926
G1 X4.718 Y-60.644
G0 F7200 X4.625 Y-60.591
G0 X3.848 Y-61.937
G0 X3.866 Y-61.947
G1 F3600 X-3.865 Y-61.947 E234.84974
G1 X-3.965 Y-61.947
G0 F7200 X-3.874 Y-61.894
G0 X-3.236 Y-62.998
G0 X-3.253 Y-63.008
G1 F3600 X0.978 Y-55.68 E235.13117
G1 X1.028 Y-55.594
G0 F7200 X1.028 Y-55.7
G0 X-.978 Y-55.7
G0 X-.978 Y-55.68
G1 F3600 X3.253 Y-63.009 E235.41264
G1 X3.303 Y-63.095
G0 F7200 X3.21 Y-63.042
G0 X-4.65 Y-60.548
G0 X-4.667 Y-60.558
G1 F3600 X-1.851 Y-55.68 E235.59998
G1 X-1.801 Y-55.594
G0 F7200 X-1.801 Y-55.7
G0 X1.999 Y-55.699
G0 X2.009 Y-55.6
;TYPE:WALL-INNER
G1 F4800 X-1.982 Y-55.6 E235.73272
G1 X-2.297 Y-55.649 E235.74332
G1 X-2.549 Y-55.778 E235.75274
G1 X-2.817 Y-56.078 E235.76612
G1 X-4.805 Y-59.522 E235.89838
G1 X-4.916 Y-59.811 E235.90868
G1 X-4.932 Y-60.092 E235.91804
G1 X-4.81 Y-60.469 E235.93122
G1 X-2.822 Y-63.914 E236.06351
G1 X-2.622 Y-64.163 E236.07413
G1 X-2.383 Y-64.319 E236.08362
G1 X-2.009 Y-64.4 E236.09635
G1 X1.982 Y-64.4 E236.22909
G1 X2.297 Y-64.351 E236.2397
G1 X2.549 Y-64.222 E236.24911
G1 X2.817 Y-63.922 E236.26249
G1 X4.798 Y-60.491 E236.39426
G1 X4.917 Y-60.186 E236.40515
G1 X4.932 Y-59.908 E236.41441
G1 X4.81 Y-59.531 E236.42759
G1 X2.822 Y-56.086 E236.55988
G1 X2.622 Y-55.837 E236.5705
G1 X2.383 Y-55.681 E236.58
G1 X2.009 Y-55.6 E236.59272
G0 F7200 X2.163 Y-55.208
;TYPE:WALL-OUTER
G1 F2400 X2.011 Y-55.2 E236.59779
G1 X-2.011 Y-55.2 E236.73156
G1 X-2.424 Y-55.264 E236.74546
G1 X-2.788 Y-55.451 E236.75907
G1 X-3.069 Y-55.732 E236.77229
G1 X-3.152 Y-55.859 E236.77733
G1 X-5.167 Y-59.35 E236.9114
G1 X-5.312 Y-59.725 E236.92477
G1 X-5.334 Y-60.135 E236.93843
G1 X-5.227 Y-60.532 E236.9521
G1 X-5.167 Y-60.65 E236.95651
G1 X-3.152 Y-64.141 E237.09057
G1 X-2.893 Y-64.464 E237.10434
G1 X-2.55 Y-64.688 E237.11797
G1 X-2.163 Y-64.792 E237.13129
G1 X-2.011 Y-64.8 E237.13636
G1 X2.011 Y-64.8 E237.27013
G1 X2.424 Y-64.736 E237.28403
G1 X2.788 Y-64.549 E237.29764
G1 X3.069 Y-64.268 E237.31086
G1 X3.152 Y-64.141 E237.3159
G1 X5.162 Y-60.659 E237.44963
G1 X5.312 Y-60.275 E237.46334
G1 X5.334 Y-59.865 E237.47699
G1 X5.227 Y-59.468 E237.49067
G1 X5.167 Y-59.35 E237.49507
G1 X3.152 Y-55.859 E237.62914
G1 X2.893 Y-55.536 E237.64291
G1 X2.55 Y-55.312 E237.65653
G1 X2.163 Y-55.208 E237.66986
G0 F7200 X2.011 Y-55.2
G0 X1.963 Y-55.2
G0 X1.963 Y-56
G1 F3000 E231.16986
G1 F4200 Z2
;MESH:NONMESH
G0 F7200 X1.963 Y-56 Z2
G0 X-1.355 Y4.053
;TIME_ELAPSED:201.501709
;LAYER:5
;MESH:deltaCalPrint60.stl
G0 X-1.355 Y4.053 Z2.2
;TYPE:FILL
G1 F4200 Z1.2
G1 F3000 E237.66986
G1 F3600 X1.355 Y4.053 E237.76
G1 X1.365 Y4.055
G1 X2.606 Y4.055 E237.80127
G1 X2.706 Y4.055
G0 F7200 X2.63 Y3.994
G0 X1.515 Y4.3
G0 X1.515 Y4.32
G1 F3600 X-2.984 Y-3.473 E238.10056
G1 X-3.083 Y-3.303
G1 X3.083 Y-3.303 E238.30564
G1 X2.985 Y-3.474
G1 X-1.515 Y4.32 E238.60498
G1 X-1.32 Y4.32
G1 X-4.302 Y-.84 E238.8032
G1 X-4.304 Y-.856
G1 X-4.399 Y-1.021 E238.80953
G1 X-4.499 Y-.848
G1 X4.5 Y-.848 E239.10884
G1 X4.304 Y-.855
G1 X4.4 Y-1.022 E239.11525
G0 F7200 X4.301 Y-.84
G1 F3600 X1.32 Y4.32 E239.31345
G1 X1.27 Y4.406
G0 F7200 X1.27 Y4.3
G0 X3.404 Y2.708
G0 X3.42 Y2.718
G1 F3600 X-.643 Y-4.32 E239.58374
G1 X-.693 Y-4.406
G0 F7200 X-.693 Y-4.3
G0 X0.643 Y-4.3
G0 X0.643 Y-4.32
G1 F3600 X-3.42 Y2.72 E239.85409
G1 X-3.469 Y2.806
G0 F7200 X-3.377 Y2.753
G0 X-4.044 Y1.597
G0 X-4.062 Y1.607
G1 F3600 X4.061 Y1.607 E240.12426
G1 X4.161 Y1.607
G0 F7200 X4.07 Y1.554
G0 X4.788 Y0.216
G0 X4.807 Y0.222
G1 F3600 X4.193 Y-.841 E240.16509
G1 X4.188 Y-.856
G1 X2.208 Y-4.284 E240.29676
G1 X2.158 Y-4.37
G0 F7200 X2.143 Y-4.274
G0 X-2.209 Y-4.255
G0 X-2.213 Y-4.275
G1 F3600 X-4.188 Y-.856 E240.42808
G1 X-4.193 Y-.842
G1 X-4.813 Y0.233 E240.46936
G1 X-4.863 Y0.319
G0 F7200 X-4.772 Y0.286
G0 X-2.577 Y4.042
G0 X-2.592 Y4.055
G1 F3600 X-1.365 Y4.055 E240.51017
G1 X-1.265 Y4.055
G0 F7200 X-4.819 Y0.168
G0 X-4.916 Y0.189
;TYPE:WALL-INNER
G1 F4800 X-4.932 Y-0.092 E240.51953
G1 X-4.81 Y-.469 E240.53271
G1 X-2.822 Y-3.914 E240.665
G1 X-2.622 Y-4.163 E240.67562
G1 X-2.383 Y-4.319 E240.68512
G1 X-2.009 Y-4.4 E240.69784
G1 X1.982 Y-4.4 E240.83059
G1 X2.297 Y-4.351 E240.84119
G1 X2.549 Y-4.222 E240.8506
G1 X2.817 Y-3.922 E240.86398
G1 X4.798 Y-.491 E240.99576
G1 X4.917 Y-.186 E241.00664
G1 X4.932 Y0.092 E241.0159
G1 X4.81 Y0.469 E241.02908
G1 X2.822 Y3.914 E241.16137
G1 X2.622 Y4.163 E241.172
G1 X2.383 Y4.319 E241.18149
G1 X2.009 Y4.4 E241.19422
G1 X-1.982 Y4.4 E241.32696
G1 X-2.297 Y4.351 E241.33756
G1 X-2.549 Y4.222 E241.34698
G1 X-2.817 Y3.922 E241.36036
G1 X-4.805 Y0.478 E241.49262
G1 X-4.916 Y0.189 E241.50292
G0 F7200 X-5.312 Y0.275
;TYPE:WALL-OUTER
G1 F2400 X-5.334 Y-.135 E241.51657
G1 X-5.227 Y-.532 E241.53025
G1 X-5.167 Y-.65 E241.53465
G1 X-3.152 Y-4.141 E241.66871
G1 X-2.893 Y-4.464 E241.68249
G1 X-2.55 Y-4.688 E241.69611
G1 X-2.163 Y-4.792 E241.70944
G1 X-2.011 Y-4.8 E241.7145
G1 X2.011 Y-4.8 E241.84827
G1 X2.424 Y-4.736 E241.86217
G1 X2.788 Y-4.549 E241.87578
G1 X3.069 Y-4.268 E241.889
G1 X3.152 Y-4.141 E241.89405
G1 X5.162 Y-.659 E242.02777
G1 X5.312 Y-.275 E242.04148
G1 X5.334 Y0.135 E242.05514
G1 X5.227 Y0.532 E242.06881
G1 X5.167 Y0.65 E242.07322
G1 X3.152 Y4.141 E242.20728
G1 X2.893 Y4.464 E242.22105
G1 X2.55 Y4.688 E242.23468
G1 X2.163 Y4.792 E242.24801
G1 X2.011 Y4.8 E242.25307
G1 X-2.011 Y4.8 E242.38684
G1 X-2.424 Y4.736 E242.40074
G1 X-2.788 Y4.549 E242.41435
G1 X-3.069 Y4.268 E242.42757
G1 X-3.152 Y4.141 E242.43262
G1 X-5.167 Y0.65 E242.56668
G1 X-5.312 Y0.275 E242.58005
G0 F7200 X-5.322 Y0.075
G0 X-4.523 Y0.031
G1 F3000 E236.08005
G1 F4200 Z2.2
G0 F7200 X-4.523 Y0.031 Z2.2
G0 X-48.246 Y-27.794
;TYPE:FILL
G1 F4200 Z1.2
G1 F3000 E242.58005
G1 F3600 X-55.677 Y-27.793 E242.82721
G1 X-55.777 Y-27.793
G0 F7200 X-56.095 Y-28.517
G1 F3600 X-52.745 Y-34.32 E243.05007
G1 X-52.695 Y-34.406
G0 F7200 X-51.909 Y-34.32
G1 F3600 X-48.195 Y-27.884 E243.29722
G1 X-48.146 Y-27.798
G0 F7200 X-48.235 Y-27.851
G0 X-47.17 Y-30.237
G0 X-47.151 Y-30.243
G1 F3600 X-56.76 Y-30.244 E243.61681
G1 X-56.86 Y-30.244
G0 F7200 X-56.752 Y-30.209
G0 X-55.994 Y-31.618
G0 X-56.01 Y-31.628
G1 F3600 X-52.576 Y-25.68 E243.84525
G0 F7200 X-52.074 Y-25.68
G1 F3600 X-48.276 Y-32.258 E244.09788
G0 F7200 X-48.527 Y-32.693
G1 F3600 X-55.396 Y-32.692 E244.32635
G1 X-55.496 Y-32.692
G0 F7200 X-55.405 Y-32.638
G0 X-54.561 Y-34.033
G0 X-54.576 Y-34.045
G1 F3600 X-49.771 Y-25.722 E244.64599
G1 X-49.721 Y-25.636
G0 F7200 X-49.745 Y-25.748
G0 X-54.66 Y-26.094
G0 X-54.676 Y-26.081
G1 F3600 X-49.924 Y-34.31 E244.96205
G1 X-49.874 Y-34.396
G0 F7200 X-49.891 Y-34.286
G0 X-49.612 Y-25.776
G0 X-49.574 Y-25.684
;TYPE:WALL-INNER
G1 F4800 X-49.953 Y-25.6 E244.97496
G1 X-53.944 Y-25.6 E245.1077
G1 X-54.258 Y-25.648 E245.11826
G1 X-54.507 Y-25.775 E245.12756
G1 X-54.777 Y-26.075 E245.14098
G1 X-56.768 Y-29.524 E245.27344
G1 X-56.878 Y-29.81 E245.28363
G1 X-56.892 Y-30.099 E245.29326
G1 X-56.772 Y-30.469 E245.30619
G1 X-54.783 Y-33.915 E245.43853
G1 X-54.583 Y-34.164 E245.44915
G1 X-54.349 Y-34.316 E245.45843
G1 X-53.97 Y-34.4 E245.47134
G1 X-49.979 Y-34.4 E245.60409
G1 X-49.665 Y-34.352 E245.61465
G1 X-49.416 Y-34.225 E245.62395
G1 X-49.151 Y-33.932 E245.63709
G1 X-47.155 Y-30.476 E245.76983
G1 X-47.045 Y-30.19 E245.78002
G1 X-47.031 Y-29.901 E245.78964
G1 X-47.151 Y-29.531 E245.80258
G1 X-49.14 Y-26.085 E245.93492
G1 X-49.34 Y-25.836 E245.94554
G1 X-49.574 Y-25.684 E245.95482
G0 F7200 X-49.799 Y-25.208
;TYPE:WALL-OUTER
G1 F2400 X-49.951 Y-25.2 E245.95988
G1 X-53.972 Y-25.2 E246.09362
G1 X-54.383 Y-25.263 E246.10745
G1 X-54.746 Y-25.448 E246.121
G1 X-55.034 Y-25.736 E246.13455
G1 X-55.113 Y-25.858 E246.13938
G1 X-57.129 Y-29.35 E246.27349
G1 X-57.275 Y-29.73 E246.28703
G1 X-57.295 Y-30.142 E246.30075
G1 X-57.189 Y-30.532 E246.31419
G1 X-57.129 Y-30.65 E246.3186
G1 X-55.113 Y-34.142 E246.45271
G1 X-54.855 Y-34.464 E246.46643
G1 X-54.514 Y-34.686 E246.47996
G1 X-54.124 Y-34.792 E246.49341
G1 X-53.972 Y-34.8 E246.49847
G1 X-49.951 Y-34.8 E246.63221
G1 X-49.54 Y-34.737 E246.64604
G1 X-49.177 Y-34.552 E246.65959
G1 X-48.889 Y-34.264 E246.67313
G1 X-48.815 Y-34.15 E246.67765
G1 X-46.794 Y-30.65 E246.81208
G1 X-46.648 Y-30.27 E246.82562
G1 X-46.628 Y-29.858 E246.83934
G1 X-46.734 Y-29.468 E246.85278
G1 X-46.794 Y-29.35 E246.85718
G1 X-48.81 Y-25.858 E246.99129
G1 X-49.068 Y-25.536 E247.00502
G1 X-49.409 Y-25.314 E247.01855
G1 X-49.799 Y-25.208 E247.03199
G0 F7200 X-49.951 Y-25.2
G0 X-49.999 Y-25.2
G0 X-49.998 Y-26
G1 F3000 E240.53199
G1 F4200 Z2.2
G0 F7200 X-49.996 Y-26 Z2.2
G0 X-50.615 Y25.68
;TYPE:FILL
G1 F4200 Z1.2
G1 F3000 E247.03199
G1 F3600 X-55.031 Y33.327 E247.3257
G1 X-54.964 Y33.443
G1 X-48.96 Y33.444 E247.52539
G0 F7200 X-49.266 Y33.944
G1 F3600 X-54.03 Y25.695 E247.84222
G0 F7200 X-53.443 Y25.68
G1 F3600 X-56.444 Y30.878 E248.04185
G1 X-56.376 Y30.996
G1 X-47.548 Y30.995 E248.33547
G0 F7200 X-47.844 Y31.51
G1 F3600 X-51.21 Y25.68 E248.55938
G1 X-51.26 Y25.594
G0 F7200 X-51.26 Y25.7
G0 X-49.248 Y26.11
G0 X-49.232 Y26.097
G1 F3600 X-54.689 Y26.096 E248.74088
G1 X-54.789 Y26.096
G0 F7200 X-54.704 Y26.146
G0 X-55.646 Y27.778
G0 X-55.662 Y27.768
G1 F3600 X-51.879 Y34.32 E248.99251
G1 X-51.829 Y34.406
G0 F7200 X-52.775 Y34.32
G1 F3600 X-48.627 Y27.135 E249.26845
G1 X-48.577 Y27.049
G0 F7200 X-48.669 Y27.102
G0 X-47.83 Y28.555
G0 X-47.812 Y28.545
G1 F3600 X-56.11 Y28.546 E249.54444
G1 X-56.21 Y28.546
G0 F7200 X-56.12 Y28.599
G0 X-49.949 Y34.297
G0 X-49.946 Y34.317
G1 F3600 X-47.216 Y29.588 E249.72606
G1 X-47.166 Y29.502
G0 F7200 X-47.254 Y29.552
G0 X-49.612 Y34.224
G0 X-49.574 Y34.316
;TYPE:WALL-INNER
G1 F4800 X-49.953 Y34.4 E249.73897
G1 X-53.944 Y34.4 E249.87171
G1 X-54.258 Y34.352 E249.88228
G1 X-54.507 Y34.225 E249.89157
G1 X-54.777 Y33.925 E249.905
G1 X-56.768 Y30.476 E250.03745
G1 X-56.878 Y30.19 E250.04765
G1 X-56.892 Y29.901 E250.05727
G1 X-56.772 Y29.531 E250.07021
G1 X-54.783 Y26.085 E250.20254
G1 X-54.583 Y25.836 E250.21316
G1 X-54.349 Y25.684 E250.22245
G1 X-53.97 Y25.6 E250.23536
G1 X-49.979 Y25.6 E250.3681
G1 X-49.665 Y25.648 E250.37866
G1 X-49.416 Y25.775 E250.38796
G1 X-49.151 Y26.068 E250.4011
G1 X-47.155 Y29.524 E250.53384
G1 X-47.045 Y29.81 E250.54403
G1 X-47.031 Y30.099 E250.55366
G1 X-47.151 Y30.469 E250.56659
G1 X-49.14 Y33.915 E250.69893
G1 X-49.34 Y34.164 E250.70955
G1 X-49.574 Y34.316 E250.71883
G0 F7200 X-49.799 Y34.792
;TYPE:WALL-OUTER
G1 F2400 X-49.951 Y34.8 E250.72389
G1 X-53.972 Y34.8 E250.85763
G1 X-54.383 Y34.737 E250.87146
G1 X-54.746 Y34.552 E250.88501
G1 X-55.034 Y34.264 E250.89856
G1 X-55.113 Y34.142 E250.9034
G1 X-57.129 Y30.65 E251.03751
G1 X-57.275 Y30.27 E251.05105
G1 X-57.295 Y29.858 E251.06476
G1 X-57.189 Y29.468 E251.07821
G1 X-57.129 Y29.35 E251.08261
G1 X-55.113 Y25.858 E251.21672
G1 X-54.855 Y25.536 E251.23044
G1 X-54.514 Y25.314 E251.24398
G1 X-54.124 Y25.208 E251.25742
G1 X-53.972 Y25.2 E251.26248
G1 X-49.951 Y25.2 E251.39622
G1 X-49.54 Y25.263 E251.41005
G1 X-49.177 Y25.448 E251.4236
G1 X-48.889 Y25.736 E251.43715
G1 X-48.815 Y25.85 E251.44167
G1 X-46.794 Y29.35 E251.57609
G1 X-46.648 Y29.73 E251.58963
G1 X-46.628 Y30.142 E251.60335
G1 X-46.734 Y30.532 E251.61679
G1 X-46.794 Y30.65 E251.6212
G1 X-48.81 Y34.142 E251.75531
G1 X-49.068 Y34.464 E251.76903
G1 X-49.409 Y34.686 E251.78256
G1 X-49.799 Y34.792 E251.796
G0 F7200 X-49.951 Y34.8
G0 X-49.999 Y34.8
G0 X-49.998 Y34
G1 F3000 E245.296
G1 F4200 Z2.2
G0 F7200 X-49.996 Y34 Z2.2
G0 X-4.049 Y58.372
;TYPE:FILL
G1 F4200 Z1.2
G1 F3000 E251.796
G1 F3600 X-.614 Y64.32 E252.02446
G1 X-.564 Y64.406
G0 F7200 X-.564 Y64.3
G0 X0.614 Y64.3
G0 X0.614 Y64.32
G1 F3600 X4.049 Y58.371 E252.25294
G0 F7200 X3.8 Y57.938
G1 F3600 X-3.799 Y57.938 E252.50568
G1 X-3.899 Y57.938
G0 F7200 X-3.807 Y57.991
G0 X-2.6 Y55.968
G0 X-2.615 Y55.956
G1 F3600 X2.191 Y64.28 E252.82537
G1 X2.241 Y64.366
G0 F7200 X2.217 Y64.253
G0 X3.334 Y62.829
G0 X3.35 Y62.839
G1 F3600 X-3.351 Y62.839 E253.04825
G1 X-3.451 Y62.839
G0 F7200 X-3.769 Y62.115
G1 F3600 X-0.052 Y55.68 E253.29541
G1 X0.052 Y55.68
G1 X3.768 Y62.115 E253.54257
G1 X3.818 Y62.201
G0 F7200 X3.727 Y62.148
G0 X4.732 Y60.386
G0 X4.751 Y60.392
G1 F3600 X-4.752 Y60.392 E253.85864
G1 X-4.852 Y60.392
G0 F7200 X-4.746 Y60.353
G0 X-2.192 Y64.266
G0 X-2.195 Y64.286
G1 F3600 X2.61 Y55.965 E254.17822
G1 X2.66 Y55.879
G0 F7200 X2.574 Y55.955
G0 X1.999 Y64.301
G0 X2.009 Y64.4
;TYPE:WALL-INNER
G1 F4800 X-1.982 Y64.4 E254.31096
G1 X-2.297 Y64.351 E254.32157
G1 X-2.549 Y64.222 E254.33098
G1 X-2.817 Y63.922 E254.34436
G1 X-4.805 Y60.478 E254.47662
G1 X-4.916 Y60.189 E254.48692
G1 X-4.932 Y59.908 E254.49628
G1 X-4.81 Y59.531 E254.50946
G1 X-2.822 Y56.086 E254.64175
G1 X-2.622 Y55.837 E254.65238
G1 X-2.383 Y55.681 E254.66187
G1 X-2.009 Y55.6 E254.6746
G1 X1.982 Y55.6 E254.80734
G1 X2.297 Y55.649 E254.81794
G1 X2.549 Y55.778 E254.82736
G1 X2.817 Y56.078 E254.84074
G1 X4.798 Y59.509 E254.97251
G1 X4.917 Y59.814 E254.9834
G1 X4.932 Y60.092 E254.99266
G1 X4.81 Y60.469 E255.00583
G1 X2.822 Y63.914 E255.13813
G1 X2.622 Y64.163 E255.14875
G1 X2.383 Y64.319 E255.15824
G1 X2.009 Y64.4 E255.17097
G0 F7200 X2.163 Y64.792
;TYPE:WALL-OUTER
G1 F2400 X2.011 Y64.8 E255.17603
G1 X-2.011 Y64.8 E255.3098
G1 X-2.424 Y64.736 E255.3237
G1 X-2.788 Y64.549 E255.33731
G1 X-3.069 Y64.268 E255.35053
G1 X-3.152 Y64.141 E255.35558
G1 X-5.167 Y60.65 E255.48964
G1 X-5.312 Y60.275 E255.50302
G1 X-5.334 Y59.865 E255.51667
G1 X-5.227 Y59.468 E255.53035
G1 X-5.167 Y59.35 E255.53475
G1 X-3.152 Y55.859 E255.66881
G1 X-2.893 Y55.536 E255.68258
G1 X-2.55 Y55.312 E255.69621
G1 X-2.163 Y55.208 E255.70954
G1 X-2.011 Y55.2 E255.7146
G1 X2.011 Y55.2 E255.84837
G1 X2.424 Y55.264 E255.86227
G1 X2.788 Y55.451 E255.87588
G1 X3.069 Y55.732 E255.8891
G1 X3.152 Y55.859 E255.89415
G1 X5.162 Y59.341 E256.02787
G1 X5.312 Y59.725 E256.04158
G1 X5.334 Y60.135 E256.05524
G1 X5.227 Y60.532 E256.06891
G1 X5.167 Y60.65 E256.07332
G1 X3.152 Y64.141 E256.20738
G1 X2.893 Y64.464 E256.22115
G1 X2.55 Y64.688 E256.23478
G1 X2.163 Y64.792 E256.24811
G0 F7200 X2.011 Y64.8
G0 X1.963 Y64.8
G0 X1.963 Y64
G1 F3000 E249.74811
G1 F4200 Z2.2
G0 F7200 X1.963 Y64 Z2.2
G0 X49.266 Y33.94
;TYPE:FILL
G1 F4200 Z1.2
G1 F3000 E256.24811
G1 F3600 X54.027 Y25.694 E256.5648
G0 F7200 X53.443 Y25.68
G1 F3600 X56.443 Y30.877 E256.76439
G1 X56.375 Y30.996
G1 X47.547 Y30.995 E257.05801
G0 F7200 X47.843 Y31.509
G1 F3600 X51.209 Y25.68 E257.28188
G0 F7200 X50.614 Y25.68
G1 F3600 X55.031 Y33.326 E257.57557
G1 X54.963 Y33.443
G1 X48.959 Y33.444 E257.77527
G1 X48.859 Y33.444
G0 F7200 X48.953 Y33.39
G0 X49.947 Y34.294
G0 X49.944 Y34.313
G1 F3600 X47.217 Y29.589 E257.95669
G1 X47.167 Y29.503
G0 F7200 X47.253 Y29.554
G0 X47.829 Y28.555
G0 X47.813 Y28.545
G1 F3600 X56.111 Y28.546 E258.23268
G1 X56.211 Y28.546
G0 F7200 X55.661 Y27.767
G1 F3600 X51.878 Y34.32 E258.48435
G1 X51.828 Y34.406
G0 F7200 X52.776 Y34.32
G1 F3600 X48.627 Y27.134 E258.76033
G1 X48.577 Y27.048
G0 F7200 X48.668 Y27.102
G0 X49.248 Y26.109
G0 X49.233 Y26.097
G1 F3600 X54.691 Y26.096 E258.94186
G1 X54.791 Y26.096
G0 F7200 X54.702 Y26.147
G0 X53.96 Y34.301
G0 X53.97 Y34.4
;TYPE:WALL-INNER
G1 F4800 X49.979 Y34.4 E259.07461
G1 X49.665 Y34.352 E259.08517
G1 X49.416 Y34.225 E259.09447
G1 X49.146 Y33.925 E259.10789
G1 X47.155 Y30.476 E259.24035
G1 X47.045 Y30.19 E259.25054
G1 X47.031 Y29.901 E259.26016
G1 X47.151 Y29.531 E259.2731
G1 X49.14 Y26.085 E259.40544
G1 X49.34 Y25.836 E259.41606
G1 X49.574 Y25.684 E259.42534
G1 X49.953 Y25.6 E259.43825
G1 X53.944 Y25.6 E259.57099
G1 X54.258 Y25.648 E259.58156
G1 X54.507 Y25.775 E259.59085
G1 X54.772 Y26.068 E259.60399
G1 X56.768 Y29.524 E259.73673
G1 X56.878 Y29.81 E259.74693
G1 X56.892 Y30.099 E259.75655
G1 X56.772 Y30.469 E259.76949
G1 X54.783 Y33.915 E259.90182
G1 X54.583 Y34.164 E259.91245
G1 X54.349 Y34.316 E259.92173
G1 X53.97 Y34.4 E259.93464
G0 F7200 X53.972 Y34.8
;TYPE:WALL-OUTER
G1 F2400 X49.951 Y34.8 E260.06838
G1 X49.54 Y34.737 E260.08221
G1 X49.177 Y34.552 E260.09576
G1 X48.889 Y34.264 E260.1093
G1 X48.81 Y34.142 E260.11414
G1 X46.794 Y30.65 E260.24825
G1 X46.648 Y30.27 E260.26179
G1 X46.628 Y29.858 E260.27551
G1 X46.734 Y29.468 E260.28895
G1 X46.794 Y29.35 E260.29335
G1 X48.81 Y25.858 E260.42746
G1 X49.068 Y25.536 E260.44119
G1 X49.409 Y25.314 E260.45472
G1 X49.799 Y25.208 E260.46816
G1 X49.951 Y25.2 E260.47322
G1 X53.972 Y25.2 E260.60696
G1 X54.383 Y25.263 E260.62079
G1 X54.746 Y25.448 E260.63434
G1 X55.034 Y25.736 E260.64789
G1 X55.108 Y25.85 E260.65241
G1 X57.129 Y29.35 E260.78683
G1 X57.275 Y29.73 E260.80037
G1 X57.295 Y30.142 E260.81409
G1 X57.189 Y30.532 E260.82753
G1 X57.129 Y30.65 E260.83194
G1 X55.113 Y34.142 E260.96605
G1 X54.855 Y34.464 E260.97977
G1 X54.514 Y34.686 E260.99331
G1 X54.124 Y34.792 E261.00675
G1 X53.972 Y34.8 E261.01181
G0 F7200 X53.772 Y34.8
G0 X53.772 Y34
G1 F3000 E254.51181
G1 F4200 Z2.2
G0 F7200 X53.772 Y34 Z2.2
G0 X52.576 Y-25.68
;TYPE:FILL
G1 F4200 Z1.2
G1 F3000 E261.01181
G1 F3600 X56.01 Y-31.629 E261.24027
G1 X56.06 Y-31.715
G0 F7200 X55.968 Y-31.662
G0 X55.379 Y-32.682
G0 X55.396 Y-32.692
G1 F3600 X48.527 Y-32.693 E261.46874
G0 F7200 X48.278 Y-32.261
G1 F3600 X52.077 Y-25.68 E261.72147
G1 X52.127 Y-25.594
G0 F7200 X52.127 Y-25.7
G0 X49.77 Y-25.733
G0 X49.767 Y-25.713
G1 F3600 X54.571 Y-34.035 E262.04107
G1 X54.62 Y-34.121
G0 F7200 X54.535 Y-34.045
G0 X52.744 Y-34.3
G0 X52.744 Y-34.32
G1 F3600 X56.094 Y-28.518 E262.26391
G1 X56.144 Y-28.432
G0 F7200 X55.676 Y-27.793
G1 F3600 X48.245 Y-27.794 E262.51106
G1 X48.193 Y-27.884
G1 X51.908 Y-34.32 E262.75823
G1 X51.957 Y-34.406
G0 F7200 X51.957 Y-34.3
G0 X49.926 Y-34.292
G0 X49.923 Y-34.312
G1 F3600 X54.676 Y-26.08 E263.07438
G1 X54.726 Y-25.994
G0 F7200 X54.639 Y-26.064
G0 X56.753 Y-30.238
G0 X56.772 Y-30.244
G1 F3600 X47.163 Y-30.243 E263.39398
G1 X47.063 Y-30.243
G0 F7200 X47.171 Y-30.208
G0 X53.96 Y-25.699
G0 X53.97 Y-25.6
;TYPE:WALL-INNER
G1 F4800 X49.979 Y-25.6 E263.52672
G1 X49.665 Y-25.648 E263.53729
G1 X49.416 Y-25.775 E263.54658
G1 X49.146 Y-26.075 E263.56001
G1 X47.155 Y-29.524 E263.69246
G1 X47.045 Y-29.81 E263.70266
G1 X47.031 Y-30.099 E263.71228
G1 X47.151 Y-30.469 E263.72522
G1 X49.14 Y-33.915 E263.85755
G1 X49.34 Y-34.164 E263.86817
G1 X49.574 Y-34.316 E263.87746
G1 X49.953 Y-34.4 E263.89037
G1 X53.944 Y-34.4 E264.02311
G1 X54.258 Y-34.352 E264.03367
G1 X54.507 Y-34.225 E264.04297
G1 X54.772 Y-33.932 E264.05611
G1 X56.768 Y-30.476 E264.18885
G1 X56.878 Y-30.19 E264.19904
G1 X56.892 Y-29.901 E264.20867
G1 X56.772 Y-29.531 E264.2216
G1 X54.783 Y-26.085 E264.35394
G1 X54.583 Y-25.836 E264.36456
G1 X54.349 Y-25.684 E264.37384
G1 X53.97 Y-25.6 E264.38675
G0 F7200 X53.972 Y-25.2
;TYPE:WALL-OUTER
G1 F2400 X49.951 Y-25.2 E264.52049
G1 X49.54 Y-25.263 E264.53432
G1 X49.177 Y-25.448 E264.54787
G1 X48.889 Y-25.736 E264.56142
G1 X48.81 Y-25.858 E264.56625
G1 X46.794 Y-29.35 E264.70036
G1 X46.648 Y-29.73 E264.7139
G1 X46.628 Y-30.142 E264.72762
G1 X46.734 Y-30.532 E264.74107
G1 X46.794 Y-30.65 E264.74547
G1 X48.81 Y-34.142 E264.87958
G1 X49.068 Y-34.464 E264.8933
G1 X49.409 Y-34.686 E264.90684
G1 X49.799 Y-34.792 E264.92028
G1 X49.951 Y-34.8 E264.92534
G1 X53.972 Y-34.8 E265.05908
G1 X54.383 Y-34.737 E265.07291
G1 X54.746 Y-34.552 E265.08646
G1 X55.034 Y-34.264 E265.10001
G1 X55.108 Y-34.15 E265.10453
G1 X57.129 Y-30.65 E265.23895
G1 X57.275 Y-30.27 E265.25249
G1 X57.295 Y-29.858 E265.26621
G1 X57.189 Y-29.468 E265.27965
G1 X57.129 Y-29.35 E265.28405
G1 X55.113 Y-25.858 E265.41816
G1 X54.855 Y-25.536 E265.43189
G1 X54.514 Y-25.314 E265.44542
G1 X54.124 Y-25.208 E265.45886
G1 X53.972 Y-25.2 E265.46393
G0 F7200 X53.772 Y-25.2
G0 X53.772 Y-26
G1 F3000 E258.96393
G1 F4200 Z2.2
G0 F7200 X53.772 Y-26 Z2.2
G0 X3.068 Y-56.672
;TYPE:FILL
G1 F4200 Z1.2
G1 F3000 E265.46393
G1 F3600 X-1.346 Y-64.32 E265.75762
G1 X-1.481 Y-64.32
G1 X-4.482 Y-59.122 E265.95726
G0 F7200 X-4.763 Y-59.637
G1 F3600 X4.76 Y-59.637 E266.27399
G0 F7200 X4.482 Y-59.122
G1 F3600 X1.482 Y-64.32 E266.47361
G1 X1.346 Y-64.32
G1 X-3.069 Y-56.672 E266.76732
G0 F7200 X-3.366 Y-57.187
G1 F3600 X3.365 Y-57.187 E266.9912
G1 X3.465 Y-57.187
G0 F7200 X3.374 Y-57.24
G0 X2.01 Y-55.702
G0 X2.014 Y-55.682
G1 F3600 X4.744 Y-60.41 E267.17278
G1 X4.794 Y-60.496
G0 F7200 X4.708 Y-60.447
G0 X3.767 Y-62.078
G0 X3.785 Y-62.088
G1 F3600 X-3.784 Y-62.088 E267.42453
G1 X-3.884 Y-62.088
G0 F7200 X-3.334 Y-62.866
G1 F3600 X0.815 Y-55.68 E267.70051
G1 X0.865 Y-55.594
G0 F7200 X0.865 Y-55.7
G0 X-.815 Y-55.7
G0 X-.815 Y-55.68
G1 F3600 X3.335 Y-62.867 E267.97654
G1 X3.385 Y-62.953
G0 F7200 X3.292 Y-62.9
G0 X-4.726 Y-60.405
G0 X-4.745 Y-60.411
G1 F3600 X-2.017 Y-55.687 E268.15798
G1 X-1.967 Y-55.601
G0 F7200 X-1.967 Y-55.7
G0 X1.999 Y-55.699
G0 X2.009 Y-55.6
;TYPE:WALL-INNER
G1 F4800 X-1.982 Y-55.6 E268.29072
G1 X-2.297 Y-55.649 E268.30132
G1 X-2.549 Y-55.778 E268.31074
G1 X-2.817 Y-56.078 E268.32412
G1 X-4.805 Y-59.522 E268.45638
G1 X-4.916 Y-59.811 E268.46668
G1 X-4.932 Y-60.092 E268.47604
G1 X-4.81 Y-60.469 E268.48922
G1 X-2.822 Y-63.914 E268.62151
G1 X-2.622 Y-64.163 E268.63213
G1 X-2.383 Y-64.319 E268.64162
G1 X-2.009 Y-64.4 E268.65435
G1 X1.982 Y-64.4 E268.78709
G1 X2.297 Y-64.351 E268.7977
G1 X2.549 Y-64.222 E268.80711
G1 X2.817 Y-63.922 E268.82049
G1 X4.798 Y-60.491 E268.95226
G1 X4.917 Y-60.186 E268.96315
G1 X4.932 Y-59.908 E268.97241
G1 X4.81 Y-59.531 E268.98559
G1 X2.822 Y-56.086 E269.11788
G1 X2.622 Y-55.837 E269.1285
G1 X2.383 Y-55.681 E269.138
G1 X2.009 Y-55.6 E269.15072
G0 F7200 X2.163 Y-55.208
;TYPE:WALL-OUTER
G1 F2400 X2.011 Y-55.2 E269.15579
G1 X-2.011 Y-55.2 E269.28956
G1 X-2.424 Y-55.264 E269.30346
G1 X-2.788 Y-55.451 E269.31707
G1 X-3.069 Y-55.732 E269.33029
G1 X-3.152 Y-55.859 E269.33533
G1 X-5.167 Y-59.35 E269.4694
G1 X-5.312 Y-59.725 E269.48277
G1 X-5.334 Y-60.135 E269.49643
G1 X-5.227 Y-60.532 E269.5101
G1 X-5.167 Y-60.65 E269.51451
G1 X-3.152 Y-64.141 E269.64857
G1 X-2.893 Y-64.464 E269.66234
G1 X-2.55 Y-64.688 E269.67597
G1 X-2.163 Y-64.792 E269.68929
G1 X-2.011 Y-64.8 E269.69436
G1 X2.011 Y-64.8 E269.82813
G1 X2.424 Y-64.736 E269.84203
G1 X2.788 Y-64.549 E269.85564
G1 X3.069 Y-64.268 E269.86886
G1 X3.152 Y-64.141 E269.8739
G1 X5.162 Y-60.659 E270.00763
G1 X5.312 Y-60.275 E270.02134
G1 X5.334 Y-59.865 E270.03499
G1 X5.227 Y-59.468 E270.04867
G1 X5.167 Y-59.35 E270.05307
G1 X3.152 Y-55.859 E270.18714
G1 X2.893 Y-55.536 E270.20091
G1 X2.55 Y-55.312 E270.21453
G1 X2.163 Y-55.208 E270.22786
G0 F7200 X2.011 Y-55.2
G0 X1.963 Y-55.2
G0 X1.963 Y-56
G1 F3000 E263.72786
G1 F4200 Z2.2
;MESH:NONMESH
G0 F7200 X1.963 Y-56 Z2.2
G0 X-1.11 Y3.912
;TIME_ELAPSED:230.071943
;LAYER:6
;MESH:deltaCalPrint60.stl
G0 X-1.11 Y3.912 Z2.4
;TYPE:FILL
G1 F4200 Z1.4
G1 F3000 E270.22786
G1 F3600 X1.11 Y3.912 E270.3017
G1 X1.12 Y3.913
G1 X2.72 Y3.913 E270.35492
G1 X2.82 Y3.913
G0 F7200 X2.74 Y3.858
G0 X3.323 Y2.848
G0 X3.339 Y2.858
G1 F3600 X-.805 Y-4.32 E270.63059
G1 X-.855 Y-4.406
G0 F7200 X-.855 Y-4.3
G0 X-2.022 Y-4.295
G0 X-2.026 Y-4.315
G1 F3600 X-3.943 Y-.997 E270.75804
G1 X-3.947 Y-.983
G1 X-4.747 Y0.404 E270.81129
G1 X-4.796 Y0.49
G0 F7200 X-4.711 Y0.441
G0 X-4.125 Y1.456
G0 X-4.143 Y1.466
G1 F3600 X4.143 Y1.466 E271.08689
G1 X4.243 Y1.466
G0 F7200 X4.151 Y1.413
G0 X4.729 Y0.398
G0 X4.747 Y0.404
G1 F3600 X3.947 Y-.982 E271.14011
G1 X3.944 Y-.997
G1 X2.029 Y-4.311 E271.26742
G1 X1.979 Y-4.397
G0 F7200 X1.979 Y-4.3
G0 X0.806 Y-4.3
G0 X0.806 Y-4.32
G1 F3600 X-3.338 Y2.861 E271.54318
G1 X-3.387 Y2.947
G0 F7200 X-3.295 Y2.894
G0 X-2.704 Y3.9
G0 X-2.72 Y3.913
G1 F3600 X-1.12 Y3.913 E271.59639
G0 F7200 X-1.353 Y4.32
G1 F3600 X3.066 Y-3.333 E271.89032
G1 X3.001 Y-3.445
G1 X-3.001 Y-3.445 E272.08994
G1 X-3.065 Y-3.333
G1 X1.353 Y4.32 E272.38385
G1 X1.483 Y4.32
G1 X4.485 Y-.876 E272.58344
G1 X4.419 Y-.989
G1 X-4.418 Y-.989 E272.87736
G1 X-4.484 Y-.874
G1 X-1.484 Y4.32 E273.07686
G1 X-1.434 Y4.406
G0 F7200 X-1.434 Y4.3
G0 X-4.819 Y0.168
G0 X-4.916 Y0.189
;TYPE:WALL-INNER
G1 F4800 X-4.932 Y-0.092 E273.08622
G1 X-4.81 Y-.469 E273.0994
G1 X-2.822 Y-3.914 E273.23169
G1 X-2.622 Y-4.163 E273.24232
G1 X-2.383 Y-4.319 E273.25181
G1 X-2.009 Y-4.4 E273.26454
G1 X1.982 Y-4.4 E273.39728
G1 X2.297 Y-4.351 E273.40788
G1 X2.549 Y-4.222 E273.4173
G1 X2.817 Y-3.922 E273.43068
G1 X4.798 Y-.491 E273.56245
G1 X4.917 Y-.186 E273.57334
G1 X4.932 Y0.092 E273.5826
G1 X4.81 Y0.469 E273.59578
G1 X2.822 Y3.914 E273.72807
G1 X2.622 Y4.163 E273.73869
G1 X2.383 Y4.319 E273.74818
G1 X2.009 Y4.4 E273.76091
G1 X-1.982 Y4.4 E273.89365
G1 X-2.297 Y4.351 E273.90425
G1 X-2.549 Y4.222 E273.91367
G1 X-2.817 Y3.922 E273.92705
G1 X-4.805 Y0.478 E274.05931
G1 X-4.916 Y0.189 E274.06961
G0 F7200 X-5.312 Y0.275
;TYPE:WALL-OUTER
G1 F2400 X-5.334 Y-.135 E274.08326
G1 X-5.227 Y-.532 E274.09694
G1 X-5.167 Y-.65 E274.10134
G1 X-3.152 Y-4.141 E274.23541
G1 X-2.893 Y-4.464 E274.24918
G1 X-2.55 Y-4.688 E274.2628
G1 X-2.163 Y-4.792 E274.27613
G1 X-2.011 Y-4.8 E274.28119
G1 X2.011 Y-4.8 E274.41497
G1 X2.424 Y-4.736 E274.42887
G1 X2.788 Y-4.549 E274.44248
G1 X3.069 Y-4.268 E274.45569
G1 X3.152 Y-4.141 E274.46074
G1 X5.162 Y-.659 E274.59446
G1 X5.312 Y-.275 E274.60818
G1 X5.334 Y0.135 E274.62183
G1 X5.227 Y0.532 E274.63551
G1 X5.167 Y0.65 E274.63991
G1 X3.152 Y4.141 E274.77397
G1 X2.893 Y4.464 E274.78774
G1 X2.55 Y4.688 E274.80137
G1 X2.163 Y4.792 E274.8147
G1 X2.011 Y4.8 E274.81976
G1 X-2.011 Y4.8 E274.95353
G1 X-2.424 Y4.736 E274.96743
G1 X-2.788 Y4.549 E274.98104
G1 X-3.069 Y4.268 E274.99426
G1 X-3.152 Y4.141 E274.99931
G1 X-5.167 Y0.65 E275.13337
G1 X-5.312 Y0.275 E275.14675
G0 F7200 X-5.322 Y0.075
G0 X-4.523 Y0.031
G1 F3000 E268.64675
G1 F4200 Z2.4
G0 F7200 X-4.523 Y0.031 Z2.4
G0 X-48.276 Y-27.743
;TYPE:FILL
G1 F4200 Z1.4
G1 F3000 E275.14675
G1 F3600 X-52.073 Y-34.32 E275.39933
G0 F7200 X-52.583 Y-34.32
G1 F3600 X-56.014 Y-28.376 E275.6276
G0 F7200 X-55.759 Y-27.935
G1 F3600 X-48.164 Y-27.936 E275.88021
G1 X-48.064 Y-27.936
G0 F7200 X-48.155 Y-27.99
G0 X-47.225 Y-30.379
G0 X-47.206 Y-30.385
G1 F3600 X-56.714 Y-30.386 E276.19645
G1 X-56.814 Y-30.386
G0 F7200 X-56.706 Y-30.351
G0 X-56.076 Y-31.477
G0 X-56.091 Y-31.487
G1 F3600 X-52.738 Y-25.68 E276.41948
G1 X-52.688 Y-25.594
G0 F7200 X-51.912 Y-25.68
G1 F3600 X-48.195 Y-32.117 E276.6667
G1 X-48.145 Y-32.203
G0 F7200 X-48.609 Y-32.834
G1 F3600 X-55.315 Y-32.833 E276.88975
G1 X-55.415 Y-32.833
G0 F7200 X-55.324 Y-32.779
G0 X-54.656 Y-33.914
G0 X-54.671 Y-33.926
G1 F3600 X-49.916 Y-25.69 E277.20605
G1 X-49.866 Y-25.604
G0 F7200 X-49.89 Y-25.716
G0 X-54.56 Y-25.982
G0 X-54.575 Y-25.97
G1 F3600 X-49.773 Y-34.288 E277.5255
G1 X-49.723 Y-34.374
G0 F7200 X-49.74 Y-34.263
G0 X-49.612 Y-25.776
G0 X-49.574 Y-25.684
;TYPE:WALL-INNER
G1 F4800 X-49.953 Y-25.6 E277.53842
G1 X-53.944 Y-25.6 E277.67116
G1 X-54.258 Y-25.648 E277.68172
G1 X-54.507 Y-25.775 E277.69102
G1 X-54.777 Y-26.075 E277.70444
G1 X-56.768 Y-29.524 E277.8369
G1 X-56.878 Y-29.81 E277.84709
G1 X-56.892 Y-30.099 E277.85671
G1 X-56.772 Y-30.469 E277.86965
G1 X-54.783 Y-33.915 E278.00199
G1 X-54.583 Y-34.164 E278.01261
G1 X-54.349 Y-34.316 E278.02189
G1 X-53.97 Y-34.4 E278.0348
G1 X-49.979 Y-34.4 E278.16754
G1 X-49.665 Y-34.352 E278.17811
G1 X-49.416 Y-34.225 E278.1874
G1 X-49.151 Y-33.932 E278.20054
G1 X-47.155 Y-30.476 E278.33329
G1 X-47.045 Y-30.19 E278.34348
G1 X-47.031 Y-29.901 E278.3531
G1 X-47.151 Y-29.531 E278.36604
G1 X-49.14 Y-26.085 E278.49837
G1 X-49.34 Y-25.836 E278.509
G1 X-49.574 Y-25.684 E278.51828
G0 F7200 X-49.799 Y-25.208
;TYPE:WALL-OUTER
G1 F2400 X-49.951 Y-25.2 E278.52334
G1 X-53.972 Y-25.2 E278.65708
G1 X-54.383 Y-25.263 E278.67091
G1 X-54.746 Y-25.448 E278.68446
G1 X-55.034 Y-25.736 E278.69801
G1 X-55.113 Y-25.858 E278.70284
G1 X-57.129 Y-29.35 E278.83695
G1 X-57.275 Y-29.73 E278.85049
G1 X-57.295 Y-30.142 E278.86421
G1 X-57.189 Y-30.532 E278.87765
G1 X-57.129 Y-30.65 E278.88205
G1 X-55.113 Y-34.142 E279.01616
G1 X-54.855 Y-34.464 E279.02989
G1 X-54.514 Y-34.686 E279.04342
G1 X-54.124 Y-34.792 E279.05686
G1 X-53.972 Y-34.8 E279.06193
G1 X-49.951 Y-34.8 E279.19566
G1 X-49.54 Y-34.737 E279.20949
G1 X-49.177 Y-34.552 E279.22305
G1 X-48.889 Y-34.264 E279.23659
G1 X-48.815 Y-34.15 E279.24111
G1 X-46.794 Y-30.65 E279.37554
G1 X-46.648 Y-30.27 E279.38908
G1 X-46.628 Y-29.858 E279.4028
G1 X-46.734 Y-29.468 E279.41624
G1 X-46.794 Y-29.35 E279.42064
G1 X-48.81 Y-25.858 E279.55475
G1 X-49.068 Y-25.536 E279.56847
G1 X-49.409 Y-25.314 E279.58201
G1 X-49.799 Y-25.208 E279.59545
G0 F7200 X-49.951 Y-25.2
G0 X-49.999 Y-25.2
G0 X-49.998 Y-26
G1 F3000 E273.09545
G1 F4200 Z2.4
G0 F7200 X-49.996 Y-26 Z2.4
G0 X-50.451 Y25.68
;TYPE:FILL
G1 F4200 Z1.4
G1 F3000 E279.59545
G1 F3600 X-54.949 Y33.468 E279.89458
G1 X-55.045 Y33.302
G1 X-48.879 Y33.303 E280.09966
G1 X-48.779 Y33.303
G0 F7200 X-49.36 Y34.061
G1 F3600 X-54.171 Y25.727 E280.41972
G0 F7200 X-54.576 Y25.955
G1 F3600 X-49.36 Y25.956 E280.59321
G1 X-49.26 Y25.956
G0 F7200 X-49.33 Y26.019
G0 X-48.563 Y27.285
G0 X-48.546 Y27.276
G1 F3600 X-52.613 Y34.32 E280.86374
G0 F7200 X-52.04 Y34.32
G1 F3600 X-55.742 Y27.908 E281.10999
G0 F7200 X-56.029 Y28.405
G1 F3600 X-47.894 Y28.404 E281.38056
G1 X-47.794 Y28.404
G0 F7200 X-47.886 Y28.457
G0 X-47.17 Y29.763
G0 X-47.151 Y29.757
G1 F3600 X-49.759 Y34.275 E281.55407
G1 X-49.809 Y34.361
G0 F7200 X-49.828 Y34.27
G0 X-47.942 Y31.641
G0 X-47.926 Y31.652
G1 F3600 X-51.374 Y25.68 E281.78343
G1 X-51.424 Y25.594
G0 F7200 X-51.424 Y25.7
G0 X-53.28 Y25.7
G0 X-53.28 Y25.68
G1 F3600 X-56.363 Y31.019 E281.98849
G1 X-56.458 Y30.854
G1 X-47.466 Y30.853 E282.28756
G1 X-47.366 Y30.853
G0 F7200 X-47.456 Y30.8
G0 X-49.612 Y34.224
G0 X-49.574 Y34.316
;TYPE:WALL-INNER
G1 F4800 X-49.953 Y34.4 E282.30047
G1 X-53.944 Y34.4 E282.43321
G1 X-54.258 Y34.352 E282.44378
G1 X-54.507 Y34.225 E282.45308
G1 X-54.777 Y33.925 E282.4665
G1 X-56.768 Y30.476 E282.59896
G1 X-56.878 Y30.19 E282.60915
G1 X-56.892 Y29.901 E282.61877
G1 X-56.772 Y29.531 E282.63171
G1 X-54.783 Y26.085 E282.76404
G1 X-54.583 Y25.836 E282.77467
G1 X-54.349 Y25.684 E282.78395
G1 X-53.97 Y25.6 E282.79686
G1 X-49.979 Y25.6 E282.9296
G1 X-49.665 Y25.648 E282.94017
G1 X-49.416 Y25.775 E282.94946
G1 X-49.151 Y26.068 E282.9626
G1 X-47.155 Y29.524 E283.09534
G1 X-47.045 Y29.81 E283.10553
G1 X-47.031 Y30.099 E283.11516
G1 X-47.151 Y30.469 E283.1281
G1 X-49.14 Y33.915 E283.26043
G1 X-49.34 Y34.164 E283.27105
G1 X-49.574 Y34.316 E283.28033
G0 F7200 X-49.799 Y34.792
;TYPE:WALL-OUTER
G1 F2400 X-49.951 Y34.8 E283.2854
G1 X-53.972 Y34.8 E283.41914
G1 X-54.383 Y34.737 E283.43297
G1 X-54.746 Y34.552 E283.44652
G1 X-55.034 Y34.264 E283.46006
G1 X-55.113 Y34.142 E283.4649
G1 X-57.129 Y30.65 E283.59901
G1 X-57.275 Y30.27 E283.61255
G1 X-57.295 Y29.858 E283.62627
G1 X-57.189 Y29.468 E283.63971
G1 X-57.129 Y29.35 E283.64411
G1 X-55.113 Y25.858 E283.77822
G1 X-54.855 Y25.536 E283.79195
G1 X-54.514 Y25.314 E283.80548
G1 X-54.124 Y25.208 E283.81892
G1 X-53.972 Y25.2 E283.82398
G1 X-49.951 Y25.2 E283.95772
G1 X-49.54 Y25.263 E283.97155
G1 X-49.177 Y25.448 E283.9851
G1 X-48.889 Y25.736 E283.99865
G1 X-48.815 Y25.85 E284.00317
G1 X-46.794 Y29.35 E284.13759
G1 X-46.648 Y29.73 E284.15113
G1 X-46.628 Y30.142 E284.16485
G1 X-46.734 Y30.532 E284.17829
G1 X-46.794 Y30.65 E284.1827
G1 X-48.81 Y34.142 E284.31681
G1 X-49.068 Y34.464 E284.33053
G1 X-49.409 Y34.686 E284.34406
G1 X-49.799 Y34.792 E284.35751
G0 F7200 X-49.951 Y34.8
G0 X-49.999 Y34.8
G0 X-49.998 Y34
G1 F3000 E277.85751
G1 F4200 Z2.4
G0 F7200 X-49.996 Y34 Z2.4
G0 X-4.13 Y58.512
;TYPE:FILL
G1 F4200 Z1.4
G1 F3000 E284.35751
G1 F3600 X-.777 Y64.32 E284.58056
G1 X-.727 Y64.406
G0 F7200 X-.727 Y64.3
G0 X-2.041 Y64.29
G0 X-2.044 Y64.309
G1 F3600 X2.709 Y56.076 E284.89675
G1 X2.759 Y55.99
G0 F7200 X2.673 Y56.066
G0 X3.7 Y57.807
G0 X3.718 Y57.797
G1 F3600 X-3.717 Y57.797 E285.14404
G1 X-3.817 Y57.797
G0 F7200 X-3.726 Y57.85
G0 X-2.695 Y56.087
G0 X-2.71 Y56.074
G1 F3600 X2.046 Y64.311 E285.46039
G1 X2.096 Y64.397
G0 F7200 X2.072 Y64.284
G0 X0.777 Y64.3
G0 X0.777 Y64.32
G1 F3600 X4.131 Y58.511 E285.68349
G1 X4.181 Y58.425
G0 F7200 X4.088 Y58.478
G0 X4.778 Y60.244
G0 X4.797 Y60.25
G1 F3600 X-4.807 Y60.25 E286.00292
G1 X-4.907 Y60.25
G0 F7200 X-4.801 Y60.211
G0 X-3.669 Y62.247
G0 X-3.687 Y62.257
G1 F3600 X0.111 Y55.68 E286.25553
G0 F7200 X-.112 Y55.68
G1 F3600 X3.686 Y62.257 E286.50813
G0 F7200 X3.432 Y62.698
G1 F3600 X-3.432 Y62.698 E286.73643
G1 X-3.532 Y62.698
G0 F7200 X-3.439 Y62.645
G0 X1.999 Y64.301
G0 X2.009 Y64.4
;TYPE:WALL-INNER
G1 F4800 X-1.982 Y64.4 E286.86917
G1 X-2.297 Y64.351 E286.87977
G1 X-2.549 Y64.222 E286.88919
G1 X-2.817 Y63.922 E286.90257
G1 X-4.805 Y60.478 E287.03483
G1 X-4.916 Y60.189 E287.04513
G1 X-4.932 Y59.908 E287.05449
G1 X-4.81 Y59.531 E287.06767
G1 X-2.822 Y56.086 E287.19996
G1 X-2.622 Y55.837 E287.21058
G1 X-2.383 Y55.681 E287.22007
G1 X-2.009 Y55.6 E287.2328
G1 X1.982 Y55.6 E287.36554
G1 X2.297 Y55.649 E287.37615
G1 X2.549 Y55.778 E287.38556
G1 X2.817 Y56.078 E287.39894
G1 X4.798 Y59.509 E287.53071
G1 X4.917 Y59.814 E287.5416
G1 X4.932 Y60.092 E287.55086
G1 X4.81 Y60.469 E287.56404
G1 X2.822 Y63.914 E287.69633
G1 X2.622 Y64.163 E287.70695
G1 X2.383 Y64.319 E287.71645
G1 X2.009 Y64.4 E287.72918
G0 F7200 X2.163 Y64.792
;TYPE:WALL-OUTER
G1 F2400 X2.011 Y64.8 E287.73424
G1 X-2.011 Y64.8 E287.86801
G1 X-2.424 Y64.736 E287.88191
G1 X-2.788 Y64.549 E287.89552
G1 X-3.069 Y64.268 E287.90874
G1 X-3.152 Y64.141 E287.91378
G1 X-5.167 Y60.65 E288.04785
G1 X-5.312 Y60.275 E288.06122
G1 X-5.334 Y59.865 E288.07488
G1 X-5.227 Y59.468 E288.08855
G1 X-5.167 Y59.35 E288.09296
G1 X-3.152 Y55.859 E288.22702
G1 X-2.893 Y55.536 E288.24079
G1 X-2.55 Y55.312 E288.25442
G1 X-2.163 Y55.208 E288.26775
G1 X-2.011 Y55.2 E288.27281
G1 X2.011 Y55.2 E288.40658
G1 X2.424 Y55.264 E288.42048
G1 X2.788 Y55.451 E288.43409
G1 X3.069 Y55.732 E288.44731
G1 X3.152 Y55.859 E288.45236
G1 X5.162 Y59.341 E288.58608
G1 X5.312 Y59.725 E288.59979
G1 X5.334 Y60.135 E288.61345
G1 X5.227 Y60.532 E288.62712
G1 X5.167 Y60.65 E288.63152
G1 X3.152 Y64.141 E288.76559
G1 X2.893 Y64.464 E288.77936
G1 X2.55 Y64.688 E288.79298
G1 X2.163 Y64.792 E288.80631
G0 F7200 X2.011 Y64.8
G0 X1.963 Y64.8
G0 X1.963 Y64
G1 F3000 E282.30631
G1 F4200 Z2.4
G0 F7200 X1.963 Y64 Z2.4
G0 X48.878 Y33.303
;TYPE:FILL
G1 F4200 Z1.4
G1 F3000 E288.80631
G1 F3600 X55.044 Y33.302 E289.01139
G1 X54.949 Y33.468
G1 X50.451 Y25.68 E289.31052
G1 X50.401 Y25.594
G0 F7200 X51.374 Y25.68
G1 F3600 X47.926 Y31.652 E289.53988
G1 X47.876 Y31.738
G0 F7200 X47.465 Y30.853
G1 F3600 X56.457 Y30.854 E289.83896
G1 X56.362 Y31.018
G1 X53.28 Y25.68 E290.04397
G1 X53.23 Y25.594
G0 F7200 X54.178 Y25.716
G1 F3600 X49.366 Y34.05 E290.36404
G0 F7200 X49.767 Y34.287
G1 F3600 X47.158 Y29.769 E290.53757
G1 X47.108 Y29.683
G0 F7200 X47.197 Y29.712
G0 X47.91 Y28.414
G0 X47.894 Y28.404
G1 F3600 X56.029 Y28.405 E290.80814
G0 F7200 X55.743 Y27.908
G1 F3600 X52.041 Y34.32 E291.0544
G0 F7200 X52.613 Y34.32
G1 F3600 X48.545 Y27.275 E291.32497
G1 X48.495 Y27.189
G0 F7200 X48.586 Y27.243
G0 X49.362 Y25.968
G0 X49.347 Y25.956
G1 F3600 X54.563 Y25.955 E291.49846
G1 X54.663 Y25.955
G0 F7200 X54.592 Y26.018
G0 X53.96 Y34.301
G0 X53.97 Y34.4
;TYPE:WALL-INNER
G1 F4800 X49.979 Y34.4 E291.6312
G1 X49.665 Y34.352 E291.64176
G1 X49.416 Y34.225 E291.65106
G1 X49.146 Y33.925 E291.66449
G1 X47.155 Y30.476 E291.79694
G1 X47.045 Y30.19 E291.80713
G1 X47.031 Y29.901 E291.81676
G1 X47.151 Y29.531 E291.82969
G1 X49.14 Y26.085 E291.96203
G1 X49.34 Y25.836 E291.97265
G1 X49.574 Y25.684 E291.98193
G1 X49.953 Y25.6 E291.99484
G1 X53.944 Y25.6 E292.12759
G1 X54.258 Y25.648 E292.13815
G1 X54.507 Y25.775 E292.14745
G1 X54.772 Y26.068 E292.16059
G1 X56.768 Y29.524 E292.29333
G1 X56.878 Y29.81 E292.30352
G1 X56.892 Y30.099 E292.31314
G1 X56.772 Y30.469 E292.32608
G1 X54.783 Y33.915 E292.45842
G1 X54.583 Y34.164 E292.46904
G1 X54.349 Y34.316 E292.47832
G1 X53.97 Y34.4 E292.49123
G0 F7200 X53.972 Y34.8
;TYPE:WALL-OUTER
G1 F2400 X49.951 Y34.8 E292.62497
G1 X49.54 Y34.737 E292.6388
G1 X49.177 Y34.552 E292.65235
G1 X48.889 Y34.264 E292.6659
G1 X48.81 Y34.142 E292.67073
G1 X46.794 Y30.65 E292.80484
G1 X46.648 Y30.27 E292.81838
G1 X46.628 Y29.858 E292.8321
G1 X46.734 Y29.468 E292.84554
G1 X46.794 Y29.35 E292.84995
G1 X48.81 Y25.858 E292.98406
G1 X49.068 Y25.536 E292.99778
G1 X49.409 Y25.314 E293.01131
G1 X49.799 Y25.208 E293.02476
G1 X49.951 Y25.2 E293.02982
G1 X53.972 Y25.2 E293.16356
G1 X54.383 Y25.263 E293.17739
G1 X54.746 Y25.448 E293.19094
G1 X55.034 Y25.736 E293.20448
G1 X55.108 Y25.85 E293.209
G1 X57.129 Y29.35 E293.34343
G1 X57.275 Y29.73 E293.35697
G1 X57.295 Y30.142 E293.37069
G1 X57.189 Y30.532 E293.38413
G1 X57.129 Y30.65 E293.38853
G1 X55.113 Y34.142 E293.52264
G1 X54.855 Y34.464 E293.53637
G1 X54.514 Y34.686 E293.5499
G1 X54.124 Y34.792 E293.56334
G1 X53.972 Y34.8 E293.5684
G0 F7200 X53.772 Y34.8
G0 X53.772 Y34
G1 F3000 E287.0684
G1 F4200 Z2.4
G0 F7200 X53.772 Y34 Z2.4
G0 X52.739 Y-25.68
;TYPE:FILL
G1 F4200 Z1.4
G1 F3000 E293.5684
G1 F3600 X56.092 Y-31.487 E293.79143
G1 X56.142 Y-31.573
G0 F7200 X56.05 Y-31.52
G0 X56.698 Y-30.38
G0 X56.717 Y-30.386
G1 F3600 X47.209 Y-30.385 E294.10767
G1 X47.109 Y-30.385
G0 F7200 X47.217 Y-30.35
G0 X48.211 Y-32.107
G0 X48.195 Y-32.117
G1 F3600 X51.912 Y-25.68 E294.35489
G1 X51.962 Y-25.594
G0 F7200 X51.962 Y-25.7
G0 X49.921 Y-25.71
G0 X49.918 Y-25.691
G1 F3600 X54.672 Y-33.925 E294.67113
G1 X54.722 Y-34.011
G0 F7200 X54.636 Y-33.934
G0 X55.297 Y-32.823
G0 X55.315 Y-32.833
G1 F3600 X48.608 Y-32.834 E294.8942
G1 X48.508 Y-32.834
G0 F7200 X48.6 Y-32.78
G0 X49.781 Y-34.26
G0 X49.778 Y-34.279
G1 F3600 X54.581 Y-25.961 E295.21367
G1 X54.631 Y-25.875
G0 F7200 X54.543 Y-25.946
G0 X55.742 Y-27.945
G0 X55.758 Y-27.935
G1 F3600 X48.164 Y-27.936 E295.46625
G0 F7200 X48.275 Y-27.743
G1 F3600 X52.072 Y-34.32 E295.71884
G0 F7200 X52.582 Y-34.32
G1 F3600 X56.013 Y-28.377 E295.94708
G1 X56.063 Y-28.291
G0 F7200 X55.972 Y-28.344
G0 X53.96 Y-25.699
G0 X53.97 Y-25.6
;TYPE:WALL-INNER
G1 F4800 X49.979 Y-25.6 E296.07982
G1 X49.665 Y-25.648 E296.09038
G1 X49.416 Y-25.775 E296.09968
G1 X49.146 Y-26.075 E296.1131
G1 X47.155 Y-29.524 E296.24556
G1 X47.045 Y-29.81 E296.25575
G1 X47.031 Y-30.099 E296.26537
G1 X47.151 Y-30.469 E296.27831
G1 X49.14 Y-33.915 E296.41065
G1 X49.34 Y-34.164 E296.42127
G1 X49.574 Y-34.316 E296.43055
G1 X49.953 Y-34.4 E296.44346
G1 X53.944 Y-34.4 E296.5762
G1 X54.258 Y-34.352 E296.58677
G1 X54.507 Y-34.225 E296.59607
G1 X54.772 Y-33.932 E296.6092
G1 X56.768 Y-30.476 E296.74195
G1 X56.878 Y-30.19 E296.75214
G1 X56.892 Y-29.901 E296.76176
G1 X56.772 Y-29.531 E296.7747
G1 X54.783 Y-26.085 E296.90703
G1 X54.583 Y-25.836 E296.91766
G1 X54.349 Y-25.684 E296.92694
G1 X53.97 Y-25.6 E296.93985
G0 F7200 X53.972 Y-25.2
;TYPE:WALL-OUTER
G1 F2400 X49.951 Y-25.2 E297.07359
G1 X49.54 Y-25.263 E297.08742
G1 X49.177 Y-25.448 E297.10097
G1 X48.889 Y-25.736 E297.11452
G1 X48.81 Y-25.858 E297.11935
G1 X46.794 Y-29.35 E297.25346
G1 X46.648 Y-29.73 E297.267
G1 X46.628 Y-30.142 E297.28072
G1 X46.734 Y-30.532 E297.29416
G1 X46.794 Y-30.65 E297.29856
G1 X48.81 Y-34.142 E297.43267
G1 X49.068 Y-34.464 E297.4464
G1 X49.409 Y-34.686 E297.45993
G1 X49.799 Y-34.792 E297.47337
G1 X49.951 Y-34.8 E297.47844
G1 X53.972 Y-34.8 E297.61217
G1 X54.383 Y-34.737 E297.626
G1 X54.746 Y-34.552 E297.63955
G1 X55.034 Y-34.264 E297.6531
G1 X55.108 Y-34.15 E297.65762
G1 X57.129 Y-30.65 E297.79205
G1 X57.275 Y-30.27 E297.80559
G1 X57.295 Y-29.858 E297.8193
G1 X57.189 Y-29.468 E297.83275
G1 X57.129 Y-29.35 E297.83715
G1 X55.113 Y-25.858 E297.97126
G1 X54.855 Y-25.536 E297.98498
G1 X54.514 Y-25.314 E297.99852
G1 X54.124 Y-25.208 E298.01196
G1 X53.972 Y-25.2 E298.01702
G0 F7200 X53.772 Y-25.2
G0 X53.772 Y-26
G1 F3000 E291.51702
G1 F4200 Z2.4
G0 F7200 X53.772 Y-26 Z2.4
G0 X2.986 Y-56.53
;TYPE:FILL
G1 F4200 Z1.4
G1 F3000 E298.01702
G1 F3600 X-1.509 Y-64.32 E298.31616
G1 X-1.318 Y-64.32
G1 X-4.401 Y-58.981 E298.52121
G1 X-4.451 Y-58.895
G0 F7200 X-4.818 Y-59.778
G1 F3600 X4.806 Y-59.778 E298.84131
G0 F7200 X4.81 Y-60.242
G1 F3600 X2.2 Y-55.722 E299.01491
G1 X2.15 Y-55.636
G0 F7200 X2.131 Y-55.728
G0 X0.651 Y-55.7
G0 X0.651 Y-55.68
G1 F3600 X-3.416 Y-62.725 E299.28547
G0 F7200 X-3.702 Y-62.229
G1 F3600 X3.703 Y-62.229 E299.53176
G0 F7200 X3.417 Y-62.726
G1 F3600 X-.651 Y-55.68 E299.80236
G1 X-.701 Y-55.594
G0 F7200 X-.701 Y-55.7
G0 X-2.193 Y-55.734
G0 X-2.196 Y-55.714
G1 F3600 X-4.803 Y-60.231 E299.97583
G1 X-4.852 Y-60.317
G0 F7200 X-4.764 Y-60.289
G0 X-3.43 Y-57.339
G0 X-3.448 Y-57.329
G1 F3600 X3.447 Y-57.329 E300.20515
G1 X3.547 Y-57.329
G0 F7200 X3.456 Y-57.382
G0 X4.384 Y-58.991
G0 X4.401 Y-58.981
G1 F3600 X1.318 Y-64.32 E300.41021
G1 X1.509 Y-64.32
G1 X-2.987 Y-56.53 E300.70936
G1 X-3.036 Y-56.444
G0 F7200 X-2.944 Y-56.497
G0 X1.999 Y-55.699
G0 X2.009 Y-55.6
;TYPE:WALL-INNER
G1 F4800 X-1.982 Y-55.6 E300.8421
G1 X-2.297 Y-55.649 E300.85271
G1 X-2.549 Y-55.778 E300.86212
G1 X-2.817 Y-56.078 E300.8755
G1 X-4.805 Y-59.522 E301.00777
G1 X-4.916 Y-59.811 E301.01806
G1 X-4.932 Y-60.092 E301.02742
G1 X-4.81 Y-60.469 E301.0406
G1 X-2.822 Y-63.914 E301.17289
G1 X-2.622 Y-64.163 E301.18352
G1 X-2.383 Y-64.319 E301.19301
G1 X-2.009 Y-64.4 E301.20574
G1 X1.982 Y-64.4 E301.33848
G1 X2.297 Y-64.351 E301.34908
G1 X2.549 Y-64.222 E301.3585
G1 X2.817 Y-63.922 E301.37188
G1 X4.798 Y-60.491 E301.50365
G1 X4.917 Y-60.186 E301.51454
G1 X4.932 Y-59.908 E301.5238
G1 X4.81 Y-59.531 E301.53698
G1 X2.822 Y-56.086 E301.66927
G1 X2.622 Y-55.837 E301.67989
G1 X2.383 Y-55.681 E301.68938
G1 X2.009 Y-55.6 E301.70211
G0 F7200 X2.163 Y-55.208
;TYPE:WALL-OUTER
G1 F2400 X2.011 Y-55.2 E301.70717
G1 X-2.011 Y-55.2 E301.84094
G1 X-2.424 Y-55.264 E301.85484
G1 X-2.788 Y-55.451 E301.86845
G1 X-3.069 Y-55.732 E301.88167
G1 X-3.152 Y-55.859 E301.88672
G1 X-5.167 Y-59.35 E302.02078
G1 X-5.312 Y-59.725 E302.03416
G1 X-5.334 Y-60.135 E302.04781
G1 X-5.227 Y-60.532 E302.06149
G1 X-5.167 Y-60.65 E302.06589
G1 X-3.152 Y-64.141 E302.19996
G1 X-2.893 Y-64.464 E302.21373
G1 X-2.55 Y-64.688 E302.22735
G1 X-2.163 Y-64.792 E302.24068
G1 X-2.011 Y-64.8 E302.24574
G1 X2.011 Y-64.8 E302.37951
G1 X2.424 Y-64.736 E302.39341
G1 X2.788 Y-64.549 E302.40703
G1 X3.069 Y-64.268 E302.42024
G1 X3.152 Y-64.141 E302.42529
G1 X5.162 Y-60.659 E302.55901
G1 X5.312 Y-60.275 E302.57272
G1 X5.334 Y-59.865 E302.58638
G1 X5.227 Y-59.468 E302.60005
G1 X5.167 Y-59.35 E302.60446
G1 X3.152 Y-55.859 E302.73852
G1 X2.893 Y-55.536 E302.75229
G1 X2.55 Y-55.312 E302.76592
G1 X2.163 Y-55.208 E302.77925
G0 F7200 X2.011 Y-55.2
G0 X1.963 Y-55.2
G0 X1.963 Y-56
G1 F3000 E296.27925
G1 F4200 Z2.4
;MESH:NONMESH
G0 F7200 X1.963 Y-56 Z2.4
G0 X-.865 Y3.771
;TIME_ELAPSED:258.358945
;LAYER:7
;MESH:deltaCalPrint60.stl
G0 X-.865 Y3.771 Z2.6
;TYPE:FILL
G1 F4200 Z1.6
G1 F3000 E302.77925
G1 F3600 X0.865 Y3.771 E302.83679
G1 X0.875 Y3.772
G1 X2.812 Y3.772 E302.90121
G1 X2.912 Y3.772
G0 F7200 X3.258 Y2.999
G1 F3600 X-.968 Y-4.32 E303.18231
G1 X-1.018 Y-4.406
G0 F7200 X-1.861 Y-4.32
G1 F3600 X-3.698 Y-1.139 E303.30448
G1 X-3.703 Y-1.124
G1 X-4.671 Y0.552 E303.36886
G1 X-4.721 Y0.638
G0 F7200 X-4.225 Y1.325
G1 F3600 X4.224 Y1.325 E303.64987
G1 X4.324 Y1.325
G0 F7200 X4.67 Y0.552
G1 F3600 X3.703 Y-1.124 E303.71423
G1 X3.699 Y-1.139
G1 X1.861 Y-4.32 E303.83642
G1 X1.811 Y-4.406
G0 F7200 X0.969 Y-4.32
G1 F3600 X-3.257 Y3.003 E304.11763
G1 X-3.306 Y3.089
G0 F7200 X-2.813 Y3.772
G1 F3600 X-.875 Y3.772 E304.18209
G0 F7200 X-1.188 Y4.32
G1 F3600 X3.148 Y-3.191 E304.47055
G0 F7200 X2.92 Y-3.586
G1 F3600 X-2.919 Y-3.586 E304.66475
G0 F7200 X-3.148 Y-3.19
G1 F3600 X1.188 Y4.32 E304.95318
G0 F7200 X1.646 Y4.32
G1 F3600 X4.566 Y-.734 E305.14731
G0 F7200 X4.337 Y-1.131
G1 F3600 X-4.336 Y-1.131 E305.43578
G0 F7200 X-4.566 Y-.732
G1 F3600 X-1.646 Y4.32 E305.62986
G1 X-1.596 Y4.406
G0 F7200 X-1.596 Y4.3
G0 X-4.819 Y0.168
G0 X-4.916 Y0.189
;TYPE:WALL-INNER
G1 F4800 X-4.932 Y-0.092 E305.63922
G1 X-4.81 Y-.469 E305.6524
G1 X-2.822 Y-3.914 E305.78469
G1 X-2.622 Y-4.163 E305.79531
G1 X-2.383 Y-4.319 E305.8048
G1 X-2.009 Y-4.4 E305.81753
G1 X1.982 Y-4.4 E305.95027
G1 X2.297 Y-4.351 E305.96088
G1 X2.549 Y-4.222 E305.97029
G1 X2.817 Y-3.922 E305.98367
G1 X4.798 Y-.491 E306.11544
G1 X4.917 Y-.186 E306.12633
G1 X4.932 Y0.092 E306.13559
G1 X4.81 Y0.469 E306.14877
G1 X2.822 Y3.914 E306.28106
G1 X2.622 Y4.163 E306.29168
G1 X2.383 Y4.319 E306.30118
G1 X2.009 Y4.4 E306.3139
G1 X-1.982 Y4.4 E306.44665
G1 X-2.297 Y4.351 E306.45725
G1 X-2.549 Y4.222 E306.46666
G1 X-2.817 Y3.922 E306.48004
G1 X-4.805 Y0.478 E306.61231
G1 X-4.916 Y0.189 E306.6226
G0 F7200 X-5.312 Y0.275
;TYPE:WALL-OUTER
G1 F2400 X-5.334 Y-.135 E306.63626
G1 X-5.227 Y-.532 E306.64993
G1 X-5.167 Y-.65 E306.65434
G1 X-3.152 Y-4.141 E306.7884
G1 X-2.893 Y-4.464 E306.80217
G1 X-2.55 Y-4.688 E306.8158
G1 X-2.163 Y-4.792 E306.82913
G1 X-2.011 Y-4.8 E306.83419
G1 X2.011 Y-4.8 E306.96796
G1 X2.424 Y-4.736 E306.98186
G1 X2.788 Y-4.549 E306.99547
G1 X3.069 Y-4.268 E307.00869
G1 X3.152 Y-4.141 E307.01374
G1 X5.162 Y-.659 E307.14746
G1 X5.312 Y-.275 E307.16117
G1 X5.334 Y0.135 E307.17483
G1 X5.227 Y0.532 E307.1885
G1 X5.167 Y0.65 E307.1929
G1 X3.152 Y4.141 E307.32697
G1 X2.893 Y4.464 E307.34074
G1 X2.55 Y4.688 E307.35436
G1 X2.163 Y4.792 E307.36769
G1 X2.011 Y4.8 E307.37276
G1 X-2.011 Y4.8 E307.50653
G1 X-2.424 Y4.736 E307.52043
G1 X-2.788 Y4.549 E307.53404
G1 X-3.069 Y4.268 E307.54726
G1 X-3.152 Y4.141 E307.5523
G1 X-5.167 Y0.65 E307.68637
G1 X-5.312 Y0.275 E307.69974
G0 F7200 X-5.322 Y0.075
G0 X-4.523 Y0.031
G1 F3000 E301.19974
G1 F4200 Z2.6
G0 F7200 X-4.523 Y0.031 Z2.6
G0 X-48.358 Y-27.6
;TYPE:FILL
G1 F4200 Z1.6
G1 F3000 E307.69974
G1 F3600 X-52.236 Y-34.32 E307.9578
G1 X-52.418 Y-34.32
G1 X-55.932 Y-28.234 E308.19154
G1 X-55.84 Y-28.076
G1 X-48.083 Y-28.077 E308.44953
G1 X-47.983 Y-28.077
G0 F7200 X-48.074 Y-28.131
G0 X-47.293 Y-30.516
G0 X-47.276 Y-30.526
G1 F3600 X-56.646 Y-30.527 E308.76118
G1 X-56.746 Y-30.527
G0 F7200 X-56.173 Y-31.345
G1 F3600 X-52.903 Y-25.68 E308.97874
G1 X-52.854 Y-25.594
G0 F7200 X-52.854 Y-25.7
G0 X-51.748 Y-25.7
G0 X-51.748 Y-25.68
G1 F3600 X-48.113 Y-31.976 E309.22054
G1 X-48.063 Y-32.062
G0 F7200 X-48.155 Y-32.009
G0 X-48.708 Y-32.966
G0 X-48.691 Y-32.976
G1 F3600 X-55.233 Y-32.975 E309.43813
G1 X-55.333 Y-32.975
G0 F7200 X-55.242 Y-32.921
G0 X-54.743 Y-33.785
G0 X-54.76 Y-33.796
G1 F3600 X-50.074 Y-25.68 E309.74983
G1 X-50.024 Y-25.594
G0 F7200 X-50.024 Y-25.7
G0 X-54.461 Y-25.872
G0 X-54.476 Y-25.86
G1 F3600 X-49.634 Y-34.248 E310.07196
G1 X-49.585 Y-34.334
G0 F7200 X-49.64 Y-34.227
G0 X-49.612 Y-25.776
G0 X-49.574 Y-25.684
;TYPE:WALL-INNER
G1 F4800 X-49.953 Y-25.6 E310.08487
G1 X-53.944 Y-25.6 E310.21761
G1 X-54.258 Y-25.648 E310.22818
G1 X-54.507 Y-25.775 E310.23748
G1 X-54.777 Y-26.075 E310.2509
G1 X-56.768 Y-29.524 E310.38336
G1 X-56.878 Y-29.81 E310.39355
G1 X-56.892 Y-30.099 E310.40317
G1 X-56.772 Y-30.469 E310.41611
G1 X-54.783 Y-33.915 E310.54844
G1 X-54.583 Y-34.164 E310.55907
G1 X-54.349 Y-34.316 E310.56835
G1 X-53.97 Y-34.4 E310.58126
G1 X-49.979 Y-34.4 E310.714
G1 X-49.665 Y-34.352 E310.72456
G1 X-49.416 Y-34.225 E310.73386
G1 X-49.151 Y-33.932 E310.747
G1 X-47.155 Y-30.476 E310.87974
G1 X-47.045 Y-30.19 E310.88993
G1 X-47.031 Y-29.901 E310.89956
G1 X-47.151 Y-29.531 E310.91249
G1 X-49.14 Y-26.085 E311.04483
G1 X-49.34 Y-25.836 E311.05545
G1 X-49.574 Y-25.684 E311.06473
G0 F7200 X-49.799 Y-25.208
;TYPE:WALL-OUTER
G1 F2400 X-49.951 Y-25.2 E311.0698
G1 X-53.972 Y-25.2 E311.20354
G1 X-54.383 Y-25.263 E311.21736
G1 X-54.746 Y-25.448 E311.23092
G1 X-55.034 Y-25.736 E311.24446
G1 X-55.113 Y-25.858 E311.2493
G1 X-57.129 Y-29.35 E311.38341
G1 X-57.275 Y-29.73 E311.39695
G1 X-57.295 Y-30.142 E311.41067
G1 X-57.189 Y-30.532 E311.42411
G1 X-57.129 Y-30.65 E311.42851
G1 X-55.113 Y-34.142 E311.56262
G1 X-54.855 Y-34.464 E311.57634
G1 X-54.514 Y-34.686 E311.58988
G1 X-54.124 Y-34.792 E311.60332
G1 X-53.972 Y-34.8 E311.60838
G1 X-49.951 Y-34.8 E311.74212
G1 X-49.54 Y-34.737 E311.75595
G1 X-49.177 Y-34.552 E311.7695
G1 X-48.889 Y-34.264 E311.78305
G1 X-48.815 Y-34.15 E311.78757
G1 X-46.794 Y-30.65 E311.92199
G1 X-46.648 Y-30.27 E311.93553
G1 X-46.628 Y-29.858 E311.94925
G1 X-46.734 Y-29.468 E311.96269
G1 X-46.794 Y-29.35 E311.9671
G1 X-48.81 Y-25.858 E312.10121
G1 X-49.068 Y-25.536 E312.11493
G1 X-49.409 Y-25.314 E312.12846
G1 X-49.799 Y-25.208 E312.14191
G0 F7200 X-49.951 Y-25.2
G0 X-49.999 Y-25.2
G0 X-49.998 Y-26
G1 F3000 E305.64191
G1 F4200 Z2.6
G0 F7200 X-49.996 Y-26 Z2.6
G0 X-50.288 Y25.68
;TYPE:FILL
G1 F4200 Z1.6
G1 F3000 E312.14191
G1 F3600 X-54.868 Y33.609 E312.44646
G0 F7200 X-55.127 Y33.16
G1 F3600 X-48.797 Y33.161 E312.657
G1 X-48.697 Y33.161
G0 F7200 X-48.788 Y33.107
G0 X-49.481 Y34.138
G0 X-49.472 Y34.153
G1 F3600 X-54.317 Y25.761 E312.97929
G1 X-54.398 Y25.813
G1 X-49.516 Y25.814 E313.14167
G1 X-49.416 Y25.814
G0 F7200 X-49.471 Y25.863
G0 X-48.481 Y27.427
G0 X-48.464 Y27.417
G1 F3600 X-52.449 Y34.32 E313.40677
G0 F7200 X-52.205 Y34.32
G1 F3600 X-55.825 Y28.051 E313.64755
G0 F7200 X-55.947 Y28.263
G1 F3600 X-47.976 Y28.262 E313.91267
G1 X-47.876 Y28.262
G0 F7200 X-47.968 Y28.315
G0 X-47.137 Y29.984
G0 X-47.118 Y29.984
G1 F3600 X-49.556 Y34.207 E314.07485
G1 X-49.606 Y34.293
G0 F7200 X-49.62 Y34.224
G0 X-48.024 Y31.783
G0 X-48.008 Y31.793
G1 F3600 X-51.537 Y25.68 E314.30962
G1 X-51.587 Y25.594
G0 F7200 X-51.587 Y25.7
G0 X-53.116 Y25.7
G0 X-53.116 Y25.68
G1 F3600 X-56.281 Y31.161 E314.52013
G0 F7200 X-56.539 Y30.713
G1 F3600 X-47.384 Y30.712 E314.82462
G1 X-47.284 Y30.712
G0 F7200 X-47.375 Y30.658
G0 X-49.612 Y34.224
G0 X-49.574 Y34.316
;TYPE:WALL-INNER
G1 F4800 X-49.953 Y34.4 E314.83753
G1 X-53.944 Y34.4 E314.97027
G1 X-54.258 Y34.352 E314.98084
G1 X-54.507 Y34.225 E314.99014
G1 X-54.777 Y33.925 E315.00356
G1 X-56.768 Y30.476 E315.13602
G1 X-56.878 Y30.19 E315.14621
G1 X-56.892 Y29.901 E315.15583
G1 X-56.772 Y29.531 E315.16877
G1 X-54.783 Y26.085 E315.30111
G1 X-54.583 Y25.836 E315.31173
G1 X-54.349 Y25.684 E315.32101
G1 X-53.97 Y25.6 E315.33392
G1 X-49.979 Y25.6 E315.46666
G1 X-49.665 Y25.648 E315.47723
G1 X-49.416 Y25.775 E315.48652
G1 X-49.151 Y26.068 E315.49966
G1 X-47.155 Y29.524 E315.6324
G1 X-47.045 Y29.81 E315.6426
G1 X-47.031 Y30.099 E315.65222
G1 X-47.151 Y30.469 E315.66516
G1 X-49.14 Y33.915 E315.79749
G1 X-49.34 Y34.164 E315.80811
G1 X-49.574 Y34.316 E315.8174
G0 F7200 X-49.799 Y34.792
;TYPE:WALL-OUTER
G1 F2400 X-49.951 Y34.8 E315.82246
G1 X-53.972 Y34.8 E315.9562
G1 X-54.383 Y34.737 E315.97003
G1 X-54.746 Y34.552 E315.98358
G1 X-55.034 Y34.264 E315.99712
G1 X-55.113 Y34.142 E316.00196
G1 X-57.129 Y30.65 E316.13607
G1 X-57.275 Y30.27 E316.14961
G1 X-57.295 Y29.858 E316.16333
G1 X-57.189 Y29.468 E316.17677
G1 X-57.129 Y29.35 E316.18117
G1 X-55.113 Y25.858 E316.31528
G1 X-54.855 Y25.536 E316.32901
G1 X-54.514 Y25.314 E316.34254
G1 X-54.124 Y25.208 E316.35598
G1 X-53.972 Y25.2 E316.36104
G1 X-49.951 Y25.2 E316.49478
G1 X-49.54 Y25.263 E316.50861
G1 X-49.177 Y25.448 E316.52216
G1 X-48.889 Y25.736 E316.53571
G1 X-48.815 Y25.85 E316.54023
G1 X-46.794 Y29.35 E316.67465
G1 X-46.648 Y29.73 E316.68819
G1 X-46.628 Y30.142 E316.70191
G1 X-46.734 Y30.532 E316.71536
G1 X-46.794 Y30.65 E316.71976
G1 X-48.81 Y34.142 E316.85387
G1 X-49.068 Y34.464 E316.86759
G1 X-49.409 Y34.686 E316.88113
G1 X-49.799 Y34.792 E316.89457
G0 F7200 X-49.951 Y34.8
G0 X-49.999 Y34.8
G0 X-49.998 Y34
G1 F3000 E310.39457
G1 F4200 Z2.6
G0 F7200 X-49.996 Y34 Z2.6
G0 X-4.212 Y58.655
;TYPE:FILL
G1 F4200 Z1.6
G1 F3000 E316.89457
G1 F3600 X-.941 Y64.32 E317.11214
G1 X-.891 Y64.406
G0 F7200 X-.891 Y64.3
G0 X-1.888 Y64.3
G0 X-1.888 Y64.32
G1 F3600 X2.799 Y56.204 E317.42386
G1 X2.849 Y56.118
G0 F7200 X2.756 Y56.171
G0 X3.619 Y57.666
G0 X3.637 Y57.656
G1 F3600 X-3.636 Y57.656 E317.66576
G1 X-3.736 Y57.656
G0 F7200 X-3.644 Y57.709
G0 X-2.782 Y56.214
G0 X-2.798 Y56.205
G1 F3600 X1.888 Y64.32 E317.97743
G1 X1.938 Y64.406
G0 F7200 X1.938 Y64.3
G0 X0.941 Y64.3
G0 X0.941 Y64.32
G1 F3600 X4.213 Y58.654 E318.19505
G1 X4.263 Y58.568
G0 F7200 X4.17 Y58.621
G0 X4.824 Y60.103
G0 X4.843 Y60.109
G1 F3600 X-4.84 Y60.109 E318.51711
G1 X-4.94 Y60.109
G0 F7200 X-4.82 Y60.103
G0 X-3.587 Y62.388
G0 X-3.605 Y62.398
G1 F3600 X0.275 Y55.68 E318.77514
G0 F7200 X-.275 Y55.68
G1 F3600 X3.605 Y62.397 E319.03314
G1 X3.514 Y62.556
G1 X-3.514 Y62.556 E319.26689
G1 X-3.614 Y62.556
G0 F7200 X-3.521 Y62.503
G0 X1.999 Y64.301
G0 X2.009 Y64.4
;TYPE:WALL-INNER
G1 F4800 X-1.982 Y64.4 E319.39964
G1 X-2.297 Y64.351 E319.41024
G1 X-2.549 Y64.222 E319.41965
G1 X-2.817 Y63.922 E319.43303
G1 X-4.805 Y60.478 E319.5653
G1 X-4.916 Y60.189 E319.57559
G1 X-4.932 Y59.908 E319.58495
G1 X-4.81 Y59.531 E319.59813
G1 X-2.822 Y56.086 E319.73042
G1 X-2.622 Y55.837 E319.74105
G1 X-2.383 Y55.681 E319.75054
G1 X-2.009 Y55.6 E319.76327
G1 X1.982 Y55.6 E319.89601
G1 X2.297 Y55.649 E319.90661
G1 X2.549 Y55.778 E319.91603
G1 X2.817 Y56.078 E319.92941
G1 X4.798 Y59.509 E320.06118
G1 X4.917 Y59.814 E320.07207
G1 X4.932 Y60.092 E320.08133
G1 X4.81 Y60.469 E320.09451
G1 X2.822 Y63.914 E320.2268
G1 X2.622 Y64.163 E320.23742
G1 X2.383 Y64.319 E320.24691
G1 X2.009 Y64.4 E320.25964
G0 F7200 X2.163 Y64.792
;TYPE:WALL-OUTER
G1 F2400 X2.011 Y64.8 E320.2647
G1 X-2.011 Y64.8 E320.39847
G1 X-2.424 Y64.736 E320.41238
G1 X-2.788 Y64.549 E320.42599
G1 X-3.069 Y64.268 E320.4392
G1 X-3.152 Y64.141 E320.44425
G1 X-5.167 Y60.65 E320.57831
G1 X-5.312 Y60.275 E320.59169
G1 X-5.334 Y59.865 E320.60534
G1 X-5.227 Y59.468 E320.61902
G1 X-5.167 Y59.35 E320.62342
G1 X-3.152 Y55.859 E320.75749
G1 X-2.893 Y55.536 E320.77126
G1 X-2.55 Y55.312 E320.78488
G1 X-2.163 Y55.208 E320.79821
G1 X-2.011 Y55.2 E320.80327
G1 X2.011 Y55.2 E320.93705
G1 X2.424 Y55.264 E320.95095
G1 X2.788 Y55.451 E320.96456
G1 X3.069 Y55.732 E320.97777
G1 X3.152 Y55.859 E320.98282
G1 X5.162 Y59.341 E321.11654
G1 X5.312 Y59.725 E321.13025
G1 X5.334 Y60.135 E321.14391
G1 X5.227 Y60.532 E321.15759
G1 X5.167 Y60.65 E321.16199
G1 X3.152 Y64.141 E321.29605
G1 X2.893 Y64.464 E321.30982
G1 X2.55 Y64.688 E321.32345
G1 X2.163 Y64.792 E321.33678
G0 F7200 X2.011 Y64.8
G0 X1.963 Y64.8
G0 X1.963 Y64
G1 F3000 E314.83678
G1 F4200 Z2.6
G0 F7200 X1.963 Y64 Z2.6
G0 X48.796 Y33.161
;TYPE:FILL
G1 F4200 Z1.6
G1 F3000 E321.33678
G1 F3600 X55.126 Y33.16 E321.54731
G0 F7200 X54.867 Y33.609
G1 F3600 X50.287 Y25.68 E321.85187
G0 F7200 X49.524 Y25.814
G1 F3600 X54.406 Y25.813 E322.01424
G1 X54.313 Y25.765
G1 X49.466 Y34.161 E322.33669
G1 X49.556 Y34.207
G1 X47.116 Y29.981 E322.49899
G0 F7200 X47.383 Y30.712
G1 F3600 X56.538 Y30.713 E322.80349
G0 F7200 X56.28 Y31.16
G1 F3600 X53.116 Y25.68 E323.01395
G1 X53.066 Y25.594
G0 F7200 X53.066 Y25.7
G0 X51.536 Y25.7
G0 X51.536 Y25.68
G1 F3600 X48.007 Y31.793 E323.24872
G1 X47.957 Y31.879
G0 F7200 X48.049 Y31.826
G0 X47.992 Y28.272
G0 X47.976 Y28.262
G1 F3600 X55.947 Y28.263 E323.51384
G0 F7200 X55.825 Y28.05
G1 F3600 X52.205 Y34.32 E323.75464
G0 F7200 X52.449 Y34.32
G1 F3600 X48.464 Y27.416 E324.01977
G1 X48.415 Y27.33
G0 F7200 X48.505 Y27.383
G0 X53.96 Y34.301
G0 X53.97 Y34.4
;TYPE:WALL-INNER
G1 F4800 X49.979 Y34.4 E324.15252
G1 X49.665 Y34.352 E324.16308
G1 X49.416 Y34.225 E324.17238
G1 X49.146 Y33.925 E324.1858
G1 X47.155 Y30.476 E324.31826
G1 X47.045 Y30.19 E324.32845
G1 X47.031 Y29.901 E324.33807
G1 X47.151 Y29.531 E324.35101
G1 X49.14 Y26.085 E324.48335
G1 X49.34 Y25.836 E324.49397
G1 X49.574 Y25.684 E324.50325
G1 X49.953 Y25.6 E324.51616
G1 X53.944 Y25.6 E324.6489
G1 X54.258 Y25.648 E324.65947
G1 X54.507 Y25.775 E324.66876
G1 X54.772 Y26.068 E324.6819
G1 X56.768 Y29.524 E324.81464
G1 X56.878 Y29.81 E324.82484
G1 X56.892 Y30.099 E324.83446
G1 X56.772 Y30.469 E324.8474
G1 X54.783 Y33.915 E324.97973
G1 X54.583 Y34.164 E324.99036
G1 X54.349 Y34.316 E324.99964
G1 X53.97 Y34.4 E325.01255
G0 F7200 X53.972 Y34.8
;TYPE:WALL-OUTER
G1 F2400 X49.951 Y34.8 E325.14629
G1 X49.54 Y34.737 E325.16012
G1 X49.177 Y34.552 E325.17367
G1 X48.889 Y34.264 E325.18721
G1 X48.81 Y34.142 E325.19205
G1 X46.794 Y30.65 E325.32616
G1 X46.648 Y30.27 E325.3397
G1 X46.628 Y29.858 E325.35342
G1 X46.734 Y29.468 E325.36686
G1 X46.794 Y29.35 E325.37126
G1 X48.81 Y25.858 E325.50537
G1 X49.068 Y25.536 E325.5191
G1 X49.409 Y25.314 E325.53263
G1 X49.799 Y25.208 E325.54607
G1 X49.951 Y25.2 E325.55113
G1 X53.972 Y25.2 E325.68487
G1 X54.383 Y25.263 E325.6987
G1 X54.746 Y25.448 E325.71225
G1 X55.034 Y25.736 E325.7258
G1 X55.108 Y25.85 E325.73032
G1 X57.129 Y29.35 E325.86474
G1 X57.275 Y29.73 E325.87828
G1 X57.295 Y30.142 E325.892
G1 X57.189 Y30.532 E325.90544
G1 X57.129 Y30.65 E325.90985
G1 X55.113 Y34.142 E326.04396
G1 X54.855 Y34.464 E326.05768
G1 X54.514 Y34.686 E326.07121
G1 X54.124 Y34.792 E326.08466
G1 X53.972 Y34.8 E326.08972
G0 F7200 X53.772 Y34.8
G0 X53.772 Y34
G1 F3000 E319.58972
G1 F4200 Z2.6
G0 F7200 X53.772 Y34 Z2.6
G0 X52.903 Y-25.68
;TYPE:FILL
G1 F4200 Z1.6
G1 F3000 E326.08972
G1 F3600 X56.174 Y-31.346 E326.30732
G1 X56.224 Y-31.432
G0 F7200 X56.647 Y-30.527
G1 F3600 X47.277 Y-30.526 E326.61897
G1 X47.177 Y-30.526
G0 F7200 X47.268 Y-30.473
G0 X48.13 Y-31.967
G0 X48.114 Y-31.978
G1 F3600 X51.751 Y-25.68 E326.86086
G1 X51.801 Y-25.594
G0 F7200 X51.801 Y-25.7
G0 X50.075 Y-25.7
G0 X50.075 Y-25.68
G1 F3600 X54.76 Y-33.794 E327.17249
G1 X54.81 Y-33.88
G0 F7200 X55.233 Y-32.975
G1 F3600 X48.69 Y-32.976 E327.39011
G1 X48.59 Y-32.976
G0 F7200 X48.682 Y-32.922
G0 X49.637 Y-34.228
G0 X49.634 Y-34.247
G1 F3600 X54.475 Y-25.863 E327.71211
G1 X54.525 Y-25.777
G0 F7200 X54.462 Y-25.875
G0 X55.824 Y-28.087
G0 X55.84 Y-28.076
G1 F3600 X48.082 Y-28.077 E327.97014
G0 F7200 X48.357 Y-27.601
G1 F3600 X52.235 Y-34.32 E328.22817
G1 X52.418 Y-34.32
G1 X55.931 Y-28.235 E328.46186
G1 X55.981 Y-28.149
G0 F7200 X55.89 Y-28.202
G0 X53.96 Y-25.699
G0 X53.97 Y-25.6
;TYPE:WALL-INNER
G1 F4800 X49.979 Y-25.6 E328.5946
G1 X49.665 Y-25.648 E328.60517
G1 X49.416 Y-25.775 E328.61447
G1 X49.146 Y-26.075 E328.62789
G1 X47.155 Y-29.524 E328.76035
G1 X47.045 Y-29.81 E328.77054
G1 X47.031 Y-30.099 E328.78016
G1 X47.151 Y-30.469 E328.7931
G1 X49.14 Y-33.915 E328.92543
G1 X49.34 Y-34.164 E328.93606
G1 X49.574 Y-34.316 E328.94534
G1 X49.953 Y-34.4 E328.95825
G1 X53.944 Y-34.4 E329.09099
G1 X54.258 Y-34.352 E329.10155
G1 X54.507 Y-34.225 E329.11085
G1 X54.772 Y-33.932 E329.12399
G1 X56.768 Y-30.476 E329.25673
G1 X56.878 Y-30.19 E329.26692
G1 X56.892 Y-29.901 E329.27655
G1 X56.772 Y-29.531 E329.28948
G1 X54.783 Y-26.085 E329.42182
G1 X54.583 Y-25.836 E329.43244
G1 X54.349 Y-25.684 E329.44172
G1 X53.97 Y-25.6 E329.45464
G0 F7200 X53.972 Y-25.2
;TYPE:WALL-OUTER
G1 F2400 X49.951 Y-25.2 E329.58837
G1 X49.54 Y-25.263 E329.6022
G1 X49.177 Y-25.448 E329.61576
G1 X48.889 Y-25.736 E329.6293
G1 X48.81 Y-25.858 E329.63414
G1 X46.794 Y-29.35 E329.76825
G1 X46.648 Y-29.73 E329.78179
G1 X46.628 Y-30.142 E329.79551
G1 X46.734 Y-30.532 E329.80895
G1 X46.794 Y-30.65 E329.81335
G1 X48.81 Y-34.142 E329.94746
G1 X49.068 Y-34.464 E329.96118
G1 X49.409 Y-34.686 E329.97472
G1 X49.799 Y-34.792 E329.98816
G1 X49.951 Y-34.8 E329.99322
G1 X53.972 Y-34.8 E330.12696
G1 X54.383 Y-34.737 E330.14079
G1 X54.746 Y-34.552 E330.15434
G1 X55.034 Y-34.264 E330.16789
G1 X55.108 Y-34.15 E330.17241
G1 X57.129 Y-30.65 E330.30683
G1 X57.275 Y-30.27 E330.32037
G1 X57.295 Y-29.858 E330.33409
G1 X57.189 Y-29.468 E330.34753
G1 X57.129 Y-29.35 E330.35194
G1 X55.113 Y-25.858 E330.48605
G1 X54.855 Y-25.536 E330.49977
G1 X54.514 Y-25.314 E330.5133
G1 X54.124 Y-25.208 E330.52675
G1 X53.972 Y-25.2 E330.53181
G0 F7200 X53.772 Y-25.2
G0 X53.772 Y-26
G1 F3000 E324.03181
G1 F4200 Z2.6
G0 F7200 X53.772 Y-26 Z2.6
G0 X2.905 Y-56.389
;TYPE:FILL
G1 F4200 Z1.6
G1 F3000 E330.53181
G1 F3600 X-1.673 Y-64.32 E330.83639
G0 F7200 X-1.155 Y-64.32
G1 F3600 X-4.319 Y-58.839 E331.04688
G1 X-4.369 Y-58.753
G0 F7200 X-4.277 Y-58.806
G0 X-4.821 Y-59.92
G0 X-4.842 Y-59.92
G1 F3600 X4.851 Y-59.92 E331.36927
G1 X4.846 Y-60.02
G1 X2.403 Y-55.788 E331.5318
G1 X2.353 Y-55.702
G0 F7200 X2.338 Y-55.773
G0 X0.488 Y-55.7
G0 X0.488 Y-55.68
G1 F3600 X-3.498 Y-62.583 E331.79692
G0 F7200 X-3.62 Y-62.371
G1 F3600 X3.621 Y-62.371 E332.03775
G0 F7200 X3.498 Y-62.584
G1 F3600 X-.488 Y-55.68 E332.30291
G1 X-.538 Y-55.594
G0 F7200 X-.538 Y-55.7
G0 X-2.397 Y-55.812
G0 X-2.406 Y-55.794
G1 F3600 X-4.848 Y-60.022 E332.4653
G1 X-4.898 Y-60.108
G0 F7200 X-4.83 Y-60.086
G0 X-3.511 Y-57.48
G0 X-3.529 Y-57.47
G1 F3600 X3.529 Y-57.47 E332.70005
G1 X3.629 Y-57.47
G0 F7200 X3.537 Y-57.523
G0 X4.302 Y-58.849
G0 X4.319 Y-58.839
G1 F3600 X1.154 Y-64.32 E332.91056
G0 F7200 X1.672 Y-64.32
G1 F3600 X-2.906 Y-56.389 E333.21514
G1 X-2.955 Y-56.303
G0 F7200 X-2.862 Y-56.356
G0 X1.999 Y-55.699
G0 X2.009 Y-55.6
;TYPE:WALL-INNER
G1 F4800 X-1.982 Y-55.6 E333.34788
G1 X-2.297 Y-55.649 E333.35848
G1 X-2.549 Y-55.778 E333.3679
G1 X-2.817 Y-56.078 E333.38128
G1 X-4.805 Y-59.522 E333.51354
G1 X-4.916 Y-59.811 E333.52384
G1 X-4.932 Y-60.092 E333.5332
G1 X-4.81 Y-60.469 E333.54638
G1 X-2.822 Y-63.914 E333.67867
G1 X-2.622 Y-64.163 E333.68929
G1 X-2.383 Y-64.319 E333.69878
G1 X-2.009 Y-64.4 E333.71151
G1 X1.982 Y-64.4 E333.84425
G1 X2.297 Y-64.351 E333.85485
G1 X2.549 Y-64.222 E333.86427
G1 X2.817 Y-63.922 E333.87765
G1 X4.798 Y-60.491 E334.00942
G1 X4.917 Y-60.186 E334.02031
G1 X4.932 Y-59.908 E334.02957
G1 X4.81 Y-59.531 E334.04275
G1 X2.822 Y-56.086 E334.17504
G1 X2.622 Y-55.837 E334.18566
G1 X2.383 Y-55.681 E334.19516
G1 X2.009 Y-55.6 E334.20788
G0 F7200 X2.163 Y-55.208
;TYPE:WALL-OUTER
G1 F2400 X2.011 Y-55.2 E334.21295
G1 X-2.011 Y-55.2 E334.34672
G1 X-2.424 Y-55.264 E334.36062
G1 X-2.788 Y-55.451 E334.37423
G1 X-3.069 Y-55.732 E334.38745
G1 X-3.152 Y-55.859 E334.39249
G1 X-5.167 Y-59.35 E334.52656
G1 X-5.312 Y-59.725 E334.53993
G1 X-5.334 Y-60.135 E334.55359
G1 X-5.227 Y-60.532 E334.56726
G1 X-5.167 Y-60.65 E334.57166
G1 X-3.152 Y-64.141 E334.70573
G1 X-2.893 Y-64.464 E334.7195
G1 X-2.55 Y-64.688 E334.73312
G1 X-2.163 Y-64.792 E334.74645
G1 X-2.011 Y-64.8 E334.75152
G1 X2.011 Y-64.8 E334.88529
G1 X2.424 Y-64.736 E334.89919
G1 X2.788 Y-64.549 E334.9128
G1 X3.069 Y-64.268 E334.92602
G1 X3.152 Y-64.141 E334.93106
G1 X5.162 Y-60.659 E335.06479
G1 X5.312 Y-60.275 E335.0785
G1 X5.334 Y-59.865 E335.09215
G1 X5.227 Y-59.468 E335.10583
G1 X5.167 Y-59.35 E335.11023
G1 X3.152 Y-55.859 E335.2443
G1 X2.893 Y-55.536 E335.25807
G1 X2.55 Y-55.312 E335.27169
G1 X2.163 Y-55.208 E335.28502
G0 F7200 X2.011 Y-55.2
G0 X1.963 Y-55.2
G0 X1.963 Y-56
G1 F3000 E328.78502
G1 F4200 Z2.6
;MESH:NONMESH
G0 F7200 X1.963 Y-56 Z2.6
G0 X3.457 Y-1.265
;TIME_ELAPSED:286.470437
;LAYER:8
;MESH:deltaCalPrint60.stl
G0 X3.457 Y-1.265 Z2.8
;TYPE:FILL
G1 F4200 Z1.8
G1 F3000 E335.28502
G1 F3600 X4.588 Y0.694 E335.36026
G0 F7200 X4.306 Y1.183
G1 F3600 X-4.307 Y1.183 E335.64673
G0 F7200 X-4.589 Y0.694
G1 F3600 X-3.457 Y-1.266 E335.72201
G1 X-3.453 Y-1.28
G1 X-1.697 Y-4.32 E335.83877
G0 F7200 X-1.133 Y-4.32
G1 F3600 X3.175 Y3.142 E336.12535
G0 F7200 X2.894 Y3.63
G1 F3600 X0.63 Y3.63 E336.20065
G1 X0.62 Y3.629
G1 X-.62 Y3.629 E336.2419
G1 X-.63 Y3.63
G1 X-2.895 Y3.63 E336.31723
G0 F7200 X-3.175 Y3.144
G1 F3600 X1.133 Y-4.32 E336.60387
G0 F7200 X1.698 Y-4.32
G1 F3600 X3.454 Y-1.28 E336.72063
G1 X3.504 Y-1.194
G0 F7200 X4.256 Y-1.272
G1 F3600 X-4.255 Y-1.272 E337.00371
G0 F7200 X-4.647 Y-.591
G1 F3600 X-1.81 Y4.32 E337.19235
G0 F7200 X-1.025 Y4.32
G1 F3600 X3.23 Y-3.049 E337.47537
G0 F7200 X2.838 Y-3.728
G1 F3600 X-2.837 Y-3.728 E337.66412
G0 F7200 X-3.229 Y-3.048
G1 F3600 X1.025 Y4.32 E337.94709
G0 F7200 X1.81 Y4.32
G1 F3600 X4.648 Y-.593 E338.1358
G1 X4.698 Y-.679
G0 F7200 X4.605 Y-.626
G0 X-4.819 Y0.168
G0 X-4.916 Y0.189
;TYPE:WALL-INNER
G1 F4800 X-4.932 Y-0.092 E338.14516
G1 X-4.81 Y-.469 E338.15834
G1 X-2.822 Y-3.914 E338.29063
G1 X-2.622 Y-4.163 E338.30125
G1 X-2.383 Y-4.319 E338.31075
G1 X-2.009 Y-4.4 E338.32347
G1 X1.982 Y-4.4 E338.45622
G1 X2.297 Y-4.351 E338.46682
G1 X2.549 Y-4.222 E338.47623
G1 X2.817 Y-3.922 E338.48961
G1 X4.798 Y-.491 E338.62139
G1 X4.917 Y-.186 E338.63227
G1 X4.932 Y0.092 E338.64153
G1 X4.81 Y0.469 E338.65471
G1 X2.822 Y3.914 E338.787
G1 X2.622 Y4.163 E338.79763
G1 X2.383 Y4.319 E338.80712
G1 X2.009 Y4.4 E338.81985
G1 X-1.982 Y4.4 E338.95259
G1 X-2.297 Y4.351 E338.96319
G1 X-2.549 Y4.222 E338.97261
G1 X-2.817 Y3.922 E338.98599
G1 X-4.805 Y0.478 E339.11825
G1 X-4.916 Y0.189 E339.12855
G0 F7200 X-5.312 Y0.275
;TYPE:WALL-OUTER
G1 F2400 X-5.334 Y-.135 E339.1422
G1 X-5.227 Y-.532 E339.15588
G1 X-5.167 Y-.65 E339.16028
G1 X-3.152 Y-4.141 E339.29435
G1 X-2.893 Y-4.464 E339.30812
G1 X-2.55 Y-4.688 E339.32174
G1 X-2.163 Y-4.792 E339.33507
G1 X-2.011 Y-4.8 E339.34013
G1 X2.011 Y-4.8 E339.4739
G1 X2.424 Y-4.736 E339.4878
G1 X2.788 Y-4.549 E339.50142
G1 X3.069 Y-4.268 E339.51463
G1 X3.152 Y-4.141 E339.51968
G1 X5.162 Y-.659 E339.6534
G1 X5.312 Y-.275 E339.66711
G1 X5.334 Y0.135 E339.68077
G1 X5.227 Y0.532 E339.69444
G1 X5.167 Y0.65 E339.69885
G1 X3.152 Y4.141 E339.83291
G1 X2.893 Y4.464 E339.84668
G1 X2.55 Y4.688 E339.86031
G1 X2.163 Y4.792 E339.87364
G1 X2.011 Y4.8 E339.8787
G1 X-2.011 Y4.8 E340.01247
G1 X-2.424 Y4.736 E340.02637
G1 X-2.788 Y4.549 E340.03998
G1 X-3.069 Y4.268 E340.0532
G1 X-3.152 Y4.141 E340.05825
G1 X-5.167 Y0.65 E340.19231
G1 X-5.312 Y0.275 E340.20568
G0 F7200 X-5.322 Y0.075
G0 X-4.523 Y0.031
G1 F3000 E333.70568
G1 F4200 Z2.8
G0 F7200 X-4.523 Y0.031 Z2.8
G0 X-48.439 Y-27.46
;TYPE:FILL
G1 F4200 Z1.8
G1 F3000 E340.20568
G1 F3600 X-52.399 Y-34.32 E340.46913
G1 X-52.256 Y-34.32
G1 X-55.851 Y-28.094 E340.70825
G1 X-55.922 Y-28.218
G1 X-48.001 Y-28.219 E340.97171
G1 X-47.901 Y-28.219
G0 F7200 X-47.992 Y-28.273
G0 X-47.14 Y-30.076
G0 X-47.12 Y-30.076
G1 F3600 X-49.484 Y-34.169 E341.12892
G1 X-49.507 Y-34.182
G1 X-54.355 Y-25.787 E341.45135
G1 X-54.321 Y-25.769
G1 X-49.593 Y-25.77 E341.6086
G0 F7200 X-50.238 Y-25.68
G1 F3600 X-54.841 Y-33.654 E341.91484
G0 F7200 X-55.152 Y-33.116
G1 F3600 X-48.772 Y-33.117 E342.12704
G1 X-48.672 Y-33.117
G0 F7200 X-48.765 Y-33.064
G0 X-48.049 Y-31.825
G0 X-48.032 Y-31.835
G1 F3600 X-51.585 Y-25.68 E342.36341
G1 X-51.635 Y-25.594
G0 F7200 X-51.635 Y-25.7
G0 X-53.066 Y-25.7
G0 X-53.066 Y-25.68
G1 F3600 X-56.255 Y-31.204 E342.57556
G0 F7200 X-56.564 Y-30.669
G1 F3600 X-47.358 Y-30.668 E342.88175
G1 X-47.258 Y-30.668
G0 F7200 X-47.35 Y-30.615
G0 X-49.612 Y-25.776
G0 X-49.574 Y-25.684
;TYPE:WALL-INNER
G1 F4800 X-49.953 Y-25.6 E342.89466
G1 X-53.944 Y-25.6 E343.0274
G1 X-54.258 Y-25.648 E343.03797
G1 X-54.507 Y-25.775 E343.04727
G1 X-54.777 Y-26.075 E343.06069
G1 X-56.768 Y-29.524 E343.19315
G1 X-56.878 Y-29.81 E343.20334
G1 X-56.892 Y-30.099 E343.21296
G1 X-56.772 Y-30.469 E343.2259
G1 X-54.783 Y-33.915 E343.35823
G1 X-54.583 Y-34.164 E343.36886
G1 X-54.349 Y-34.316 E343.37814
G1 X-53.97 Y-34.4 E343.39105
G1 X-49.979 Y-34.4 E343.52379
G1 X-49.665 Y-34.352 E343.53436
G1 X-49.416 Y-34.225 E343.54365
G1 X-49.151 Y-33.932 E343.55679
G1 X-47.155 Y-30.476 E343.68953
G1 X-47.045 Y-30.19 E343.69972
G1 X-47.031 Y-29.901 E343.70935
G1 X-47.151 Y-29.531 E343.72229
G1 X-49.14 Y-26.085 E343.85462
G1 X-49.34 Y-25.836 E343.86524
G1 X-49.574 Y-25.684 E343.87453
G0 F7200 X-49.799 Y-25.208
;TYPE:WALL-OUTER
G1 F2400 X-49.951 Y-25.2 E343.87959
G1 X-53.972 Y-25.2 E344.01333
G1 X-54.383 Y-25.263 E344.02716
G1 X-54.746 Y-25.448 E344.04071
G1 X-55.034 Y-25.736 E344.05425
G1 X-55.113 Y-25.858 E344.05909
G1 X-57.129 Y-29.35 E344.1932
G1 X-57.275 Y-29.73 E344.20674
G1 X-57.295 Y-30.142 E344.22046
G1 X-57.189 Y-30.532 E344.2339
G1 X-57.129 Y-30.65 E344.2383
G1 X-55.113 Y-34.142 E344.37241
G1 X-54.855 Y-34.464 E344.38614
G1 X-54.514 Y-34.686 E344.39967
G1 X-54.124 Y-34.792 E344.41311
G1 X-53.972 Y-34.8 E344.41817
G1 X-49.951 Y-34.8 E344.55191
G1 X-49.54 Y-34.737 E344.56574
G1 X-49.177 Y-34.552 E344.57929
G1 X-48.889 Y-34.264 E344.59284
G1 X-48.815 Y-34.15 E344.59736
G1 X-46.794 Y-30.65 E344.73178
G1 X-46.648 Y-30.27 E344.74532
G1 X-46.628 Y-29.858 E344.75904
G1 X-46.734 Y-29.468 E344.77249
G1 X-46.794 Y-29.35 E344.77689
G1 X-48.81 Y-25.858 E344.911
G1 X-49.068 Y-25.536 E344.92472
G1 X-49.409 Y-25.314 E344.93826
G1 X-49.799 Y-25.208 E344.9517
G0 F7200 X-49.951 Y-25.2
G0 X-49.999 Y-25.2
G0 X-49.998 Y-26
G1 F3000 E338.4517
G1 F4200 Z2.8
G0 F7200 X-49.996 Y-26 Z2.8
G0 X-50.125 Y25.68
;TYPE:FILL
G1 F4200 Z1.8
G1 F3000 E344.9517
G1 F3600 X-54.786 Y33.751 E345.26169
G1 X-54.836 Y33.837
G0 F7200 X-55.208 Y33.019
G1 F3600 X-48.716 Y33.02 E345.47761
G1 X-48.616 Y33.02
G0 F7200 X-48.707 Y32.966
G0 X-48.105 Y31.924
G0 X-48.089 Y31.934
G1 F3600 X-51.7 Y25.68 E345.7178
G1 X-51.75 Y25.594
G0 F7200 X-51.75 Y25.7
G0 X-52.953 Y25.7
G0 X-52.953 Y25.68
G1 F3600 X-56.199 Y31.302 E345.93372
G1 X-56.249 Y31.388
G0 F7200 X-56.621 Y30.571
G1 F3600 X-47.303 Y30.57 E346.24364
G1 X-47.203 Y30.57
G0 F7200 X-47.293 Y30.517
G0 X-48.075 Y28.131
G0 X-48.057 Y28.121
G1 F3600 X-55.866 Y28.122 E346.50337
G1 X-55.906 Y28.191
G1 X-52.367 Y34.32 E346.73876
G1 X-52.286 Y34.32
G1 X-48.382 Y27.559 E346.99843
G1 X-48.332 Y27.473
G0 F7200 X-48.424 Y27.526
G0 X-54.425 Y25.851
G0 X-54.434 Y25.836
G1 F3600 X-49.589 Y34.228 E347.32073
G1 X-49.539 Y34.314
G0 F7200 X-49.574 Y34.316
;TYPE:WALL-INNER
G1 F4800 X-49.953 Y34.4 E347.33364
G1 X-53.944 Y34.4 E347.46638
G1 X-54.258 Y34.352 E347.47695
G1 X-54.507 Y34.225 E347.48624
G1 X-54.777 Y33.925 E347.49967
G1 X-56.768 Y30.476 E347.63212
G1 X-56.878 Y30.19 E347.64232
G1 X-56.892 Y29.901 E347.65194
G1 X-56.772 Y29.531 E347.66488
G1 X-54.783 Y26.085 E347.79721
G1 X-54.583 Y25.836 E347.80783
G1 X-54.349 Y25.684 E347.81712
G1 X-53.97 Y25.6 E347.83003
G1 X-49.979 Y25.6 E347.96277
G1 X-49.665 Y25.648 E347.97333
G1 X-49.416 Y25.775 E347.98263
G1 X-49.151 Y26.068 E347.99577
G1 X-47.155 Y29.524 E348.12851
G1 X-47.045 Y29.81 E348.1387
G1 X-47.031 Y30.099 E348.14833
G1 X-47.151 Y30.469 E348.16126
G1 X-49.14 Y33.915 E348.2936
G1 X-49.34 Y34.164 E348.30422
G1 X-49.574 Y34.316 E348.3135
G0 F7200 X-49.799 Y34.792
;TYPE:WALL-OUTER
G1 F2400 X-49.951 Y34.8 E348.31856
G1 X-53.972 Y34.8 E348.4523
G1 X-54.383 Y34.737 E348.46613
G1 X-54.746 Y34.552 E348.47968
G1 X-55.034 Y34.264 E348.49323
G1 X-55.113 Y34.142 E348.49806
G1 X-57.129 Y30.65 E348.63218
G1 X-57.275 Y30.27 E348.64571
G1 X-57.295 Y29.858 E348.65943
G1 X-57.189 Y29.468 E348.67288
G1 X-57.129 Y29.35 E348.67728
G1 X-55.113 Y25.858 E348.81139
G1 X-54.855 Y25.536 E348.82511
G1 X-54.514 Y25.314 E348.83865
G1 X-54.124 Y25.208 E348.85209
G1 X-53.972 Y25.2 E348.85715
G1 X-49.951 Y25.2 E348.99089
G1 X-49.54 Y25.263 E349.00472
G1 X-49.177 Y25.448 E349.01827
G1 X-48.889 Y25.736 E349.03182
G1 X-48.815 Y25.85 E349.03634
G1 X-46.794 Y29.35 E349.17076
G1 X-46.648 Y29.73 E349.1843
G1 X-46.628 Y30.142 E349.19802
G1 X-46.734 Y30.532 E349.21146
G1 X-46.794 Y30.65 E349.21587
G1 X-48.81 Y34.142 E349.34998
G1 X-49.068 Y34.464 E349.3637
G1 X-49.409 Y34.686 E349.37723
G1 X-49.799 Y34.792 E349.39067
G0 F7200 X-49.951 Y34.8
G0 X-49.999 Y34.8
G0 X-49.998 Y34
G1 F3000 E342.89067
G1 F4200 Z2.8
G0 F7200 X-49.996 Y34 Z2.8
G0 X-4.294 Y58.795
;TYPE:FILL
G1 F4200 Z1.8
G1 F3000 E349.39067
G1 F3600 X-1.104 Y64.32 E349.60287
G0 F7200 X-1.724 Y64.32
G1 F3600 X2.88 Y56.345 E349.90914
G0 F7200 X2.478 Y55.831
G1 F3600 X4.843 Y59.928 E350.06649
G1 X4.845 Y59.967
G1 X-4.848 Y59.967 E350.38888
G1 X-4.85 Y59.938
G1 X-2.485 Y55.842 E350.54619
G0 F7200 X-2.88 Y56.346
G1 F3600 X1.724 Y64.32 E350.85244
G0 F7200 X1.104 Y64.32
G1 F3600 X4.294 Y58.794 E351.06466
G1 X4.344 Y58.708
G0 F7200 X4.251 Y58.761
G0 X3.537 Y57.524
G0 X3.555 Y57.514
G1 F3600 X-3.554 Y57.514 E351.3011
G1 X-3.654 Y57.514
G0 F7200 X-3.563 Y57.567
G0 X-.437 Y55.7
G0 X-.437 Y55.68
G1 F3600 X3.523 Y62.539 E351.56453
G1 X3.595 Y62.415
G1 X-3.596 Y62.415 E351.8037
G1 X-3.524 Y62.54
G1 X0.437 Y55.68 E352.06717
G1 X0.487 Y55.594
G0 F7200 X0.487 Y55.7
G0 X1.999 Y64.301
G0 X2.009 Y64.4
;TYPE:WALL-INNER
G1 F4800 X-1.982 Y64.4 E352.19991
G1 X-2.297 Y64.351 E352.21051
G1 X-2.549 Y64.222 E352.21993
G1 X-2.817 Y63.922 E352.23331
G1 X-4.805 Y60.478 E352.36557
G1 X-4.916 Y60.189 E352.37587
G1 X-4.932 Y59.908 E352.38523
G1 X-4.81 Y59.531 E352.39841
G1 X-2.822 Y56.086 E352.5307
G1 X-2.622 Y55.837 E352.54132
G1 X-2.383 Y55.681 E352.55081
G1 X-2.009 Y55.6 E352.56354
G1 X1.982 Y55.6 E352.69628
G1 X2.297 Y55.649 E352.70689
G1 X2.549 Y55.778 E352.7163
G1 X2.817 Y56.078 E352.72968
G1 X4.798 Y59.509 E352.86145
G1 X4.917 Y59.814 E352.87234
G1 X4.932 Y60.092 E352.8816
G1 X4.81 Y60.469 E352.89478
G1 X2.822 Y63.914 E353.02707
G1 X2.622 Y64.163 E353.03769
G1 X2.383 Y64.319 E353.04719
G1 X2.009 Y64.4 E353.05991
G0 F7200 X2.163 Y64.792
;TYPE:WALL-OUTER
G1 F2400 X2.011 Y64.8 E353.06498
G1 X-2.011 Y64.8 E353.19875
G1 X-2.424 Y64.736 E353.21265
G1 X-2.788 Y64.549 E353.22626
G1 X-3.069 Y64.268 E353.23948
G1 X-3.152 Y64.141 E353.24452
G1 X-5.167 Y60.65 E353.37859
G1 X-5.312 Y60.275 E353.39196
G1 X-5.334 Y59.865 E353.40562
G1 X-5.227 Y59.468 E353.41929
G1 X-5.167 Y59.35 E353.4237
G1 X-3.152 Y55.859 E353.55776
G1 X-2.893 Y55.536 E353.57153
G1 X-2.55 Y55.312 E353.58516
G1 X-2.163 Y55.208 E353.59848
G1 X-2.011 Y55.2 E353.60355
G1 X2.011 Y55.2 E353.73732
G1 X2.424 Y55.264 E353.75122
G1 X2.788 Y55.451 E353.76483
G1 X3.069 Y55.732 E353.77805
G1 X3.152 Y55.859 E353.78309
G1 X5.162 Y59.341 E353.91682
G1 X5.312 Y59.725 E353.93053
G1 X5.334 Y60.135 E353.94418
G1 X5.227 Y60.532 E353.95786
G1 X5.167 Y60.65 E353.96226
G1 X3.152 Y64.141 E354.09633
G1 X2.893 Y64.464 E354.1101
G1 X2.55 Y64.688 E354.12372
G1 X2.163 Y64.792 E354.13705
G0 F7200 X2.011 Y64.8
G0 X1.963 Y64.8
G0 X1.963 Y64
G1 F3000 E347.63705
G1 F4200 Z2.8
G0 F7200 X1.963 Y64 Z2.8
G0 X48.715 Y33.02
;TYPE:FILL
G1 F4200 Z1.8
G1 F3000 E354.13705
G1 F3600 X55.208 Y33.019 E354.35301
G1 X55.308 Y33.019
G0 F7200 X54.786 Y33.75
G1 F3600 X50.124 Y25.68 E354.66299
G1 X50.074 Y25.594
G0 F7200 X50.074 Y25.7
G0 X51.7 Y25.7
G0 X51.7 Y25.68
G1 F3600 X48.088 Y31.934 E354.9032
G1 X48.038 Y32.02
G0 F7200 X48.131 Y31.967
G0 X47.319 Y30.56
G0 X47.301 Y30.57
G1 F3600 X56.62 Y30.571 E355.21315
G1 X56.72 Y30.571
G0 F7200 X56.199 Y31.301
G1 F3600 X52.953 Y25.68 E355.42904
G1 X52.903 Y25.594
G0 F7200 X52.903 Y25.7
G0 X54.429 Y25.847
G0 X54.438 Y25.83
G1 F3600 X49.591 Y34.225 E355.75145
G1 X49.541 Y34.311
G0 F7200 X49.596 Y34.205
G0 X52.286 Y34.3
G0 X52.286 Y34.32
G1 F3600 X48.382 Y27.558 E356.01115
G0 F7200 X48.057 Y28.121
G1 F3600 X55.866 Y28.122 E356.27088
G1 X55.906 Y28.191
G1 X52.367 Y34.32 E356.50627
G1 X52.317 Y34.406
G0 F7200 X52.317 Y34.3
G0 X53.96 Y34.301
G0 X53.97 Y34.4
;TYPE:WALL-INNER
G1 F4800 X49.979 Y34.4 E356.63901
G1 X49.665 Y34.352 E356.64958
G1 X49.416 Y34.225 E356.65888
G1 X49.146 Y33.925 E356.6723
G1 X47.155 Y30.476 E356.80476
G1 X47.045 Y30.19 E356.81495
G1 X47.031 Y29.901 E356.82457
G1 X47.151 Y29.531 E356.83751
G1 X49.14 Y26.085 E356.96985
G1 X49.34 Y25.836 E356.98047
G1 X49.574 Y25.684 E356.98975
G1 X49.953 Y25.6 E357.00266
G1 X53.944 Y25.6 E357.1354
G1 X54.258 Y25.648 E357.14597
G1 X54.507 Y25.775 E357.15526
G1 X54.772 Y26.068 E357.1684
G1 X56.768 Y29.524 E357.30114
G1 X56.878 Y29.81 E357.31133
G1 X56.892 Y30.099 E357.32096
G1 X56.772 Y30.469 E357.3339
G1 X54.783 Y33.915 E357.46623
G1 X54.583 Y34.164 E357.47685
G1 X54.349 Y34.316 E357.48614
G1 X53.97 Y34.4 E357.49905
G0 F7200 X53.972 Y34.8
;TYPE:WALL-OUTER
G1 F2400 X49.951 Y34.8 E357.63279
G1 X49.54 Y34.737 E357.64662
G1 X49.177 Y34.552 E357.66017
G1 X48.889 Y34.264 E357.67371
G1 X48.81 Y34.142 E357.67855
G1 X46.794 Y30.65 E357.81266
G1 X46.648 Y30.27 E357.8262
G1 X46.628 Y29.858 E357.83992
G1 X46.734 Y29.468 E357.85336
G1 X46.794 Y29.35 E357.85776
G1 X48.81 Y25.858 E357.99187
G1 X49.068 Y25.536 E358.00559
G1 X49.409 Y25.314 E358.01913
G1 X49.799 Y25.208 E358.03257
G1 X49.951 Y25.2 E358.03763
G1 X53.972 Y25.2 E358.17137
G1 X54.383 Y25.263 E358.1852
G1 X54.746 Y25.448 E358.19875
G1 X55.034 Y25.736 E358.2123
G1 X55.108 Y25.85 E358.21682
G1 X57.129 Y29.35 E358.35124
G1 X57.275 Y29.73 E358.36478
G1 X57.295 Y30.142 E358.3785
G1 X57.189 Y30.532 E358.39194
G1 X57.129 Y30.65 E358.39635
G1 X55.113 Y34.142 E358.53046
G1 X54.855 Y34.464 E358.54418
G1 X54.514 Y34.686 E358.55771
G1 X54.124 Y34.792 E358.57116
G1 X53.972 Y34.8 E358.57622
G0 F7200 X53.772 Y34.8
G0 X53.772 Y34
G1 F3000 E352.07622
G1 F4200 Z2.8
G0 F7200 X53.772 Y34 Z2.8
G0 X53.065 Y-25.68
;TYPE:FILL
G1 F4200 Z1.8
G1 F3000 E358.57622
G1 F3600 X56.255 Y-31.205 E358.78841
G0 F7200 X56.565 Y-30.669
G1 F3600 X47.359 Y-30.668 E359.0946
G0 F7200 X47.114 Y-30.065
G1 F3600 X49.476 Y-34.155 E359.25169
G1 X49.51 Y-34.177
G1 X54.355 Y-25.786 E359.57396
G1 X54.33 Y-25.769
G1 X49.601 Y-25.77 E359.73125
G0 F7200 X50.238 Y-25.68
G1 F3600 X54.841 Y-33.653 E360.03745
G0 F7200 X55.151 Y-33.116
G1 F3600 X48.772 Y-33.117 E360.24962
G1 X48.672 Y-33.117
G0 F7200 X48.763 Y-33.063
G0 X48.048 Y-31.824
G0 X48.032 Y-31.834
G1 F3600 X51.585 Y-25.68 E360.48597
G1 X51.635 Y-25.594
G0 F7200 X51.635 Y-25.7
G0 X48.456 Y-27.47
G0 X48.438 Y-27.46
G1 F3600 X52.399 Y-34.32 E360.74943
G1 X52.256 Y-34.32
G1 X55.85 Y-28.094 E360.98854
G1 X55.921 Y-28.218
G1 X48 Y-28.219 E361.25199
G1 X47.9 Y-28.219
G0 F7200 X47.993 Y-28.272
G0 X53.96 Y-25.699
G0 X53.97 Y-25.6
;TYPE:WALL-INNER
G1 F4800 X49.979 Y-25.6 E361.38473
G1 X49.665 Y-25.648 E361.3953
G1 X49.416 Y-25.775 E361.40459
G1 X49.146 Y-26.075 E361.41802
G1 X47.155 Y-29.524 E361.55047
G1 X47.045 Y-29.81 E361.56066
G1 X47.031 Y-30.099 E361.57029
G1 X47.151 Y-30.469 E361.58323
G1 X49.14 Y-33.915 E361.71556
G1 X49.34 Y-34.164 E361.72618
G1 X49.574 Y-34.316 E361.73546
G1 X49.953 Y-34.4 E361.74838
G1 X53.944 Y-34.4 E361.88112
G1 X54.258 Y-34.352 E361.89168
G1 X54.507 Y-34.225 E361.90098
G1 X54.772 Y-33.932 E361.91412
G1 X56.768 Y-30.476 E362.04686
G1 X56.878 Y-30.19 E362.05705
G1 X56.892 Y-29.901 E362.06668
G1 X56.772 Y-29.531 E362.07961
G1 X54.783 Y-26.085 E362.21195
G1 X54.583 Y-25.836 E362.22257
G1 X54.349 Y-25.684 E362.23185
G1 X53.97 Y-25.6 E362.24476
G0 F7200 X53.972 Y-25.2
;TYPE:WALL-OUTER
G1 F2400 X49.951 Y-25.2 E362.3785
G1 X49.54 Y-25.263 E362.39233
G1 X49.177 Y-25.448 E362.40588
G1 X48.889 Y-25.736 E362.41943
G1 X48.81 Y-25.858 E362.42426
G1 X46.794 Y-29.35 E362.55837
G1 X46.648 Y-29.73 E362.57191
G1 X46.628 Y-30.142 E362.58563
G1 X46.734 Y-30.532 E362.59907
G1 X46.794 Y-30.65 E362.60348
G1 X48.81 Y-34.142 E362.73759
G1 X49.068 Y-34.464 E362.75131
G1 X49.409 Y-34.686 E362.76484
G1 X49.799 Y-34.792 E362.77829
G1 X49.951 Y-34.8 E362.78335
G1 X53.972 Y-34.8 E362.91709
G1 X54.383 Y-34.737 E362.93092
G1 X54.746 Y-34.552 E362.94447
G1 X55.034 Y-34.264 E362.95802
G1 X55.108 Y-34.15 E362.96254
G1 X57.129 Y-30.65 E363.09696
G1 X57.275 Y-30.27 E363.1105
G1 X57.295 Y-29.858 E363.12422
G1 X57.189 Y-29.468 E363.13766
G1 X57.129 Y-29.35 E363.14206
G1 X55.113 Y-25.858 E363.27617
G1 X54.855 Y-25.536 E363.2899
G1 X54.514 Y-25.314 E363.30343
G1 X54.124 Y-25.208 E363.31687
G1 X53.972 Y-25.2 E363.32194
G0 F7200 X53.772 Y-25.2
G0 X53.772 Y-26
G1 F3000 E356.82194
G1 F4200 Z2.8
G0 F7200 X53.772 Y-26 Z2.8
G0 X2.823 Y-56.248
;TYPE:FILL
G1 F4200 Z1.8
G1 F3000 E363.32194
G1 F3600 X-1.835 Y-64.32 E363.63191
G1 X-1.884 Y-64.406
G0 F7200 X-.992 Y-64.32
G1 F3600 X-4.238 Y-58.698 E363.84782
G1 X-4.288 Y-58.612
G0 F7200 X-4.195 Y-58.665
G0 X-3.593 Y-57.622
G0 X-3.611 Y-57.612
G1 F3600 X3.611 Y-57.612 E364.08803
G1 X3.711 Y-57.612
G0 F7200 X3.619 Y-57.665
G0 X4.221 Y-58.708
G0 X4.237 Y-58.698
G1 F3600 X0.991 Y-64.32 E364.30395
G1 X0.941 Y-64.406
G0 F7200 X1.835 Y-64.32
G1 F3600 X-2.824 Y-56.248 E364.61393
G1 X-2.873 Y-56.162
G0 F7200 X-2.781 Y-56.215
G0 X-.325 Y-55.7
G0 X-.325 Y-55.68
G1 F3600 X3.58 Y-62.443 E364.87367
G1 X3.54 Y-62.512
G1 X-3.539 Y-62.512 E365.10912
G1 X-3.58 Y-62.442
G1 X0.325 Y-55.68 E365.36884
G1 X0.375 Y-55.594
G0 F7200 X0.375 Y-55.7
G0 X4.823 Y-60.061
G0 X4.844 Y-60.061
G1 F3600 X-4.85 Y-60.061 E365.69126
G1 X-4.95 Y-60.061
G0 F7200 X-4.83 Y-60.067
G0 X1.999 Y-55.699
G0 X2.009 Y-55.6
;TYPE:WALL-INNER
G1 F4800 X-1.982 Y-55.6 E365.824
G1 X-2.297 Y-55.649 E365.83461
G1 X-2.549 Y-55.778 E365.84402
G1 X-2.817 Y-56.078 E365.8574
G1 X-4.805 Y-59.522 E365.98966
G1 X-4.916 Y-59.811 E365.99996
G1 X-4.932 Y-60.092 E366.00932
G1 X-4.81 Y-60.469 E366.0225
G1 X-2.822 Y-63.914 E366.15479
G1 X-2.622 Y-64.163 E366.16541
G1 X-2.383 Y-64.319 E366.17491
G1 X-2.009 Y-64.4 E366.18763
G1 X1.982 Y-64.4 E366.32037
G1 X2.297 Y-64.351 E366.33098
G1 X2.549 Y-64.222 E366.34039
G1 X2.817 Y-63.922 E366.35377
G1 X4.798 Y-60.491 E366.48554
G1 X4.917 Y-60.186 E366.49643
G1 X4.932 Y-59.908 E366.50569
G1 X4.81 Y-59.531 E366.51887
G1 X2.822 Y-56.086 E366.65116
G1 X2.622 Y-55.837 E366.66179
G1 X2.383 Y-55.681 E366.67128
G1 X2.009 Y-55.6 E366.68401
G0 F7200 X2.163 Y-55.208
;TYPE:WALL-OUTER
G1 F2400 X2.011 Y-55.2 E366.68907
G1 X-2.011 Y-55.2 E366.82284
G1 X-2.424 Y-55.264 E366.83674
G1 X-2.788 Y-55.451 E366.85035
G1 X-3.069 Y-55.732 E366.86357
G1 X-3.152 Y-55.859 E366.86862
G1 X-5.167 Y-59.35 E367.00268
G1 X-5.312 Y-59.725 E367.01605
G1 X-5.334 Y-60.135 E367.02971
G1 X-5.227 Y-60.532 E367.04338
G1 X-5.167 Y-60.65 E367.04779
G1 X-3.152 Y-64.141 E367.18185
G1 X-2.893 Y-64.464 E367.19562
G1 X-2.55 Y-64.688 E367.20925
G1 X-2.163 Y-64.792 E367.22258
G1 X-2.011 Y-64.8 E367.22764
G1 X2.011 Y-64.8 E367.36141
G1 X2.424 Y-64.736 E367.37531
G1 X2.788 Y-64.549 E367.38892
G1 X3.069 Y-64.268 E367.40214
G1 X3.152 Y-64.141 E367.40719
G1 X5.162 Y-60.659 E367.54091
G1 X5.312 Y-60.275 E367.55462
G1 X5.334 Y-59.865 E367.56828
G1 X5.227 Y-59.468 E367.58195
G1 X5.167 Y-59.35 E367.58635
G1 X3.152 Y-55.859 E367.72042
G1 X2.893 Y-55.536 E367.73419
G1 X2.55 Y-55.312 E367.74782
G1 X2.163 Y-55.208 E367.76114
G0 F7200 X2.011 Y-55.2
G0 X1.963 Y-55.2
G0 X1.963 Y-56
G1 F3000 E361.26114
G1 F4200 Z2.8
;MESH:NONMESH
G0 F7200 X1.963 Y-56 Z2.8
G0 X0.38 Y-1.41
;TIME_ELAPSED:314.291449
;LAYER:9
;MESH:deltaCalPrint60.stl
G0 X0.38 Y-1.41 Z3
;TYPE:FILL
G1 F4200 Z2
G1 F3000 E367.76114
G1 F3600 X3.093 Y3.284 E367.94147
G0 F7200 X2.974 Y3.489
G1 F3600 X-2.976 Y3.489 E368.13937
G0 F7200 X-3.093 Y3.285
G1 F3600 X1.296 Y-4.32 E368.43141
G0 F7200 X1.535 Y-4.32
G1 F3600 X3.21 Y-1.421 E368.54277
G1 X3.213 Y-1.407
G1 X4.507 Y0.834 E368.62884
G0 F7200 X4.387 Y1.042
G1 F3600 X-4.388 Y1.042 E368.9207
G0 F7200 X-4.507 Y0.835
G1 F3600 X-3.213 Y-1.407 E369.00679
G1 X-3.209 Y-1.421
G1 X-1.534 Y-4.32 E369.11815
G0 F7200 X-1.294 Y-4.32
G1 F3600 X0.381 Y-1.42 E369.22954
G1 X0.431 Y-1.334
G0 F7200 X3.293 Y-2.898
G0 X3.311 Y-2.908
G1 F3600 X-.861 Y4.32 E369.50712
G1 X-.91 Y4.406
G0 F7200 X-.91 Y4.3
G0 X-1.973 Y4.3
G0 X-1.973 Y4.32
G1 F3600 X-4.729 Y-.45 E369.69034
G1 X-4.779 Y-.536
G0 F7200 X-4.688 Y-.482
G0 X-4.156 Y-1.403
G0 X-4.173 Y-1.414
G1 F3600 X4.174 Y-1.414 E369.96797
G1 X4.274 Y-1.414
G0 F7200 X4.181 Y-1.361
G0 X4.709 Y-.444
G0 X4.728 Y-.45
G1 F3600 X1.972 Y4.32 E370.1512
G1 X1.922 Y4.406
G0 F7200 X1.922 Y4.3
G0 X0.861 Y4.3
G0 X0.861 Y4.32
G1 F3600 X-3.311 Y-2.907 E370.42874
G1 X-3.361 Y-2.993
G0 F7200 X-3.269 Y-2.939
G0 X-2.739 Y-3.858
G0 X-2.756 Y-3.869
G1 F3600 X2.757 Y-3.869 E370.61211
G1 X2.857 Y-3.869
G0 F7200 X2.763 Y-3.815
G0 X-4.819 Y0.168
G0 X-4.916 Y0.189
;TYPE:WALL-INNER
G1 F4800 X-4.932 Y-0.092 E370.62147
G1 X-4.81 Y-.469 E370.63465
G1 X-2.808 Y-3.936 E370.7678
G1 X-2.623 Y-4.163 E370.77754
G1 X-2.383 Y-4.319 E370.78706
G1 X-2.009 Y-4.4 E370.79979
G1 X1.982 Y-4.4 E370.93253
G1 X2.297 Y-4.351 E370.94314
G1 X2.549 Y-4.222 E370.95255
G1 X2.817 Y-3.922 E370.96593
G1 X4.798 Y-.491 E371.0977
G1 X4.917 Y-.186 E371.10859
G1 X4.932 Y0.092 E371.11785
G1 X4.81 Y0.469 E371.13103
G1 X2.808 Y3.936 E371.26419
G1 X2.623 Y4.163 E371.27393
G1 X2.383 Y4.319 E371.28345
G1 X2.009 Y4.4 E371.29618
G1 X-1.982 Y4.4 E371.42892
G1 X-2.297 Y4.351 E371.43952
G1 X-2.549 Y4.222 E371.44894
G1 X-2.817 Y3.922 E371.46232
G1 X-4.805 Y0.478 E371.59458
G1 X-4.916 Y0.189 E371.60488
G0 F7200 X-5.312 Y0.275
;TYPE:WALL-OUTER
G1 F2400 X-5.334 Y-.135 E371.61853
G1 X-5.227 Y-.532 E371.63221
G1 X-5.167 Y-.65 E371.63661
G1 X-3.136 Y-4.167 E371.77169
G1 X-2.893 Y-4.464 E371.78445
G1 X-2.55 Y-4.688 E371.79808
G1 X-2.163 Y-4.792 E371.81141
G1 X-2.011 Y-4.8 E371.81647
G1 X2.011 Y-4.8 E371.95024
G1 X2.424 Y-4.736 E371.96414
G1 X2.788 Y-4.549 E371.97775
G1 X3.069 Y-4.268 E371.99097
G1 X3.152 Y-4.141 E371.99602
G1 X5.162 Y-.659 E372.12974
G1 X5.312 Y-.275 E372.14345
G1 X5.334 Y0.135 E372.15711
G1 X5.227 Y0.532 E372.17078
G1 X5.167 Y0.65 E372.17519
G1 X3.136 Y4.167 E372.31026
G1 X2.893 Y4.464 E372.32303
G1 X2.55 Y4.688 E372.33665
G1 X2.163 Y4.792 E372.34998
G1 X2.011 Y4.8 E372.35504
G1 X-2.011 Y4.8 E372.48882
G1 X-2.424 Y4.736 E372.50272
G1 X-2.788 Y4.549 E372.51633
G1 X-3.069 Y4.268 E372.52955
G1 X-3.152 Y4.141 E372.53459
G1 X-5.167 Y0.65 E372.66866
G1 X-5.312 Y0.275 E372.68203
G0 F7200 X-5.322 Y0.075
G0 X-4.523 Y0.031
G1 F3000 E366.18203
G1 F4200 Z3
G0 F7200 X-4.523 Y0.031 Z3
G0 X-48.521 Y-27.318
;TYPE:FILL
G1 F4200 Z2
G1 F3000 E372.68203
G1 F3600 X-52.563 Y-34.32 E372.95093
G0 F7200 X-52.091 Y-34.32
G1 F3600 X-55.768 Y-27.951 E373.19554
G0 F7200 X-56.004 Y-28.359
G1 F3600 X-47.919 Y-28.36 E373.46444
G1 X-47.819 Y-28.36
G0 F7200 X-47.91 Y-28.414
G0 X-47.158 Y-29.833
G0 X-47.14 Y-29.827
G1 F3600 X-49.711 Y-34.279 E373.63544
G0 F7200 X-49.399 Y-34.087
G1 F3600 X-54.228 Y-25.724 E373.95663
G0 F7200 X-54.522 Y-25.911
G1 F3600 X-49.383 Y-25.911 E374.12756
G1 X-49.283 Y-25.911
G0 F7200 X-49.359 Y-25.972
G0 X-50.401 Y-25.7
G0 X-50.401 Y-25.68
G1 F3600 X-54.923 Y-33.513 E374.42838
G0 F7200 X-55.07 Y-33.258
G1 F3600 X-48.854 Y-33.258 E374.63512
G1 X-48.754 Y-33.258
G0 F7200 X-48.846 Y-33.205
G0 X-47.967 Y-31.683
G0 X-47.95 Y-31.693
G1 F3600 X-51.422 Y-25.68 E374.86606
G1 X-51.472 Y-25.594
G0 F7200 X-51.472 Y-25.7
G0 X-53.229 Y-25.7
G0 X-53.229 Y-25.68
G1 F3600 X-56.337 Y-31.062 E375.07277
G0 F7200 X-56.482 Y-30.81
G1 F3600 X-47.44 Y-30.809 E375.37351
G1 X-47.34 Y-30.809
G0 F7200 X-47.432 Y-30.756
G0 X-49.612 Y-25.776
G0 X-49.574 Y-25.684
;TYPE:WALL-INNER
G1 F4800 X-49.953 Y-25.6 E375.38642
G1 X-53.944 Y-25.6 E375.51916
G1 X-54.258 Y-25.648 E375.52973
G1 X-54.507 Y-25.775 E375.53903
G1 X-54.777 Y-26.075 E375.55245
G1 X-56.768 Y-29.524 E375.68491
G1 X-56.878 Y-29.81 E375.6951
G1 X-56.892 Y-30.099 E375.70472
G1 X-56.772 Y-30.469 E375.71766
G1 X-54.783 Y-33.915 E375.84999
G1 X-54.583 Y-34.164 E375.86062
G1 X-54.349 Y-34.316 E375.8699
G1 X-53.97 Y-34.4 E375.88281
G1 X-49.979 Y-34.4 E376.01555
G1 X-49.665 Y-34.352 E376.02612
G1 X-49.416 Y-34.225 E376.03541
G1 X-49.151 Y-33.932 E376.04855
G1 X-47.155 Y-30.476 E376.18129
G1 X-47.045 Y-30.19 E376.19148
G1 X-47.031 Y-29.901 E376.20111
G1 X-47.151 Y-29.531 E376.21405
G1 X-49.14 Y-26.085 E376.34638
G1 X-49.34 Y-25.836 E376.357
G1 X-49.574 Y-25.684 E376.36628
G0 F7200 X-49.799 Y-25.208
;TYPE:WALL-OUTER
G1 F2400 X-49.951 Y-25.2 E376.37135
G1 X-53.972 Y-25.2 E376.50509
G1 X-54.383 Y-25.263 E376.51892
G1 X-54.746 Y-25.448 E376.53247
G1 X-55.034 Y-25.736 E376.54601
G1 X-55.113 Y-25.858 E376.55085
G1 X-57.129 Y-29.35 E376.68496
G1 X-57.275 Y-29.73 E376.6985
G1 X-57.295 Y-30.142 E376.71222
G1 X-57.189 Y-30.532 E376.72566
G1 X-57.129 Y-30.65 E376.73006
G1 X-55.113 Y-34.142 E376.86417
G1 X-54.855 Y-34.464 E376.8779
G1 X-54.514 Y-34.686 E376.89143
G1 X-54.124 Y-34.792 E376.90487
G1 X-53.972 Y-34.8 E376.90993
G1 X-49.951 Y-34.8 E377.04367
G1 X-49.54 Y-34.737 E377.0575
G1 X-49.177 Y-34.552 E377.07105
G1 X-48.889 Y-34.264 E377.0846
G1 X-48.815 Y-34.15 E377.08912
G1 X-46.794 Y-30.65 E377.22354
G1 X-46.648 Y-30.27 E377.23708
G1 X-46.628 Y-29.858 E377.2508
G1 X-46.734 Y-29.468 E377.26424
G1 X-46.794 Y-29.35 E377.26865
G1 X-48.81 Y-25.858 E377.40276
G1 X-49.068 Y-25.536 E377.41648
G1 X-49.409 Y-25.314 E377.43001
G1 X-49.799 Y-25.208 E377.44346
G0 F7200 X-49.951 Y-25.2
G0 X-49.999 Y-25.2
G0 X-49.998 Y-26
G1 F3000 E370.94346
G1 F4200 Z3
G0 F7200 X-49.996 Y-26 Z3
G0 X-49.963 Y25.684
;TYPE:FILL
G1 F4200 Z2
G1 F3000 E377.44346
G1 F3600 X-54.702 Y33.889 E377.7586
G1 X-54.752 Y33.975
G0 F7200 X-54.666 Y33.9
G0 X-55.272 Y32.868
G0 X-55.29 Y32.878
G1 F3600 X-48.634 Y32.878 E377.97998
G1 X-48.534 Y32.878
G0 F7200 X-48.171 Y32.076
G1 F3600 X-51.864 Y25.68 E378.22563
G1 X-51.914 Y25.594
G0 F7200 X-52.79 Y25.68
G1 F3600 X-56.118 Y31.443 E378.44697
G1 X-56.168 Y31.529
G0 F7200 X-56.076 Y31.476
G0 X-56.681 Y30.424
G0 X-56.7 Y30.43
G1 F3600 X-47.223 Y30.429 E378.76218
G1 X-47.123 Y30.429
G0 F7200 X-47.231 Y30.394
G0 X-48.156 Y27.99
G0 X-48.139 Y27.98
G1 F3600 X-55.784 Y27.981 E379.01645
G0 F7200 X-55.987 Y28.332
G1 F3600 X-52.53 Y34.32 E379.24642
G0 F7200 X-52.123 Y34.32
G1 F3600 X-48.301 Y27.699 E379.50069
G1 X-48.251 Y27.613
G0 F7200 X-48.343 Y27.666
G0 X-54.534 Y25.934
G0 X-54.549 Y25.922
G1 F3600 X-49.73 Y34.268 E379.82123
G1 X-49.68 Y34.354
G0 F7200 X-49.574 Y34.316
;TYPE:WALL-INNER
G1 F4800 X-49.953 Y34.4 E379.83415
G1 X-53.944 Y34.4 E379.96689
G1 X-54.258 Y34.352 E379.97745
G1 X-54.507 Y34.225 E379.98675
G1 X-54.777 Y33.925 E380.00017
G1 X-56.768 Y30.476 E380.13263
G1 X-56.878 Y30.19 E380.14282
G1 X-56.892 Y29.901 E380.15244
G1 X-56.772 Y29.531 E380.16538
G1 X-54.783 Y26.085 E380.29772
G1 X-54.583 Y25.836 E380.30834
G1 X-54.349 Y25.684 E380.31762
G1 X-53.97 Y25.6 E380.33053
G1 X-49.979 Y25.6 E380.46327
G1 X-49.665 Y25.648 E380.47384
G1 X-49.416 Y25.775 E380.48313
G1 X-49.151 Y26.068 E380.49627
G1 X-47.155 Y29.524 E380.62902
G1 X-47.045 Y29.81 E380.63921
G1 X-47.031 Y30.099 E380.64883
G1 X-47.151 Y30.469 E380.66177
G1 X-49.14 Y33.915 E380.7941
G1 X-49.34 Y34.164 E380.80473
G1 X-49.574 Y34.316 E380.81401
G0 F7200 X-49.799 Y34.792
;TYPE:WALL-OUTER
G1 F2400 X-49.951 Y34.8 E380.81907
G1 X-53.972 Y34.8 E380.95281
G1 X-54.383 Y34.737 E380.96664
G1 X-54.746 Y34.552 E380.98019
G1 X-55.034 Y34.264 E380.99374
G1 X-55.113 Y34.142 E380.99857
G1 X-57.129 Y30.65 E381.13268
G1 X-57.275 Y30.27 E381.14622
G1 X-57.295 Y29.858 E381.15994
G1 X-57.189 Y29.468 E381.17338
G1 X-57.129 Y29.35 E381.17778
G1 X-55.113 Y25.858 E381.31189
G1 X-54.855 Y25.536 E381.32562
G1 X-54.514 Y25.314 E381.33915
G1 X-54.124 Y25.208 E381.35259
G1 X-53.972 Y25.2 E381.35766
G1 X-49.951 Y25.2 E381.49139
G1 X-49.54 Y25.263 E381.50522
G1 X-49.177 Y25.448 E381.51878
G1 X-48.889 Y25.736 E381.53232
G1 X-48.815 Y25.85 E381.53684
G1 X-46.794 Y29.35 E381.67127
G1 X-46.648 Y29.73 E381.68481
G1 X-46.628 Y30.142 E381.69853
G1 X-46.734 Y30.532 E381.71197
G1 X-46.794 Y30.65 E381.71637
G1 X-48.81 Y34.142 E381.85048
G1 X-49.068 Y34.464 E381.8642
G1 X-49.409 Y34.686 E381.87774
G1 X-49.799 Y34.792 E381.89118
G0 F7200 X-49.951 Y34.8
G0 X-49.999 Y34.8
G0 X-49.998 Y34
G1 F3000 E375.39118
G1 F4200 Z3
G0 F7200 X-49.996 Y34 Z3
G0 X-4.375 Y58.937
;TYPE:FILL
G1 F4200 Z2
G1 F3000 E381.89118
G1 F3600 X-1.268 Y64.32 E382.0979
G0 F7200 X-1.561 Y64.32
G1 F3600 X2.962 Y56.487 E382.39874
G1 X3.012 Y56.401
G0 F7200 X2.919 Y56.454
G0 X3.456 Y57.383
G0 X3.474 Y57.373
G1 F3600 X-3.472 Y57.373 E382.62977
G1 X-3.572 Y57.373
G0 F7200 X-3.48 Y57.427
G0 X-2.944 Y56.499
G0 X-2.961 Y56.488
G1 F3600 X1.561 Y64.32 E382.93056
G0 F7200 X1.268 Y64.32
G1 F3600 X4.376 Y58.936 E383.13733
G1 X4.426 Y58.85
G0 F7200 X4.333 Y58.903
G0 X4.817 Y59.832
G0 X4.836 Y59.826
G1 F3600 X-4.822 Y59.826 E383.45856
G0 F7200 X-4.83 Y60.189
G1 F3600 X-2.259 Y55.735 E383.62961
G1 X-2.209 Y55.649
G0 F7200 X-2.19 Y55.741
G0 X-.602 Y55.7
G0 X-.602 Y55.68
G1 F3600 X3.441 Y62.68 E383.89847
G0 F7200 X3.676 Y62.273
G1 F3600 X-3.678 Y62.273 E384.14306
G0 F7200 X-3.442 Y62.682
G1 F3600 X0.602 Y55.68 E384.412
G1 X0.652 Y55.594
G0 F7200 X0.652 Y55.7
G0 X2.249 Y55.742
G0 X2.252 Y55.722
G1 F3600 X4.822 Y60.174 E384.58298
G1 X4.872 Y60.26
G0 F7200 X4.783 Y60.231
G0 X1.999 Y64.301
G0 X2.009 Y64.4
;TYPE:WALL-INNER
G1 F4800 X-1.982 Y64.4 E384.71572
G1 X-2.297 Y64.351 E384.72632
G1 X-2.549 Y64.222 E384.73574
G1 X-2.817 Y63.922 E384.74912
G1 X-4.805 Y60.478 E384.88138
G1 X-4.916 Y60.189 E384.89168
G1 X-4.932 Y59.908 E384.90104
G1 X-4.81 Y59.531 E384.91422
G1 X-2.808 Y56.064 E385.04737
G1 X-2.623 Y55.837 E385.05711
G1 X-2.383 Y55.681 E385.06663
G1 X-2.009 Y55.6 E385.07936
G1 X1.982 Y55.6 E385.2121
G1 X2.297 Y55.649 E385.22271
G1 X2.549 Y55.778 E385.23212
G1 X2.817 Y56.078 E385.2455
G1 X4.798 Y59.509 E385.37727
G1 X4.917 Y59.814 E385.38816
G1 X4.932 Y60.092 E385.39742
G1 X4.81 Y60.469 E385.4106
G1 X2.808 Y63.936 E385.54376
G1 X2.623 Y64.163 E385.5535
G1 X2.383 Y64.319 E385.56302
G1 X2.009 Y64.4 E385.57575
G0 F7200 X2.163 Y64.792
;TYPE:WALL-OUTER
G1 F2400 X2.011 Y64.8 E385.58081
G1 X-2.011 Y64.8 E385.71458
G1 X-2.424 Y64.736 E385.72848
G1 X-2.788 Y64.549 E385.74209
G1 X-3.069 Y64.268 E385.75531
G1 X-3.152 Y64.141 E385.76036
G1 X-5.167 Y60.65 E385.89442
G1 X-5.312 Y60.275 E385.90779
G1 X-5.334 Y59.865 E385.92145
G1 X-5.227 Y59.468 E385.93513
G1 X-5.167 Y59.35 E385.93953
G1 X-3.136 Y55.833 E386.07461
G1 X-2.893 Y55.536 E386.08737
G1 X-2.55 Y55.312 E386.101
G1 X-2.163 Y55.208 E386.11433
G1 X-2.011 Y55.2 E386.11939
G1 X2.011 Y55.2 E386.25316
G1 X2.424 Y55.264 E386.26706
G1 X2.788 Y55.451 E386.28067
G1 X3.069 Y55.732 E386.29389
G1 X3.152 Y55.859 E386.29893
G1 X5.162 Y59.341 E386.43266
G1 X5.312 Y59.725 E386.44637
G1 X5.334 Y60.135 E386.46003
G1 X5.227 Y60.532 E386.4737
G1 X5.167 Y60.65 E386.4781
G1 X3.136 Y64.167 E386.61318
G1 X2.893 Y64.464 E386.62595
G1 X2.55 Y64.688 E386.63957
G1 X2.163 Y64.792 E386.6529
G0 F7200 X2.011 Y64.8
G0 X1.963 Y64.8
G0 X1.963 Y64
G1 F3000 E380.1529
G1 F4200 Z3
G0 F7200 X1.963 Y64 Z3
G0 X48.633 Y32.878
;TYPE:FILL
G1 F4200 Z2
G1 F3000 E386.6529
G1 F3600 X55.289 Y32.878 E386.87428
G1 X55.389 Y32.878
G0 F7200 X55.298 Y32.824
G0 X54.687 Y33.876
G0 X54.702 Y33.888
G1 F3600 X49.961 Y25.68 E387.18955
G1 X49.911 Y25.594
G0 F7200 X49.935 Y25.706
G0 X51.863 Y25.7
G0 X51.863 Y25.68
G1 F3600 X48.17 Y32.076 E387.43519
G1 X48.12 Y32.162
G0 F7200 X48.213 Y32.109
G0 X47.242 Y30.423
G0 X47.223 Y30.429
G1 F3600 X56.7 Y30.43 E387.7504
G1 X56.8 Y30.43
G0 F7200 X56.692 Y30.395
G0 X56.102 Y31.432
G0 X56.117 Y31.442
G1 F3600 X52.79 Y25.68 E387.9717
G1 X52.74 Y25.594
G0 F7200 X52.74 Y25.7
G0 X54.527 Y25.946
G0 X54.543 Y25.933
G1 F3600 X49.723 Y34.28 E388.29228
G1 X49.673 Y34.366
G0 F7200 X49.69 Y34.255
G0 X52.123 Y34.3
G0 X52.123 Y34.32
G1 F3600 X48.301 Y27.699 E388.54655
G0 F7200 X48.139 Y27.98
G1 F3600 X55.785 Y27.981 E388.80086
G0 F7200 X55.987 Y28.332
G1 F3600 X52.531 Y34.32 E389.03081
G1 X52.482 Y34.406
G0 F7200 X52.482 Y34.3
G0 X53.96 Y34.301
G0 X53.97 Y34.4
;TYPE:WALL-INNER
G1 F4800 X49.979 Y34.4 E389.16356
G1 X49.665 Y34.352 E389.17412
G1 X49.416 Y34.225 E389.18342
G1 X49.146 Y33.925 E389.19684
G1 X47.155 Y30.476 E389.3293
G1 X47.045 Y30.19 E389.33949
G1 X47.031 Y29.901 E389.34911
G1 X47.151 Y29.531 E389.36205
G1 X49.14 Y26.085 E389.49439
G1 X49.34 Y25.836 E389.50501
G1 X49.574 Y25.684 E389.51429
G1 X49.953 Y25.6 E389.5272
G1 X53.944 Y25.6 E389.65994
G1 X54.258 Y25.648 E389.67051
G1 X54.507 Y25.775 E389.6798
G1 X54.772 Y26.068 E389.69294
G1 X56.768 Y29.524 E389.82568
G1 X56.878 Y29.81 E389.83588
G1 X56.892 Y30.099 E389.8455
G1 X56.772 Y30.469 E389.85844
G1 X54.783 Y33.915 E389.99077
G1 X54.583 Y34.164 E390.00139
G1 X54.349 Y34.316 E390.01068
G1 X53.97 Y34.4 E390.02359
G0 F7200 X53.972 Y34.8
;TYPE:WALL-OUTER
G1 F2400 X49.951 Y34.8 E390.15733
G1 X49.54 Y34.737 E390.17116
G1 X49.177 Y34.552 E390.18471
G1 X48.889 Y34.264 E390.19825
G1 X48.81 Y34.142 E390.20309
G1 X46.794 Y30.65 E390.3372
G1 X46.648 Y30.27 E390.35074
G1 X46.628 Y29.858 E390.36446
G1 X46.734 Y29.468 E390.3779
G1 X46.794 Y29.35 E390.3823
G1 X48.81 Y25.858 E390.51641
G1 X49.068 Y25.536 E390.53014
G1 X49.409 Y25.314 E390.54367
G1 X49.799 Y25.208 E390.55711
G1 X49.951 Y25.2 E390.56217
G1 X53.972 Y25.2 E390.69591
G1 X54.383 Y25.263 E390.70974
G1 X54.746 Y25.448 E390.72329
G1 X55.034 Y25.736 E390.73684
G1 X55.108 Y25.85 E390.74136
G1 X57.129 Y29.35 E390.87578
G1 X57.275 Y29.73 E390.88932
G1 X57.295 Y30.142 E390.90304
G1 X57.189 Y30.532 E390.91648
G1 X57.129 Y30.65 E390.92089
G1 X55.113 Y34.142 E391.055
G1 X54.855 Y34.464 E391.06872
G1 X54.514 Y34.686 E391.08225
G1 X54.124 Y34.792 E391.0957
G1 X53.972 Y34.8 E391.10076
G0 F7200 X53.772 Y34.8
G0 X53.772 Y34
G1 F3000 E384.60076
G1 F4200 Z3
G0 F7200 X53.772 Y34 Z3
G0 X53.229 Y-25.68
;TYPE:FILL
G1 F4200 Z2
G1 F3000 E391.10076
G1 F3600 X56.337 Y-31.063 E391.3075
G0 F7200 X56.483 Y-30.81
G1 F3600 X47.44 Y-30.809 E391.60827
G1 X47.34 Y-30.809
G0 F7200 X47.431 Y-30.755
G0 X47.966 Y-31.683
G0 X47.95 Y-31.693
G1 F3600 X51.422 Y-25.68 E391.83921
G1 X51.472 Y-25.594
G0 F7200 X51.472 Y-25.7
G0 X50.401 Y-25.7
G0 X50.401 Y-25.68
G1 F3600 X54.923 Y-33.512 E392.14
G0 F7200 X55.069 Y-33.258
G1 F3600 X48.853 Y-33.258 E392.34675
G1 X48.753 Y-33.258
G0 F7200 X48.844 Y-33.204
G0 X49.406 Y-34.087
G0 X49.391 Y-34.1
G1 F3600 X54.219 Y-25.738 E392.6679
G0 F7200 X54.54 Y-25.911
G1 F3600 X49.401 Y-25.911 E392.83882
G1 X49.301 Y-25.911
G0 F7200 X49.371 Y-25.973
G0 X48.538 Y-27.328
G0 X48.52 Y-27.318
G1 F3600 X52.562 Y-34.32 E393.10773
G0 F7200 X52.091 Y-34.32
G1 F3600 X55.768 Y-27.952 E393.3523
G0 F7200 X56.003 Y-28.359
G1 F3600 X47.919 Y-28.36 E393.62118
G1 X47.819 Y-28.36
G0 F7200 X47.911 Y-28.413
G0 X47.149 Y-29.816
G0 X47.13 Y-29.81
G1 F3600 X49.701 Y-34.262 E393.79217
G1 X49.751 Y-34.348
G0 F7200 X49.77 Y-34.257
G0 X53.96 Y-25.699
G0 X53.97 Y-25.6
;TYPE:WALL-INNER
G1 F4800 X49.979 Y-25.6 E393.92491
G1 X49.665 Y-25.648 E393.93547
G1 X49.416 Y-25.775 E393.94477
G1 X49.146 Y-26.075 E393.95819
G1 X47.155 Y-29.524 E394.09065
G1 X47.045 Y-29.81 E394.10084
G1 X47.031 Y-30.099 E394.11047
G1 X47.151 Y-30.469 E394.1234
G1 X49.14 Y-33.915 E394.25574
G1 X49.34 Y-34.164 E394.26636
G1 X49.574 Y-34.316 E394.27564
G1 X49.953 Y-34.4 E394.28855
G1 X53.944 Y-34.4 E394.4213
G1 X54.258 Y-34.352 E394.43186
G1 X54.507 Y-34.225 E394.44116
G1 X54.772 Y-33.932 E394.4543
G1 X56.768 Y-30.476 E394.58704
G1 X56.878 Y-30.19 E394.59723
G1 X56.892 Y-29.901 E394.60685
G1 X56.772 Y-29.531 E394.61979
G1 X54.783 Y-26.085 E394.75213
G1 X54.583 Y-25.836 E394.76275
G1 X54.349 Y-25.684 E394.77203
G1 X53.97 Y-25.6 E394.78494
G0 F7200 X53.972 Y-25.2
;TYPE:WALL-OUTER
G1 F2400 X49.951 Y-25.2 E394.91868
G1 X49.54 Y-25.263 E394.93251
G1 X49.177 Y-25.448 E394.94606
G1 X48.889 Y-25.736 E394.95961
G1 X48.81 Y-25.858 E394.96444
G1 X46.794 Y-29.35 E395.09855
G1 X46.648 Y-29.73 E395.11209
G1 X46.628 Y-30.142 E395.12581
G1 X46.734 Y-30.532 E395.13925
G1 X46.794 Y-30.65 E395.14366
G1 X48.81 Y-34.142 E395.27777
G1 X49.068 Y-34.464 E395.29149
G1 X49.409 Y-34.686 E395.30502
G1 X49.799 Y-34.792 E395.31846
G1 X49.951 Y-34.8 E395.32353
G1 X53.972 Y-34.8 E395.45727
G1 X54.383 Y-34.737 E395.4711
G1 X54.746 Y-34.552 E395.48465
G1 X55.034 Y-34.264 E395.49819
G1 X55.108 Y-34.15 E395.50271
G1 X57.129 Y-30.65 E395.63714
G1 X57.275 Y-30.27 E395.65068
G1 X57.295 Y-29.858 E395.6644
G1 X57.189 Y-29.468 E395.67784
G1 X57.129 Y-29.35 E395.68224
G1 X55.113 Y-25.858 E395.81635
G1 X54.855 Y-25.536 E395.83008
G1 X54.514 Y-25.314 E395.84361
G1 X54.124 Y-25.208 E395.85705
G1 X53.972 Y-25.2 E395.86211
G0 F7200 X53.772 Y-25.2
G0 X53.772 Y-26
G1 F3000 E389.36211
G1 F4200 Z3
G0 F7200 X53.772 Y-26 Z3
G0 X2.741 Y-56.107
;TYPE:FILL
G1 F4200 Z2
G1 F3000 E395.86211
G1 F3600 X-2 Y-64.32 E396.17752
G1 X-2.049 Y-64.406
G0 F7200 X-2.025 Y-64.294
G0 X-.829 Y-64.3
G0 X-.829 Y-64.32
G1 F3600 X-4.156 Y-58.556 E396.39888
G1 X-4.205 Y-58.47
G0 F7200 X-3.693 Y-57.753
G1 F3600 X3.691 Y-57.753 E396.64447
G1 X3.791 Y-57.753
G0 F7200 X4.156 Y-58.557
G1 F3600 X0.829 Y-64.32 E396.8658
G1 X0.779 Y-64.406
G0 F7200 X0.779 Y-64.3
G0 X1.994 Y-64.297
G0 X1.997 Y-64.316
G1 F3600 X-2.74 Y-56.11 E397.18094
G1 X-2.789 Y-56.024
G0 F7200 X-2.703 Y-56.1
G0 X-.162 Y-55.7
G0 X-.162 Y-55.68
G1 F3600 X3.661 Y-62.302 E397.43526
G0 F7200 X3.459 Y-62.653
G1 F3600 X-3.457 Y-62.653 E397.66529
G0 F7200 X-3.661 Y-62.301
G1 F3600 X0.162 Y-55.68 E397.91958
G1 X0.212 Y-55.594
G0 F7200 X0.212 Y-55.7
G0 X4.806 Y-60.196
G0 X4.825 Y-60.203
G1 F3600 X-4.812 Y-60.203 E398.2401
G1 X-4.912 Y-60.203
G0 F7200 X-4.803 Y-60.168
G0 X1.999 Y-55.699
G0 X2.009 Y-55.6
;TYPE:WALL-INNER
G1 F4800 X-1.982 Y-55.6 E398.37284
G1 X-2.297 Y-55.649 E398.38345
G1 X-2.549 Y-55.778 E398.39286
G1 X-2.817 Y-56.078 E398.40624
G1 X-4.805 Y-59.522 E398.53851
G1 X-4.916 Y-59.811 E398.5488
G1 X-4.932 Y-60.092 E398.55816
G1 X-4.81 Y-60.469 E398.57134
G1 X-2.808 Y-63.936 E398.7045
G1 X-2.623 Y-64.163 E398.71424
G1 X-2.383 Y-64.319 E398.72376
G1 X-2.009 Y-64.4 E398.73649
G1 X1.982 Y-64.4 E398.86923
G1 X2.297 Y-64.351 E398.87983
G1 X2.549 Y-64.222 E398.88925
G1 X2.817 Y-63.922 E398.90263
G1 X4.798 Y-60.491 E399.0344
G1 X4.917 Y-60.186 E399.04529
G1 X4.932 Y-59.908 E399.05455
G1 X4.81 Y-59.531 E399.06773
G1 X2.808 Y-56.064 E399.20088
G1 X2.623 Y-55.837 E399.21062
G1 X2.383 Y-55.681 E399.22014
G1 X2.009 Y-55.6 E399.23287
G0 F7200 X2.163 Y-55.208
;TYPE:WALL-OUTER
G1 F2400 X2.011 Y-55.2 E399.23793
G1 X-2.011 Y-55.2 E399.37171
G1 X-2.424 Y-55.264 E399.38561
G1 X-2.788 Y-55.451 E399.39922
G1 X-3.069 Y-55.732 E399.41244
G1 X-3.152 Y-55.859 E399.41748
G1 X-5.167 Y-59.35 E399.55155
G1 X-5.312 Y-59.725 E399.56492
G1 X-5.334 Y-60.135 E399.57858
G1 X-5.227 Y-60.532 E399.59225
G1 X-5.167 Y-60.65 E399.59665
G1 X-3.136 Y-64.167 E399.73173
G1 X-2.893 Y-64.464 E399.7445
G1 X-2.55 Y-64.688 E399.75812
G1 X-2.163 Y-64.792 E399.77145
G1 X-2.011 Y-64.8 E399.77651
G1 X2.011 Y-64.8 E399.91029
G1 X2.424 Y-64.736 E399.92419
G1 X2.788 Y-64.549 E399.9378
G1 X3.069 Y-64.268 E399.95101
G1 X3.152 Y-64.141 E399.95606
G1 X5.162 Y-60.659 E400.08978
G1 X5.312 Y-60.275 E400.10349
G1 X5.334 Y-59.865 E400.11715
G1 X5.227 Y-59.468 E400.13083
G1 X5.167 Y-59.35 E400.13523
G1 X3.136 Y-55.833 E400.27031
G1 X2.893 Y-55.536 E400.28307
G1 X2.55 Y-55.312 E400.2967
G1 X2.163 Y-55.208 E400.31003
G0 F7200 X2.011 Y-55.2
G0 X1.963 Y-55.2
G0 X1.963 Y-56
G1 F3000 E393.81003
G1 F4200 Z3
;MESH:NONMESH
G0 F7200 X1.963 Y-56 Z3
G0 X2.968 Y-1.548
;TIME_ELAPSED:342.464729
;LAYER:10
;MESH:deltaCalPrint60.stl
G0 X2.968 Y-1.548 Z3.2
;TYPE:FILL
G1 F4200 Z2.2
G1 F3000 E400.31003
G1 F3600 X4.425 Y0.975 E400.40693
G1 X4.469 Y0.9
G1 X-4.467 Y0.9 E400.70414
G1 X-4.424 Y0.974
G1 X-2.968 Y-1.549 E400.80103
G1 X-2.963 Y-1.562
G1 X-1.37 Y-4.32 E400.90696
G1 X-1.459 Y-4.32
G1 X3.012 Y3.425 E401.2044
G1 X3.056 Y3.348
G1 X-3.055 Y3.348 E401.40765
G1 X-3.011 Y3.425
G1 X1.46 Y-4.32 E401.7051
G1 X1.371 Y-4.32
G1 X2.964 Y-1.562 E401.81103
G1 X3.014 Y-1.476
G0 F7200 X4.072 Y-1.546
G0 X4.089 Y-1.555
G1 F3600 X-4.091 Y-1.555 E402.0831
G1 X-4.191 Y-1.555
G0 F7200 X-4.1 Y-1.501
G0 X-3.376 Y-2.754
G0 X-3.393 Y-2.765
G1 F3600 X0.698 Y4.32 E402.35521
G1 X0.748 Y4.406
G0 F7200 X0.748 Y4.3
G0 X-.698 Y4.3
G0 X-.698 Y4.32
G1 F3600 X3.392 Y-2.764 E402.62727
G1 X3.442 Y-2.85
G0 F7200 X3.35 Y-2.798
G0 X2.618 Y-3.999
G0 X2.632 Y-4.011
G1 F3600 X-2.643 Y-4.011 E402.80272
G1 X-2.743 Y-4.011
G0 F7200 X-2.668 Y-3.949
G0 X-4.773 Y-.268
G0 X-4.791 Y-.274
G1 F3600 X-2.153 Y4.292 E402.97811
G1 X-2.103 Y4.378
G0 F7200 X-2.088 Y4.283
G0 X2.151 Y4.267
G0 X2.155 Y4.288
G1 F3600 X4.795 Y-.282 E403.15365
G1 X4.845 Y-.368
G0 F7200 X4.755 Y-.335
G0 X-4.818 Y0.173
G0 X-4.915 Y0.193
;TYPE:WALL-INNER
G1 F4800 X-4.928 Y-.117 E403.16397
G1 X-4.813 Y-.464 E403.17613
G1 X-2.815 Y-3.925 E403.30904
G1 X-2.622 Y-4.163 E403.31924
G1 X-2.383 Y-4.319 E403.32873
G1 X-2.009 Y-4.4 E403.34146
G1 X1.982 Y-4.4 E403.4742
G1 X2.297 Y-4.351 E403.4848
G1 X2.549 Y-4.222 E403.49422
G1 X2.805 Y-3.941 E403.50686
G1 X4.816 Y-.454 E403.64074
G1 X4.915 Y-.196 E403.64993
G1 X4.928 Y0.111 E403.66015
G1 X4.812 Y0.465 E403.67254
G1 X2.815 Y3.925 E403.80542
G1 X2.622 Y4.163 E403.81561
G1 X2.383 Y4.319 E403.8251
G1 X2.009 Y4.4 E403.83783
G1 X-1.982 Y4.4 E403.97057
G1 X-2.297 Y4.351 E403.98117
G1 X-2.549 Y4.222 E403.99059
G1 X-2.81 Y3.932 E404.00356
G1 X-4.813 Y0.46 E404.13688
G1 X-4.915 Y0.193 E404.14639
G0 F7200 X-5.312 Y0.275
;TYPE:WALL-OUTER
G1 F2400 X-5.331 Y-.163 E404.16097
G1 X-5.218 Y-.553 E404.17448
G1 X-5.167 Y-.65 E404.17812
G1 X-3.143 Y-4.156 E404.31277
G1 X-2.893 Y-4.464 E404.32596
G1 X-2.55 Y-4.688 E404.33959
G1 X-2.163 Y-4.792 E404.35292
G1 X-2.011 Y-4.8 E404.35798
G1 X2.011 Y-4.8 E404.49175
G1 X2.424 Y-4.736 E404.50565
G1 X2.788 Y-4.549 E404.51926
G1 X3.069 Y-4.268 E404.53248
G1 X3.152 Y-4.141 E404.53752
G1 X5.175 Y-.633 E404.67221
G1 X5.312 Y-.276 E404.68493
G1 X5.331 Y0.159 E404.69941
G1 X5.219 Y0.55 E404.71294
G1 X5.167 Y0.65 E404.71669
G1 X3.143 Y4.156 E404.85134
G1 X2.893 Y4.464 E404.86453
G1 X2.55 Y4.688 E404.87816
G1 X2.163 Y4.792 E404.89148
G1 X2.011 Y4.8 E404.89655
G1 X-2.011 Y4.8 E405.03032
G1 X-2.424 Y4.736 E405.04422
G1 X-2.788 Y4.549 E405.05783
G1 X-3.071 Y4.266 E405.07114
G1 X-3.152 Y4.141 E405.07609
G1 X-5.175 Y0.633 E405.21078
G1 X-5.312 Y0.275 E405.22353
G0 F7200 X-5.32 Y0.075
G0 X-4.52 Y0.043
G1 F3000 E398.72353
G1 F4200 Z3.2
G0 F7200 X-4.52 Y0.043 Z3.2
G0 X-49.269 Y-26.053
;TYPE:FILL
G1 F4200 Z2.2
G1 F3000 E405.22353
G1 F3600 X-54.649 Y-26.052 E405.40247
G0 F7200 X-54.078 Y-25.702
G1 F3600 X-49.299 Y-33.979 E405.72036
G0 F7200 X-49.889 Y-34.305
G1 F3600 X-47.197 Y-29.644 E405.89938
G1 X-47.147 Y-29.558
G0 F7200 X-47.237 Y-29.588
G0 X-47.854 Y-28.512
G0 X-47.838 Y-28.501
G1 F3600 X-56.084 Y-28.5 E406.17365
G0 F7200 X-55.687 Y-27.811
G1 F3600 X-51.929 Y-34.32 E406.42363
G0 F7200 X-52.725 Y-34.32
G1 F3600 X-48.603 Y-27.178 E406.6979
G1 X-48.554 Y-27.092
G0 F7200 X-48.644 Y-27.145
G0 X-50.564 Y-25.7
G0 X-50.564 Y-25.68
G1 F3600 X-55.004 Y-33.37 E406.99324
G1 X-54.987 Y-33.399
G1 X-48.935 Y-33.4 E407.19453
G1 X-48.835 Y-33.4
G0 F7200 X-48.928 Y-33.348
G0 X-47.886 Y-31.542
G0 X-47.868 Y-31.551
G1 F3600 X-51.257 Y-25.68 E407.42
G1 X-51.307 Y-25.594
G0 F7200 X-51.307 Y-25.7
G0 X-53.392 Y-25.7
G0 X-53.392 Y-25.68
G1 F3600 X-56.418 Y-30.921 E407.62128
G1 X-56.4 Y-30.952
G1 X-47.522 Y-30.951 E407.91656
G1 X-47.422 Y-30.951
G0 F7200 X-47.515 Y-30.899
G0 X-49.612 Y-25.776
G0 X-49.574 Y-25.684
;TYPE:WALL-INNER
G1 F4800 X-49.953 Y-25.6 E407.92948
G1 X-53.944 Y-25.6 E408.06222
G1 X-54.258 Y-25.648 E408.07278
G1 X-54.507 Y-25.775 E408.08208
G1 X-54.777 Y-26.075 E408.0955
G1 X-56.774 Y-29.537 E408.22843
G1 X-56.878 Y-29.811 E408.23818
G1 X-56.89 Y-30.112 E408.2482
G1 X-56.772 Y-30.469 E408.2607
G1 X-54.773 Y-33.93 E408.39364
G1 X-54.584 Y-34.164 E408.40364
G1 X-54.349 Y-34.316 E408.41295
G1 X-53.97 Y-34.4 E408.42586
G1 X-49.979 Y-34.4 E408.55861
G1 X-49.665 Y-34.352 E408.56917
G1 X-49.414 Y-34.224 E408.57854
G1 X-49.151 Y-33.933 E408.59159
G1 X-47.153 Y-30.47 E408.72456
G1 X-47.047 Y-30.195 E408.73437
G1 X-47.033 Y-29.888 E408.74459
G1 X-47.151 Y-29.531 E408.75709
G1 X-49.15 Y-26.07 E408.89003
G1 X-49.339 Y-25.836 E408.90003
G1 X-49.574 Y-25.684 E408.90934
G0 F7200 X-49.799 Y-25.208
;TYPE:WALL-OUTER
G1 F2400 X-49.951 Y-25.2 E408.9144
G1 X-53.972 Y-25.2 E409.04814
G1 X-54.383 Y-25.263 E409.06197
G1 X-54.746 Y-25.448 E409.07552
G1 X-55.034 Y-25.736 E409.08907
G1 X-55.113 Y-25.858 E409.0939
G1 X-57.137 Y-29.367 E409.22864
G1 X-57.275 Y-29.73 E409.24155
G1 X-57.293 Y-30.157 E409.25577
G1 X-57.187 Y-30.536 E409.26886
G1 X-57.129 Y-30.65 E409.27311
G1 X-55.103 Y-34.157 E409.40782
G1 X-54.855 Y-34.464 E409.42095
G1 X-54.514 Y-34.686 E409.43448
G1 X-54.124 Y-34.792 E409.44792
G1 X-53.972 Y-34.8 E409.45298
G1 X-49.951 Y-34.8 E409.58672
G1 X-49.54 Y-34.737 E409.60055
G1 X-49.177 Y-34.552 E409.6141
G1 X-48.89 Y-34.266 E409.62758
G1 X-48.815 Y-34.15 E409.63217
G1 X-46.791 Y-30.642 E409.76688
G1 X-46.65 Y-30.277 E409.77989
G1 X-46.63 Y-29.845 E409.79428
G1 X-46.736 Y-29.464 E409.80743
G1 X-46.794 Y-29.35 E409.81168
G1 X-48.82 Y-25.843 E409.94639
G1 X-49.068 Y-25.536 E409.95952
G1 X-49.409 Y-25.314 E409.97305
G1 X-49.799 Y-25.208 E409.98649
G0 F7200 X-49.951 Y-25.2
G0 X-49.999 Y-25.2
G0 X-49.998 Y-26
G1 F3000 E403.48649
G1 F4200 Z3.2
G0 F7200 X-49.996 Y-26 Z3.2
G0 X-49.813 Y25.706
;TYPE:FILL
G1 F4200 Z2.2
G1 F3000 E409.98649
G1 F3600 X-54.603 Y33.998 E410.305
G1 X-54.653 Y34.084
G0 F7200 X-54.568 Y34.009
G0 X-55.353 Y32.727
G0 X-55.371 Y32.736
G1 F3600 X-48.553 Y32.737 E410.53176
G0 F7200 X-48.252 Y32.216
G1 F3600 X-52.027 Y25.68 E410.78281
G0 F7200 X-52.627 Y25.68
G1 F3600 X-56.035 Y31.584 E411.00954
G1 X-56.084 Y31.67
G0 F7200 X-55.993 Y31.619
G0 X-56.736 Y30.283
G0 X-56.754 Y30.289
G1 F3600 X-47.175 Y30.288 E411.32814
G1 X-47.075 Y30.288
G0 F7200 X-47.184 Y30.252
G0 X-49.879 Y34.282
G0 X-49.876 Y34.302
G1 F3600 X-54.645 Y26.041 E411.6454
G1 X-54.695 Y25.955
G0 F7200 X-54.608 Y26.026
G0 X-55.686 Y27.849
G0 X-55.702 Y27.839
G1 F3600 X-48.22 Y27.838 E411.89425
G1 X-48.219 Y27.841
G1 X-51.959 Y34.32 E412.14307
G0 F7200 X-52.694 Y34.32
G1 F3600 X-56.069 Y28.475 E412.36756
G1 X-56.119 Y28.389
G0 F7200 X-56.029 Y28.442
G0 X-49.612 Y34.224
G0 X-49.574 Y34.316
;TYPE:WALL-INNER
G1 F4800 X-49.953 Y34.4 E412.38047
G1 X-53.944 Y34.4 E412.51321
G1 X-54.258 Y34.352 E412.52377
G1 X-54.507 Y34.225 E412.53307
G1 X-54.777 Y33.925 E412.54649
G1 X-56.774 Y30.463 E412.67942
G1 X-56.878 Y30.189 E412.68917
G1 X-56.89 Y29.888 E412.69919
G1 X-56.772 Y29.531 E412.7117
G1 X-54.773 Y26.07 E412.84463
G1 X-54.584 Y25.836 E412.85464
G1 X-54.349 Y25.684 E412.86394
G1 X-53.97 Y25.6 E412.87686
G1 X-49.979 Y25.6 E413.0096
G1 X-49.665 Y25.648 E413.02016
G1 X-49.414 Y25.776 E413.02953
G1 X-49.151 Y26.067 E413.04258
G1 X-47.153 Y29.53 E413.17555
G1 X-47.047 Y29.805 E413.18536
G1 X-47.033 Y30.112 E413.19558
G1 X-47.151 Y30.469 E413.20808
G1 X-49.15 Y33.93 E413.34102
G1 X-49.339 Y34.164 E413.35102
G1 X-49.574 Y34.316 E413.36033
G0 F7200 X-49.799 Y34.792
;TYPE:WALL-OUTER
G1 F2400 X-49.951 Y34.8 E413.36539
G1 X-53.972 Y34.8 E413.49913
G1 X-54.383 Y34.737 E413.51296
G1 X-54.746 Y34.552 E413.52651
G1 X-55.034 Y34.264 E413.54006
G1 X-55.113 Y34.142 E413.5449
G1 X-57.137 Y30.633 E413.67963
G1 X-57.275 Y30.27 E413.69254
G1 X-57.293 Y29.843 E413.70676
G1 X-57.187 Y29.464 E413.71985
G1 X-57.129 Y29.35 E413.7241
G1 X-55.103 Y25.843 E413.85881
G1 X-54.855 Y25.536 E413.87194
G1 X-54.514 Y25.314 E413.88547
G1 X-54.124 Y25.208 E413.89891
G1 X-53.972 Y25.2 E413.90398
G1 X-49.951 Y25.2 E414.03771
G1 X-49.54 Y25.263 E414.05154
G1 X-49.177 Y25.448 E414.0651
G1 X-48.89 Y25.734 E414.07857
G1 X-48.815 Y25.85 E414.08317
G1 X-46.791 Y29.358 E414.21787
G1 X-46.65 Y29.723 E414.23088
G1 X-46.63 Y30.155 E414.24527
G1 X-46.736 Y30.536 E414.25842
G1 X-46.794 Y30.65 E414.26268
G1 X-48.82 Y34.157 E414.39738
G1 X-49.068 Y34.464 E414.41051
G1 X-49.409 Y34.686 E414.42404
G1 X-49.799 Y34.792 E414.43749
G0 F7200 X-49.951 Y34.8
G0 X-49.999 Y34.8
G0 X-49.998 Y34
G1 F3000 E407.93749
G1 F4200 Z3.2
G0 F7200 X-49.996 Y34 Z3.2
G0 X-4.456 Y59.079
;TYPE:FILL
G1 F4200 Z2.2
G1 F3000 E414.43749
G1 F3600 X-1.43 Y64.32 E414.63877
G1 X-1.398 Y64.32
G1 X3.042 Y56.631 E414.93408
G0 F7200 X3.389 Y57.231
G1 F3600 X-3.39 Y57.231 E415.15955
G0 F7200 X-3.043 Y56.629
G1 F3600 X1.397 Y64.32 E415.45492
G1 X1.431 Y64.32
G1 X4.455 Y59.081 E415.65612
G0 F7200 X4.782 Y59.685
G1 F3600 X-4.777 Y59.685 E415.97405
G0 F7200 X-4.765 Y60.358
G1 F3600 X-2.073 Y55.695 E416.15313
G1 X-2.023 Y55.609
G0 F7200 X-2.004 Y55.701
G0 X-.765 Y55.7
G0 X-.765 Y55.68
G1 F3600 X3.36 Y62.821 E416.42742
G0 F7200 X3.758 Y62.132
G1 F3600 X-3.757 Y62.132 E416.67737
G0 F7200 X-3.36 Y62.82
G1 F3600 X0.764 Y55.68 E416.95162
G1 X0.814 Y55.594
G0 F7200 X0.814 Y55.7
G0 X2.07 Y55.715
G0 X2.073 Y55.695
G1 F3600 X4.763 Y60.356 E417.13061
G1 X4.812 Y60.442
G0 F7200 X4.724 Y60.413
G0 X1.999 Y64.301
G0 X2.009 Y64.4
;TYPE:WALL-INNER
G1 F4800 X-1.982 Y64.4 E417.26335
G1 X-2.297 Y64.351 E417.27395
G1 X-2.549 Y64.222 E417.28337
G1 X-2.81 Y63.932 E417.29634
G1 X-4.813 Y60.46 E417.42966
G1 X-4.915 Y60.193 E417.43917
G1 X-4.928 Y59.883 E417.44949
G1 X-4.813 Y59.536 E417.46165
G1 X-2.815 Y56.075 E417.59456
G1 X-2.622 Y55.837 E417.60476
G1 X-2.383 Y55.681 E417.61425
G1 X-2.009 Y55.6 E417.62698
G1 X1.982 Y55.6 E417.75972
G1 X2.297 Y55.649 E417.77032
G1 X2.549 Y55.778 E417.77974
G1 X2.805 Y56.059 E417.79238
G1 X4.816 Y59.546 E417.92626
G1 X4.915 Y59.804 E417.93545
G1 X4.928 Y60.111 E417.94567
G1 X4.812 Y60.465 E417.95806
G1 X2.815 Y63.925 E418.09094
G1 X2.622 Y64.163 E418.10113
G1 X2.383 Y64.319 E418.11062
G1 X2.009 Y64.4 E418.12335
G0 F7200 X2.163 Y64.792
;TYPE:WALL-OUTER
G1 F2400 X2.011 Y64.8 E418.12841
G1 X-2.011 Y64.8 E418.26218
G1 X-2.424 Y64.736 E418.27608
G1 X-2.788 Y64.549 E418.28969
G1 X-3.071 Y64.266 E418.30301
G1 X-3.152 Y64.141 E418.30796
G1 X-5.175 Y60.633 E418.44265
G1 X-5.312 Y60.275 E418.4554
G1 X-5.331 Y59.837 E418.46998
G1 X-5.218 Y59.447 E418.48348
G1 X-5.167 Y59.35 E418.48713
G1 X-3.143 Y55.844 E418.62177
G1 X-2.893 Y55.536 E418.63497
G1 X-2.55 Y55.312 E418.64859
G1 X-2.163 Y55.208 E418.66192
G1 X-2.011 Y55.2 E418.66698
G1 X2.011 Y55.2 E418.80076
G1 X2.424 Y55.264 E418.81466
G1 X2.788 Y55.451 E418.82827
G1 X3.069 Y55.732 E418.84149
G1 X3.152 Y55.859 E418.84653
G1 X5.175 Y59.367 E418.98122
G1 X5.312 Y59.724 E418.99394
G1 X5.331 Y60.159 E419.00842
G1 X5.219 Y60.55 E419.02195
G1 X5.167 Y60.65 E419.0257
G1 X3.143 Y64.156 E419.16034
G1 X2.893 Y64.464 E419.17354
G1 X2.55 Y64.688 E419.18716
G1 X2.163 Y64.792 E419.20049
G0 F7200 X2.011 Y64.8
G0 X1.963 Y64.8
G0 X1.963 Y64
G1 F3000 E412.70049
G1 F4200 Z3.2
G0 F7200 X1.963 Y64 Z3.2
G0 X48.552 Y32.737
;TYPE:FILL
G1 F4200 Z2.2
G1 F3000 E419.20049
G1 F3600 X55.37 Y32.736 E419.42726
G1 X55.47 Y32.736
G0 F7200 X55.379 Y32.682
G0 X56.019 Y31.574
G0 X56.036 Y31.585
G1 F3600 X52.627 Y25.68 E419.65404
G0 F7200 X52.026 Y25.68
G1 F3600 X48.252 Y32.216 E419.90506
G1 X48.202 Y32.302
G0 F7200 X48.294 Y32.25
G0 X47.187 Y30.282
G0 X47.169 Y30.288
G1 F3600 X56.748 Y30.289 E420.22366
G1 X56.848 Y30.289
G0 F7200 X56.739 Y30.253
G0 X56.051 Y28.483
G0 X56.069 Y28.474
G1 F3600 X52.694 Y34.32 E420.44818
G0 F7200 X51.96 Y34.32
G1 F3600 X48.22 Y27.842 E420.69697
G1 X48.221 Y27.838
G1 X55.703 Y27.839 E420.94582
G1 X55.803 Y27.839
G0 F7200 X55.71 Y27.891
G0 X54.627 Y26.056
G0 X54.643 Y26.042
G1 F3600 X49.874 Y34.303 E421.26308
G1 X49.824 Y34.389
G0 F7200 X49.841 Y34.278
G0 X54.593 Y33.994
G0 X54.607 Y34.006
G1 F3600 X49.816 Y25.711 E421.58168
G1 X49.766 Y25.625
G0 F7200 X49.79 Y25.738
G0 X53.96 Y34.301
G0 X53.97 Y34.4
;TYPE:WALL-INNER
G1 F4800 X49.979 Y34.4 E421.71443
G1 X49.665 Y34.352 E421.72499
G1 X49.416 Y34.225 E421.73429
G1 X49.146 Y33.925 E421.74771
G1 X47.149 Y30.463 E421.88064
G1 X47.045 Y30.189 E421.89039
G1 X47.033 Y29.888 E421.90041
G1 X47.151 Y29.531 E421.91291
G1 X49.15 Y26.07 E422.04585
G1 X49.339 Y25.836 E422.05585
G1 X49.574 Y25.684 E422.06516
G1 X49.953 Y25.6 E422.07807
G1 X53.944 Y25.6 E422.21081
G1 X54.258 Y25.648 E422.22138
G1 X54.509 Y25.776 E422.23075
G1 X54.772 Y26.067 E422.2438
G1 X56.77 Y29.53 E422.37677
G1 X56.876 Y29.805 E422.38657
G1 X56.89 Y30.112 E422.3968
G1 X56.772 Y30.469 E422.4093
G1 X54.773 Y33.93 E422.54224
G1 X54.584 Y34.164 E422.55224
G1 X54.349 Y34.316 E422.56155
G1 X53.97 Y34.4 E422.57446
G0 F7200 X53.972 Y34.8
;TYPE:WALL-OUTER
G1 F2400 X49.951 Y34.8 E422.7082
G1 X49.54 Y34.737 E422.72203
G1 X49.177 Y34.552 E422.73558
G1 X48.889 Y34.264 E422.74913
G1 X48.81 Y34.142 E422.75396
G1 X46.786 Y30.633 E422.88869
G1 X46.648 Y30.27 E422.90161
G1 X46.63 Y29.843 E422.91583
G1 X46.736 Y29.464 E422.92891
G1 X46.794 Y29.35 E422.93317
G1 X48.82 Y25.843 E423.06788
G1 X49.068 Y25.536 E423.081
G1 X49.409 Y25.314 E423.09454
G1 X49.799 Y25.208 E423.10798
G1 X49.951 Y25.2 E423.11304
G1 X53.972 Y25.2 E423.24678
G1 X54.383 Y25.263 E423.26061
G1 X54.746 Y25.448 E423.27416
G1 X55.033 Y25.734 E423.28764
G1 X55.108 Y25.85 E423.29223
G1 X57.132 Y29.358 E423.42694
G1 X57.273 Y29.723 E423.43995
G1 X57.293 Y30.155 E423.45433
G1 X57.187 Y30.536 E423.46749
G1 X57.129 Y30.65 E423.47174
G1 X55.103 Y34.157 E423.60645
G1 X54.855 Y34.464 E423.61958
G1 X54.514 Y34.686 E423.63311
G1 X54.124 Y34.792 E423.64655
G1 X53.972 Y34.8 E423.65161
G0 F7200 X53.772 Y34.8
G0 X53.772 Y34
G1 F3000 E417.15161
G1 F4200 Z3.2
G0 F7200 X53.772 Y34 Z3.2
G0 X53.392 Y-25.68
;TYPE:FILL
G1 F4200 Z2.2
G1 F3000 E423.65161
G1 F3600 X56.418 Y-30.922 E423.85293
G1 X56.401 Y-30.952
G1 X47.523 Y-30.951 E424.14821
G0 F7200 X47.87 Y-31.553
G1 F3600 X51.261 Y-25.68 E424.37377
G0 F7200 X50.565 Y-25.68
G1 F3600 X55.005 Y-33.371 E424.66914
G1 X54.989 Y-33.399
G1 X48.936 Y-33.4 E424.87046
G0 F7200 X49.297 Y-33.983
G1 F3600 X54.077 Y-25.705 E425.1884
G0 F7200 X54.654 Y-26.052
G1 F3600 X49.274 Y-26.053 E425.36734
G1 X49.174 Y-26.053
G0 F7200 X49.244 Y-26.114
G0 X48.62 Y-27.186
G0 X48.602 Y-27.177
G1 F3600 X52.725 Y-34.32 E425.64165
G0 F7200 X51.929 Y-34.32
G1 F3600 X55.687 Y-27.811 E425.89163
G0 F7200 X56.085 Y-28.5
G1 F3600 X47.838 Y-28.501 E426.16593
G1 X47.738 Y-28.501
G0 F7200 X47.831 Y-28.553
G0 X47.214 Y-29.647
G0 X47.196 Y-29.641
G1 F3600 X49.889 Y-34.305 E426.34506
G1 X49.939 Y-34.391
G0 F7200 X49.958 Y-34.299
G0 X53.96 Y-25.699
G0 X53.97 Y-25.6
;TYPE:WALL-INNER
G1 F4800 X49.979 Y-25.6 E426.4778
G1 X49.665 Y-25.648 E426.48836
G1 X49.416 Y-25.775 E426.49766
G1 X49.146 Y-26.075 E426.51108
G1 X47.149 Y-29.537 E426.64401
G1 X47.045 Y-29.811 E426.65376
G1 X47.033 Y-30.112 E426.66378
G1 X47.151 Y-30.469 E426.67628
G1 X49.15 Y-33.93 E426.80922
G1 X49.339 Y-34.164 E426.81922
G1 X49.574 Y-34.316 E426.82853
G1 X49.953 Y-34.4 E426.84144
G1 X53.944 Y-34.4 E426.97419
G1 X54.258 Y-34.352 E426.98475
G1 X54.509 Y-34.224 E426.99412
G1 X54.772 Y-33.933 E427.00717
G1 X56.77 Y-30.47 E427.14014
G1 X56.876 Y-30.195 E427.14995
G1 X56.89 Y-29.888 E427.16017
G1 X56.772 Y-29.531 E427.17267
G1 X54.773 Y-26.07 E427.30561
G1 X54.584 Y-25.836 E427.31561
G1 X54.349 Y-25.684 E427.32492
G1 X53.97 Y-25.6 E427.33783
G0 F7200 X53.972 Y-25.2
;TYPE:WALL-OUTER
G1 F2400 X49.951 Y-25.2 E427.47157
G1 X49.54 Y-25.263 E427.4854
G1 X49.177 Y-25.448 E427.49895
G1 X48.889 Y-25.736 E427.5125
G1 X48.81 Y-25.858 E427.51733
G1 X46.786 Y-29.367 E427.65206
G1 X46.648 Y-29.73 E427.66498
G1 X46.63 Y-30.157 E427.6792
G1 X46.736 Y-30.536 E427.69229
G1 X46.794 Y-30.65 E427.69654
G1 X48.82 Y-34.157 E427.83125
G1 X49.068 Y-34.464 E427.84437
G1 X49.409 Y-34.686 E427.85791
G1 X49.799 Y-34.792 E427.87135
G1 X49.951 Y-34.8 E427.87641
G1 X53.972 Y-34.8 E428.01015
G1 X54.383 Y-34.737 E428.02398
G1 X54.746 Y-34.552 E428.03753
G1 X55.033 Y-34.266 E428.05101
G1 X55.108 Y-34.15 E428.0556
G1 X57.132 Y-30.642 E428.19031
G1 X57.273 Y-30.277 E428.20332
G1 X57.293 Y-29.845 E428.2177
G1 X57.187 Y-29.464 E428.23086
G1 X57.129 Y-29.35 E428.23511
G1 X55.103 Y-25.843 E428.36982
G1 X54.855 Y-25.536 E428.38295
G1 X54.514 Y-25.314 E428.39648
G1 X54.124 Y-25.208 E428.40992
G1 X53.972 Y-25.2 E428.41499
G0 F7200 X53.772 Y-25.2
G0 X53.772 Y-26
G1 F3000 E421.91499
G1 F4200 Z3.2
G0 F7200 X53.772 Y-26 Z3.2
G0 X2.645 Y-55.992
;TYPE:FILL
G1 F4200 Z2.2
G1 F3000 E428.41499
G1 F3600 X-2.144 Y-64.29 E428.73364
G1 X-2.193 Y-64.376
G0 F7200 X-2.169 Y-64.263
G0 X-.665 Y-64.3
G0 X-.665 Y-64.32
G1 F3600 X-4.073 Y-58.417 E428.96035
G0 F7200 X-3.772 Y-57.894
G1 F3600 X3.773 Y-57.894 E429.2113
G0 F7200 X4.074 Y-58.416
G1 F3600 X0.665 Y-64.32 E429.43805
G1 X0.615 Y-64.406
G0 F7200 X0.615 Y-64.3
G0 X2.143 Y-64.274
G0 X2.146 Y-64.294
G1 F3600 X-2.641 Y-55.999 E429.75659
G1 X-2.69 Y-55.913
G0 F7200 X-2.605 Y-55.988
G0 X-4.75 Y-60.338
G0 X-4.768 Y-60.344
G1 F3600 X4.771 Y-60.344 E430.07385
G1 X4.871 Y-60.344
G0 F7200 X4.766 Y-60.305
G0 X3.724 Y-62.148
G0 X3.742 Y-62.157
G1 F3600 X0.002 Y-55.68 E430.32262
G1 X-0.002 Y-55.68
G1 X-3.743 Y-62.159 E430.57145
G0 F7200 X-3.375 Y-62.795
G1 F3600 X3.374 Y-62.795 E430.79592
G1 X3.474 Y-62.795
G0 F7200 X3.381 Y-62.743
G0 X1.999 Y-55.699
G0 X2.009 Y-55.6
;TYPE:WALL-INNER
G1 F4800 X-1.982 Y-55.6 E430.92866
G1 X-2.297 Y-55.649 E430.93927
G1 X-2.549 Y-55.778 E430.94868
G1 X-2.81 Y-56.068 E430.96166
G1 X-4.813 Y-59.54 E431.09498
G1 X-4.915 Y-59.807 E431.10448
G1 X-4.928 Y-60.117 E431.1148
G1 X-4.813 Y-60.464 E431.12696
G1 X-2.815 Y-63.925 E431.25988
G1 X-2.622 Y-64.163 E431.27007
G1 X-2.383 Y-64.319 E431.27956
G1 X-2.009 Y-64.4 E431.29229
G1 X1.982 Y-64.4 E431.42503
G1 X2.297 Y-64.351 E431.43564
G1 X2.549 Y-64.222 E431.44505
G1 X2.805 Y-63.941 E431.4577
G1 X4.816 Y-60.454 E431.59158
G1 X4.915 Y-60.196 E431.60077
G1 X4.928 Y-59.889 E431.61099
G1 X4.812 Y-59.535 E431.62338
G1 X2.815 Y-56.075 E431.75625
G1 X2.622 Y-55.837 E431.76644
G1 X2.383 Y-55.681 E431.77594
G1 X2.009 Y-55.6 E431.78866
G0 F7200 X2.163 Y-55.208
;TYPE:WALL-OUTER
G1 F2400 X2.011 Y-55.2 E431.79373
G1 X-2.011 Y-55.2 E431.9275
G1 X-2.424 Y-55.264 E431.9414
G1 X-2.788 Y-55.451 E431.95501
G1 X-3.071 Y-55.734 E431.96832
G1 X-3.152 Y-55.859 E431.97328
G1 X-5.175 Y-59.367 E432.10796
G1 X-5.312 Y-59.725 E432.12071
G1 X-5.331 Y-60.163 E432.13529
G1 X-5.218 Y-60.553 E432.1488
G1 X-5.167 Y-60.65 E432.15244
G1 X-3.143 Y-64.156 E432.28709
G1 X-2.893 Y-64.464 E432.30028
G1 X-2.55 Y-64.688 E432.31391
G1 X-2.163 Y-64.792 E432.32724
G1 X-2.011 Y-64.8 E432.3323
G1 X2.011 Y-64.8 E432.46607
G1 X2.424 Y-64.736 E432.47997
G1 X2.788 Y-64.549 E432.49358
G1 X3.069 Y-64.268 E432.5068
G1 X3.152 Y-64.141 E432.51185
G1 X5.175 Y-60.633 E432.64654
G1 X5.312 Y-60.276 E432.65925
G1 X5.331 Y-59.841 E432.67374
G1 X5.219 Y-59.45 E432.68726
G1 X5.167 Y-59.35 E432.69101
G1 X3.143 Y-55.844 E432.82566
G1 X2.893 Y-55.536 E432.83885
G1 X2.55 Y-55.312 E432.85248
G1 X2.163 Y-55.208 E432.86581
G0 F7200 X2.011 Y-55.2
G0 X1.963 Y-55.2
G0 X1.963 Y-56
G1 F3000 E426.36581
G1 F4200 Z3.2
;MESH:NONMESH
G0 F7200 X1.963 Y-56 Z3.2
G0 X2.718 Y-1.693
;TIME_ELAPSED:370.674786
;LAYER:11
;MESH:deltaCalPrint60.stl
G0 X2.718 Y-1.693 Z3.4
;TYPE:FILL
G1 F4200 Z2.4
G1 F3000 E432.86581
G1 F3600 X4.342 Y1.118 E432.97378
G0 F7200 X4.549 Y0.759
G1 F3600 X-4.55 Y0.759 E433.27642
G0 F7200 X-4.344 Y1.116
G1 F3600 X-1.206 Y-4.32 E433.48518
G0 F7200 X-1.62 Y-4.32
G1 F3600 X2.932 Y3.564 E433.78797
G0 F7200 X3.137 Y3.207
G1 F3600 X-3.137 Y3.207 E433.99665
G0 F7200 X-2.93 Y3.567
G1 F3600 X1.622 Y-4.32 E434.29952
G0 F7200 X1.207 Y-4.32
G1 F3600 X2.718 Y-1.703 E434.40003
G1 X2.768 Y-1.617
G0 F7200 X3.456 Y-2.616
G0 X3.474 Y-2.625
G1 F3600 X-.536 Y4.32 E434.66676
G1 X-.586 Y4.406
G0 F7200 X-.586 Y4.3
G0 X0.536 Y4.3
G0 X0.536 Y4.32
G1 F3600 X-3.474 Y-2.624 E434.93347
G1 X-3.524 Y-2.71
G0 F7200 X-3.433 Y-2.657
G0 X-3.993 Y-1.686
G0 X-4.009 Y-1.696
G1 F3600 X4.01 Y-1.696 E435.20018
G1 X4.11 Y-1.696
G0 F7200 X4.017 Y-1.644
G0 X4.822 Y-0.083
G0 X4.842 Y-0.083
G1 F3600 X2.34 Y4.248 E435.36654
G1 X2.29 Y4.334
G0 F7200 X2.271 Y4.241
G0 X-2.337 Y4.22
G0 X-2.346 Y4.237
G1 F3600 X-4.848 Y-0.093 E435.53287
G1 X-4.898 Y-.179
G0 F7200 X-4.812 Y-.15
G0 X-2.483 Y-4.136
G0 X-2.493 Y-4.152
G1 F3600 X2.503 Y-4.152 E435.69904
G1 X2.603 Y-4.152
G0 F7200 X2.534 Y-4.089
G0 X-4.819 Y0.17
G0 X-4.916 Y0.19
;TYPE:WALL-INNER
G1 F4800 X-4.93 Y-.108 E435.70896
G1 X-4.807 Y-.473 E435.72177
G1 X-2.819 Y-3.918 E435.85406
G1 X-2.623 Y-4.163 E435.8645
G1 X-2.383 Y-4.319 E435.87402
G1 X-2.009 Y-4.4 E435.88674
G1 X1.982 Y-4.4 E436.01949
G1 X2.299 Y-4.351 E436.03015
G1 X2.543 Y-4.226 E436.03927
G1 X2.804 Y-3.945 E436.05203
G1 X4.801 Y-.484 E436.18493
G1 X4.917 Y-.183 E436.19566
G1 X4.932 Y0.096 E436.20495
G1 X4.807 Y0.473 E436.21816
G1 X2.819 Y3.918 E436.35045
G1 X2.623 Y4.163 E436.36089
G1 X2.383 Y4.319 E436.37041
G1 X2.009 Y4.4 E436.38314
G1 X-1.982 Y4.4 E436.51588
G1 X-2.299 Y4.351 E436.52655
G1 X-2.543 Y4.226 E436.53566
G1 X-2.814 Y3.927 E436.54909
G1 X-4.808 Y0.472 E436.68177
G1 X-4.916 Y0.19 E436.69181
G0 F7200 X-5.313 Y0.27
;TYPE:WALL-OUTER
G1 F2400 X-5.333 Y-.151 E436.70583
G1 X-5.226 Y-.535 E436.71909
G1 X-5.162 Y-.658 E436.7237
G1 X-3.15 Y-4.145 E436.8576
G1 X-2.893 Y-4.464 E436.87122
G1 X-2.55 Y-4.688 E436.88485
G1 X-2.163 Y-4.792 E436.89818
G1 X-2.011 Y-4.8 E436.90324
G1 X2.011 Y-4.8 E437.03701
G1 X2.424 Y-4.736 E437.05091
G1 X2.783 Y-4.553 E437.06431
G1 X3.078 Y-4.256 E437.07824
G1 X3.147 Y-4.15 E437.08244
G1 X5.164 Y-.654 E437.21668
G1 X5.313 Y-.27 E437.23038
G1 X5.334 Y0.141 E437.24407
G1 X5.227 Y0.533 E437.25759
G1 X5.162 Y0.658 E437.26227
G1 X3.15 Y4.145 E437.39617
G1 X2.893 Y4.464 E437.4098
G1 X2.55 Y4.688 E437.42342
G1 X2.163 Y4.792 E437.43675
G1 X2.011 Y4.8 E437.44181
G1 X-2.011 Y4.8 E437.57559
G1 X-2.424 Y4.736 E437.58949
G1 X-2.783 Y4.553 E437.60289
G1 X-3.078 Y4.256 E437.61681
G1 X-3.15 Y4.145 E437.62121
G1 X-5.169 Y0.645 E437.7556
G1 X-5.313 Y0.27 E437.76896
G0 F7200 X-5.322 Y0.07
G0 X-4.522 Y0.034
G1 F3000 E431.26896
G1 F4200 Z3.4
G0 F7200 X-4.522 Y0.034 Z3.4
G0 X-49.17 Y-26.193
;TYPE:FILL
G1 F4200 Z2.4
G1 F3000 E437.76896
G1 F3600 X-54.753 Y-26.194 E437.95466
G1 X-54.853 Y-26.194
G0 F7200 X-54.761 Y-26.246
G0 X-53.927 Y-25.7
G0 X-53.927 Y-25.68
G1 F3600 X-49.203 Y-33.862 E438.26889
G0 F7200 X-49.018 Y-33.541
G1 F3600 X-54.906 Y-33.541 E438.46473
G0 F7200 X-55.086 Y-33.229
G1 F3600 X-50.727 Y-25.68 E438.75466
G0 F7200 X-51.095 Y-25.68
G1 F3600 X-47.787 Y-31.41 E438.97472
G0 F7200 X-47.603 Y-31.092
G1 F3600 X-56.319 Y-31.093 E439.26461
G0 F7200 X-56.5 Y-30.78
G1 F3600 X-53.554 Y-25.68 E439.46051
G1 X-53.504 Y-25.594
G0 F7200 X-53.504 Y-25.7
G0 X-55.588 Y-27.679
G0 X-55.606 Y-27.67
G1 F3600 X-51.766 Y-34.32 E439.71591
G1 X-51.716 Y-34.406
G0 F7200 X-51.716 Y-34.3
G0 X-52.888 Y-34.3
G0 X-52.888 Y-34.32
G1 F3600 X-48.684 Y-27.037 E439.99561
G1 X-48.635 Y-26.951
G0 F7200 X-48.725 Y-27.004
G0 X-47.772 Y-28.654
G0 X-47.756 Y-28.643
G1 F3600 X-56.166 Y-28.642 E440.27533
G1 X-56.266 Y-28.642
G0 F7200 X-56.174 Y-28.694
G0 X-50.061 Y-34.3
G0 X-50.061 Y-34.32
G1 F3600 X-47.27 Y-29.487 E440.46095
G1 X-47.22 Y-29.401
G0 F7200 X-47.31 Y-29.454
G0 X-49.612 Y-25.776
G0 X-49.574 Y-25.684
;TYPE:WALL-INNER
G1 F4800 X-49.953 Y-25.6 E440.47386
G1 X-53.944 Y-25.6 E440.6066
G1 X-54.257 Y-25.648 E440.61714
G1 X-54.503 Y-25.773 E440.62631
G1 X-54.777 Y-26.075 E440.63988
G1 X-56.769 Y-29.527 E440.77243
G1 X-56.877 Y-29.809 E440.78248
G1 X-56.892 Y-30.1 E440.79217
G1 X-56.772 Y-30.469 E440.80508
G1 X-54.78 Y-33.919 E440.93758
G1 X-54.583 Y-34.164 E440.94803
G1 X-54.349 Y-34.316 E440.95731
G1 X-53.97 Y-34.4 E440.97023
G1 X-49.979 Y-34.4 E441.10297
G1 X-49.665 Y-34.352 E441.11353
G1 X-49.417 Y-34.225 E441.1228
G1 X-49.159 Y-33.946 E441.13544
G1 X-47.154 Y-30.473 E441.26882
G1 X-47.045 Y-30.19 E441.2789
G1 X-47.03 Y-29.904 E441.28843
G1 X-47.151 Y-29.531 E441.30147
G1 X-49.143 Y-26.081 E441.43397
G1 X-49.34 Y-25.836 E441.44443
G1 X-49.574 Y-25.684 E441.45371
G0 F7200 X-49.799 Y-25.208
;TYPE:WALL-OUTER
G1 F2400 X-49.951 Y-25.2 E441.45877
G1 X-53.972 Y-25.2 E441.59251
G1 X-54.383 Y-25.263 E441.60634
G1 X-54.741 Y-25.445 E441.6197
G1 X-55.038 Y-25.742 E441.63367
G1 X-55.113 Y-25.858 E441.63826
G1 X-57.131 Y-29.355 E441.77255
G1 X-57.273 Y-29.724 E441.7857
G1 X-57.295 Y-30.146 E441.79976
G1 X-57.188 Y-30.534 E441.81314
G1 X-57.129 Y-30.65 E441.81747
G1 X-55.11 Y-34.146 E441.95175
G1 X-54.855 Y-34.464 E441.9653
G1 X-54.514 Y-34.686 E441.97884
G1 X-54.124 Y-34.792 E441.99228
G1 X-53.972 Y-34.8 E441.99734
G1 X-49.951 Y-34.8 E442.13108
G1 X-49.54 Y-34.737 E442.14491
G1 X-49.177 Y-34.552 E442.15846
G1 X-48.886 Y-34.259 E442.1722
G1 X-48.815 Y-34.15 E442.17652
G1 X-46.792 Y-30.645 E442.31112
G1 X-46.65 Y-30.276 E442.32427
G1 X-46.627 Y-29.859 E442.33816
G1 X-46.734 Y-29.468 E442.35165
G1 X-46.794 Y-29.35 E442.35605
G1 X-48.813 Y-25.854 E442.49033
G1 X-49.068 Y-25.536 E442.50388
G1 X-49.409 Y-25.314 E442.51742
G1 X-49.799 Y-25.208 E442.53086
G0 F7200 X-49.951 Y-25.2
G0 X-49.999 Y-25.2
G0 X-49.998 Y-26
G1 F3000 E436.03086
G1 F4200 Z3.4
G0 F7200 X-49.996 Y-26 Z3.4
G0 X-52.189 Y25.68
;TYPE:FILL
G1 F4200 Z2.4
G1 F3000 E442.53086
G1 F3600 X-48.334 Y32.357 E442.78729
G0 F7200 X-48.472 Y32.596
G1 F3600 X-55.452 Y32.596 E443.01945
G1 X-55.552 Y32.596
G0 F7200 X-55.954 Y31.726
G1 F3600 X-52.464 Y25.68 E443.25164
G1 X-52.414 Y25.594
G0 F7200 X-52.414 Y25.7
G0 X-54.719 Y26.175
G0 X-54.736 Y26.164
G1 F3600 X-50.027 Y34.32 E443.56487
G1 X-49.977 Y34.406
G0 F7200 X-49.977 Y34.3
G0 X-51.796 Y34.3
G0 X-51.796 Y34.32
G1 F3600 X-48.137 Y27.983 E443.80826
G0 F7200 X-48.302 Y27.697
G1 F3600 X-55.621 Y27.698 E444.05169
G1 X-55.721 Y27.698
G0 F7200 X-55.63 Y27.752
G0 X-56.134 Y28.625
G0 X-56.15 Y28.615
G1 F3600 X-52.856 Y34.32 E444.27079
G1 X-52.806 Y34.406
G0 F7200 X-52.806 Y34.3
G0 X-54.488 Y34.095
G0 X-54.503 Y34.108
G1 F3600 X-49.668 Y25.735 E444.59238
G1 X-49.618 Y25.649
G0 F7200 X-49.673 Y25.756
G0 X-47.149 Y30.14
G0 X-47.13 Y30.146
G1 F3600 X-56.799 Y30.147 E444.91397
G1 X-56.899 Y30.147
G0 F7200 X-56.779 Y30.141
G0 X-49.612 Y34.224
G0 X-49.574 Y34.316
;TYPE:WALL-INNER
G1 F4800 X-49.953 Y34.4 E444.92688
G1 X-53.944 Y34.4 E445.05962
G1 X-54.257 Y34.352 E445.07015
G1 X-54.503 Y34.227 E445.07933
G1 X-54.777 Y33.925 E445.09289
G1 X-56.769 Y30.473 E445.22545
G1 X-56.877 Y30.191 E445.2355
G1 X-56.892 Y29.9 E445.24519
G1 X-56.772 Y29.531 E445.25809
G1 X-54.78 Y26.081 E445.3906
G1 X-54.583 Y25.836 E445.40105
G1 X-54.349 Y25.684 E445.41033
G1 X-53.97 Y25.6 E445.42324
G1 X-49.979 Y25.6 E445.55599
G1 X-49.665 Y25.648 E445.56655
G1 X-49.417 Y25.775 E445.57582
G1 X-49.159 Y26.054 E445.58846
G1 X-47.154 Y29.527 E445.72184
G1 X-47.045 Y29.81 E445.73192
G1 X-47.03 Y30.096 E445.74145
G1 X-47.151 Y30.469 E445.75449
G1 X-49.143 Y33.919 E445.88699
G1 X-49.34 Y34.164 E445.89745
G1 X-49.574 Y34.316 E445.90673
G0 F7200 X-49.799 Y34.792
;TYPE:WALL-OUTER
G1 F2400 X-49.951 Y34.8 E445.91179
G1 X-53.972 Y34.8 E446.04553
G1 X-54.383 Y34.737 E446.05936
G1 X-54.741 Y34.555 E446.07272
G1 X-55.038 Y34.258 E446.08669
G1 X-55.113 Y34.142 E446.09128
G1 X-57.131 Y30.645 E446.22557
G1 X-57.273 Y30.276 E446.23872
G1 X-57.295 Y29.854 E446.25277
G1 X-57.188 Y29.466 E446.26616
G1 X-57.129 Y29.35 E446.27049
G1 X-55.11 Y25.854 E446.40477
G1 X-54.855 Y25.536 E446.41832
G1 X-54.514 Y25.314 E446.43186
G1 X-54.124 Y25.208 E446.4453
G1 X-53.972 Y25.2 E446.45036
G1 X-49.951 Y25.2 E446.5841
G1 X-49.54 Y25.263 E446.59793
G1 X-49.177 Y25.448 E446.61148
G1 X-48.886 Y25.741 E446.62522
G1 X-48.815 Y25.85 E446.62954
G1 X-46.792 Y29.355 E446.76414
G1 X-46.65 Y29.724 E446.77729
G1 X-46.627 Y30.141 E446.79118
G1 X-46.734 Y30.532 E446.80467
G1 X-46.794 Y30.65 E446.80907
G1 X-48.813 Y34.146 E446.94334
G1 X-49.068 Y34.464 E446.9569
G1 X-49.409 Y34.686 E446.97044
G1 X-49.799 Y34.792 E446.98388
G0 F7200 X-49.951 Y34.8
G0 X-49.999 Y34.8
G0 X-49.998 Y34
G1 F3000 E440.48388
G1 F4200 Z3.4
G0 F7200 X-49.996 Y34 Z3.4
G0 X-4.724 Y59.543
;TYPE:FILL
G1 F4200 Z2.4
G1 F3000 E446.98388
G1 F3600 X4.725 Y59.543 E447.29815
G0 F7200 X4.538 Y59.219
G1 F3600 X1.594 Y64.32 E447.49404
G0 F7200 X1.235 Y64.32
G1 F3600 X-3.125 Y56.771 E447.78399
G0 F7200 X-3.309 Y57.09
G1 F3600 X3.31 Y57.09 E448.00414
G0 F7200 X3.125 Y56.77
G1 F3600 X-1.234 Y64.32 E448.2941
G0 F7200 X-1.594 Y64.32
G1 F3600 X-4.538 Y59.221 E448.48993
G1 X-4.588 Y59.135
G0 F7200 X-4.497 Y59.188
G0 X-4.675 Y60.504
G0 X-4.692 Y60.513
G1 F3600 X-1.902 Y55.68 E448.67554
G1 X-1.852 Y55.594
G0 F7200 X-.928 Y55.68
G1 F3600 X3.278 Y62.963 E448.95527
G1 X3.328 Y63.049
G0 F7200 X3.237 Y62.996
G0 X3.823 Y61.981
G0 X3.839 Y61.991
G1 F3600 X-3.839 Y61.991 E449.21064
G1 X-3.939 Y61.991
G0 F7200 X-3.847 Y61.939
G0 X-3.261 Y62.954
G0 X-3.278 Y62.963
G1 F3600 X0.927 Y55.68 E449.49035
G1 X0.977 Y55.594
G0 F7200 X1.901 Y55.68
G1 F3600 X4.691 Y60.513 E449.67596
G1 X4.741 Y60.599
G0 F7200 X4.65 Y60.547
G0 X1.999 Y64.301
G0 X2.009 Y64.4
;TYPE:WALL-INNER
G1 F4800 X-1.982 Y64.4 E449.8087
G1 X-2.299 Y64.351 E449.81937
G1 X-2.543 Y64.226 E449.82848
G1 X-2.814 Y63.927 E449.84191
G1 X-4.808 Y60.472 E449.97459
G1 X-4.916 Y60.19 E449.98463
G1 X-4.93 Y59.892 E449.99455
G1 X-4.807 Y59.527 E450.00736
G1 X-2.819 Y56.082 E450.13965
G1 X-2.623 Y55.837 E450.15009
G1 X-2.383 Y55.681 E450.15961
G1 X-2.009 Y55.6 E450.17234
G1 X1.982 Y55.6 E450.30508
G1 X2.297 Y55.649 E450.31568
G1 X2.549 Y55.778 E450.3251
G1 X2.812 Y56.069 E450.33814
G1 X4.801 Y59.516 E450.47051
G1 X4.917 Y59.817 E450.48124
G1 X4.932 Y60.096 E450.49053
G1 X4.807 Y60.473 E450.50374
G1 X2.819 Y63.918 E450.63603
G1 X2.623 Y64.163 E450.64647
G1 X2.383 Y64.319 E450.65599
G1 X2.009 Y64.4 E450.66871
G0 F7200 X2.163 Y64.792
;TYPE:WALL-OUTER
G1 F2400 X2.011 Y64.8 E450.67378
G1 X-2.011 Y64.8 E450.80755
G1 X-2.424 Y64.736 E450.82145
G1 X-2.783 Y64.553 E450.83485
G1 X-3.078 Y64.256 E450.84877
G1 X-3.15 Y64.145 E450.85318
G1 X-5.169 Y60.645 E450.98757
G1 X-5.313 Y60.27 E451.00093
G1 X-5.333 Y59.849 E451.01494
G1 X-5.226 Y59.465 E451.0282
G1 X-5.162 Y59.342 E451.03281
G1 X-3.15 Y55.855 E451.16671
G1 X-2.893 Y55.536 E451.18034
G1 X-2.55 Y55.312 E451.19396
G1 X-2.163 Y55.208 E451.20729
G1 X-2.011 Y55.2 E451.21236
G1 X2.011 Y55.2 E451.34613
G1 X2.424 Y55.264 E451.36003
G1 X2.788 Y55.451 E451.37364
G1 X3.075 Y55.74 E451.38719
G1 X3.147 Y55.85 E451.39156
G1 X5.164 Y59.346 E451.5258
G1 X5.313 Y59.73 E451.5395
G1 X5.334 Y60.141 E451.55319
G1 X5.227 Y60.533 E451.5667
G1 X5.162 Y60.658 E451.57139
G1 X3.15 Y64.145 E451.70529
G1 X2.893 Y64.464 E451.71891
G1 X2.55 Y64.688 E451.73254
G1 X2.163 Y64.792 E451.74587
G0 F7200 X2.011 Y64.8
G0 X1.963 Y64.8
G0 X1.963 Y64
G1 F3000 E445.24587
G1 F4200 Z3.4
G0 F7200 X1.963 Y64 Z3.4
G0 X48.471 Y32.596
;TYPE:FILL
G1 F4200 Z2.4
G1 F3000 E451.74587
G1 F3600 X55.451 Y32.596 E451.97802
G1 X55.551 Y32.596
G0 F7200 X55.953 Y31.726
G1 F3600 X52.463 Y25.68 E452.21021
G0 F7200 X52.189 Y25.68
G1 F3600 X48.333 Y32.358 E452.46669
G1 X48.283 Y32.444
G0 F7200 X48.376 Y32.392
G0 X47.144 Y30.146
G0 X47.124 Y30.146
G1 F3600 X56.793 Y30.147 E452.78828
G1 X56.893 Y30.147
G0 F7200 X56.784 Y30.112
G0 X56.133 Y28.625
G0 X56.151 Y28.615
G1 F3600 X52.856 Y34.32 E453.00741
G1 X52.806 Y34.406
G0 F7200 X52.806 Y34.3
G0 X51.797 Y34.3
G0 X51.797 Y34.32
G1 F3600 X48.138 Y27.982 E453.25082
G0 F7200 X48.302 Y27.697
G1 F3600 X55.622 Y27.698 E453.49428
G1 X55.722 Y27.698
G0 F7200 X55.629 Y27.751
G0 X54.718 Y26.174
G0 X54.736 Y26.164
G1 F3600 X50.027 Y34.32 E453.80752
G1 X49.977 Y34.406
G0 F7200 X49.993 Y34.301
G0 X54.498 Y34.101
G0 X54.507 Y34.117
G1 F3600 X49.672 Y25.745 E454.12907
G1 X49.622 Y25.659
G0 F7200 X49.646 Y25.77
G0 X53.96 Y34.301
G0 X53.97 Y34.4
;TYPE:WALL-INNER
G1 F4800 X49.979 Y34.4 E454.26181
G1 X49.665 Y34.352 E454.27238
G1 X49.417 Y34.225 E454.28165
G1 X49.146 Y33.925 E454.29509
G1 X47.154 Y30.473 E454.42765
G1 X47.046 Y30.191 E454.4377
G1 X47.031 Y29.9 E454.44739
G1 X47.151 Y29.531 E454.46029
G1 X49.143 Y26.081 E454.59279
G1 X49.34 Y25.836 E454.60325
G1 X49.574 Y25.684 E454.61253
G1 X49.953 Y25.6 E454.62544
G1 X53.944 Y25.6 E454.75818
G1 X54.257 Y25.648 E454.76872
G1 X54.505 Y25.774 E454.77797
G1 X54.772 Y26.067 E454.79115
G1 X56.769 Y29.527 E454.92402
G1 X56.878 Y29.81 E454.93411
G1 X56.893 Y30.096 E454.94364
G1 X56.772 Y30.469 E454.95668
G1 X54.78 Y33.919 E455.08918
G1 X54.583 Y34.164 E455.09964
G1 X54.349 Y34.316 E455.10892
G1 X53.97 Y34.4 E455.12183
G0 F7200 X53.972 Y34.8
;TYPE:WALL-OUTER
G1 F2400 X49.951 Y34.8 E455.25557
G1 X49.54 Y34.737 E455.2694
G1 X49.177 Y34.552 E455.28295
G1 X48.885 Y34.258 E455.29673
G1 X48.81 Y34.142 E455.30133
G1 X46.792 Y30.645 E455.43561
G1 X46.65 Y30.276 E455.44876
G1 X46.628 Y29.854 E455.46282
G1 X46.735 Y29.466 E455.4762
G1 X46.794 Y29.35 E455.48053
G1 X48.813 Y25.854 E455.61481
G1 X49.068 Y25.536 E455.62837
G1 X49.409 Y25.314 E455.6419
G1 X49.799 Y25.208 E455.65534
G1 X49.951 Y25.2 E455.6604
G1 X53.972 Y25.2 E455.79414
G1 X54.383 Y25.263 E455.80797
G1 X54.741 Y25.445 E455.82133
G1 X55.037 Y25.74 E455.83523
G1 X55.108 Y25.85 E455.83958
G1 X57.131 Y29.355 E455.97418
G1 X57.273 Y29.724 E455.98734
G1 X57.296 Y30.141 E456.00123
G1 X57.189 Y30.532 E456.01471
G1 X57.129 Y30.65 E456.01911
G1 X55.11 Y34.146 E456.15339
G1 X54.855 Y34.464 E456.16694
G1 X54.514 Y34.686 E456.18048
G1 X54.124 Y34.792 E456.19392
G1 X53.972 Y34.8 E456.19898
G0 F7200 X53.772 Y34.8
G0 X53.772 Y34
G1 F3000 E449.69898
G1 F4200 Z3.4
G0 F7200 X53.772 Y34 Z3.4
G0 X53.927 Y-25.68
;TYPE:FILL
G1 F4200 Z2.4
G1 F3000 E456.19898
G1 F3600 X49.203 Y-33.863 E456.51325
G0 F7200 X49.017 Y-33.541
G1 F3600 X54.907 Y-33.541 E456.70915
G0 F7200 X55.086 Y-33.23
G1 F3600 X50.728 Y-25.68 E456.99909
G0 F7200 X51.095 Y-25.68
G1 F3600 X47.787 Y-31.41 E457.21915
G0 F7200 X47.604 Y-31.092
G1 F3600 X56.32 Y-31.093 E457.50905
G0 F7200 X56.5 Y-30.78
G1 F3600 X53.555 Y-25.68 E457.70493
G1 X53.505 Y-25.594
G0 F7200 X53.505 Y-25.7
G0 X54.737 Y-26.205
G0 X54.753 Y-26.194
G1 F3600 X49.169 Y-26.193 E457.89065
G1 X49.069 Y-26.193
G0 F7200 X48.683 Y-27.035
G1 F3600 X52.889 Y-34.32 E458.17043
G1 X52.939 Y-34.406
G0 F7200 X52.939 Y-34.3
G0 X51.766 Y-34.3
G0 X51.766 Y-34.32
G1 F3600 X55.605 Y-27.671 E458.4258
G1 X55.655 Y-27.585
G0 F7200 X55.565 Y-27.638
G0 X56.15 Y-28.652
G0 X56.166 Y-28.642
G1 F3600 X47.756 Y-28.643 E458.70551
G1 X47.656 Y-28.643
G0 F7200 X47.269 Y-29.486
G1 F3600 X50.061 Y-34.32 E458.89118
G1 X50.111 Y-34.406
G0 F7200 X50.111 Y-34.3
G0 X53.96 Y-25.699
G0 X53.97 Y-25.6
;TYPE:WALL-INNER
G1 F4800 X49.979 Y-25.6 E459.02392
G1 X49.665 Y-25.648 E459.03449
G1 X49.417 Y-25.775 E459.04376
G1 X49.146 Y-26.075 E459.0572
G1 X47.154 Y-29.527 E459.18976
G1 X47.046 Y-29.809 E459.19981
G1 X47.031 Y-30.1 E459.2095
G1 X47.151 Y-30.469 E459.2224
G1 X49.143 Y-33.919 E459.3549
G1 X49.34 Y-34.164 E459.36536
G1 X49.574 Y-34.316 E459.37464
G1 X49.953 Y-34.4 E459.38755
G1 X53.944 Y-34.4 E459.52029
G1 X54.257 Y-34.352 E459.53083
G1 X54.505 Y-34.226 E459.54008
G1 X54.772 Y-33.933 E459.55326
G1 X56.769 Y-30.473 E459.68614
G1 X56.878 Y-30.19 E459.69622
G1 X56.893 Y-29.904 E459.70575
G1 X56.772 Y-29.531 E459.71879
G1 X54.78 Y-26.081 E459.85129
G1 X54.583 Y-25.836 E459.86175
G1 X54.349 Y-25.684 E459.87103
G1 X53.97 Y-25.6 E459.88394
G0 F7200 X53.972 Y-25.2
;TYPE:WALL-OUTER
G1 F2400 X49.951 Y-25.2 E460.01768
G1 X49.54 Y-25.263 E460.03151
G1 X49.177 Y-25.448 E460.04506
G1 X48.885 Y-25.742 E460.05884
G1 X48.81 Y-25.858 E460.06344
G1 X46.792 Y-29.355 E460.19772
G1 X46.65 Y-29.724 E460.21087
G1 X46.628 Y-30.146 E460.22493
G1 X46.735 Y-30.534 E460.23831
G1 X46.794 Y-30.65 E460.24264
G1 X48.813 Y-34.146 E460.37692
G1 X49.068 Y-34.464 E460.39048
G1 X49.409 Y-34.686 E460.40401
G1 X49.799 Y-34.792 E460.41745
G1 X49.951 Y-34.8 E460.42251
G1 X53.972 Y-34.8 E460.55625
G1 X54.383 Y-34.737 E460.57008
G1 X54.741 Y-34.555 E460.58344
G1 X55.037 Y-34.26 E460.59734
G1 X55.108 Y-34.15 E460.60169
G1 X57.131 Y-30.645 E460.7363
G1 X57.273 Y-30.276 E460.74945
G1 X57.296 Y-29.859 E460.76334
G1 X57.189 Y-29.468 E460.77682
G1 X57.129 Y-29.35 E460.78122
G1 X55.11 Y-25.854 E460.9155
G1 X54.855 Y-25.536 E460.92905
G1 X54.514 Y-25.314 E460.94259
G1 X54.124 Y-25.208 E460.95603
G1 X53.972 Y-25.2 E460.96109
G0 F7200 X53.772 Y-25.2
G0 X53.772 Y-26
G1 F3000 E454.46109
G1 F4200 Z3.4
G0 F7200 X53.772 Y-26 Z3.4
G0 X2.546 Y-55.882
;TYPE:FILL
G1 F4200 Z2.4
G1 F3000 E460.96109
G1 F3600 X-2.29 Y-64.259 E461.28281
G1 X-2.34 Y-64.345
G0 F7200 X-2.316 Y-64.232
G0 X-3.277 Y-62.926
G0 X-3.294 Y-62.936
G1 F3600 X3.294 Y-62.936 E461.50193
G1 X3.394 Y-62.936
G0 F7200 X3.302 Y-62.884
G0 X3.806 Y-62.009
G0 X3.824 Y-62.018
G1 F3600 X0.165 Y-55.68 E461.74534
G0 F7200 X-.164 Y-55.68
G1 F3600 X-3.824 Y-62.017 E461.98873
G1 X-3.874 Y-62.103
G0 F7200 X-3.783 Y-62.05
G0 X-4.691 Y-60.477
G0 X-4.707 Y-60.486
G1 F3600 X4.708 Y-60.486 E462.30188
G1 X4.808 Y-60.486
G0 F7200 X4.711 Y-60.441
G0 X3.976 Y-58.284
G0 X3.992 Y-58.275
G1 F3600 X0.501 Y-64.32 E462.53405
G1 X0.451 Y-64.406
G0 F7200 X-.502 Y-64.32
G1 F3600 X-3.993 Y-58.274 E462.76626
G0 F7200 X-3.855 Y-58.036
G1 F3600 X3.854 Y-58.036 E463.02266
G1 X3.954 Y-58.036
G0 F7200 X3.863 Y-58.089
G0 X2.284 Y-64.247
G0 X2.294 Y-64.265
G1 F3600 X-2.542 Y-55.888 E463.34438
G1 X-2.592 Y-55.802
G0 F7200 X-2.506 Y-55.878
G0 X1.999 Y-55.699
G0 X2.009 Y-55.6
;TYPE:WALL-INNER
G1 F4800 X-1.982 Y-55.6 E463.47712
G1 X-2.297 Y-55.649 E463.48772
G1 X-2.551 Y-55.779 E463.49721
G1 X-2.814 Y-56.073 E463.51033
G1 X-4.808 Y-59.528 E463.64301
G1 X-4.916 Y-59.81 E463.65305
G1 X-4.93 Y-60.108 E463.66298
G1 X-4.807 Y-60.473 E463.67579
G1 X-2.819 Y-63.918 E463.80808
G1 X-2.623 Y-64.163 E463.81851
G1 X-2.383 Y-64.319 E463.82803
G1 X-2.009 Y-64.4 E463.84076
G1 X1.982 Y-64.4 E463.9735
G1 X2.299 Y-64.351 E463.98417
G1 X2.543 Y-64.226 E463.99329
G1 X2.804 Y-63.945 E464.00605
G1 X4.801 Y-60.484 E464.13895
G1 X4.917 Y-60.183 E464.14968
G1 X4.932 Y-59.904 E464.15897
G1 X4.807 Y-59.527 E464.17218
G1 X2.819 Y-56.082 E464.30447
G1 X2.623 Y-55.837 E464.3149
G1 X2.383 Y-55.681 E464.32443
G1 X2.009 Y-55.6 E464.33715
G0 F7200 X2.163 Y-55.208
;TYPE:WALL-OUTER
G1 F2400 X2.011 Y-55.2 E464.34222
G1 X-2.011 Y-55.2 E464.47599
G1 X-2.424 Y-55.264 E464.48989
G1 X-2.788 Y-55.451 E464.5035
G1 X-3.078 Y-55.744 E464.51721
G1 X-3.15 Y-55.855 E464.52161
G1 X-5.169 Y-59.355 E464.656
G1 X-5.313 Y-59.73 E464.66936
G1 X-5.333 Y-60.151 E464.68338
G1 X-5.226 Y-60.535 E464.69664
G1 X-5.162 Y-60.658 E464.70125
G1 X-3.15 Y-64.145 E464.83515
G1 X-2.893 Y-64.464 E464.84878
G1 X-2.55 Y-64.688 E464.8624
G1 X-2.163 Y-64.792 E464.87573
G1 X-2.011 Y-64.8 E464.88079
G1 X2.011 Y-64.8 E465.01456
G1 X2.424 Y-64.736 E465.02846
G1 X2.783 Y-64.553 E465.04187
G1 X3.078 Y-64.256 E465.05579
G1 X3.147 Y-64.15 E465.06
G1 X5.164 Y-60.654 E465.19424
G1 X5.313 Y-60.27 E465.20794
G1 X5.334 Y-59.859 E465.22163
G1 X5.227 Y-59.467 E465.23514
G1 X5.162 Y-59.342 E465.23983
G1 X3.15 Y-55.855 E465.37373
G1 X2.893 Y-55.536 E465.38735
G1 X2.55 Y-55.312 E465.40098
G1 X2.163 Y-55.208 E465.41431
G0 F7200 X2.011 Y-55.2
G0 X1.963 Y-55.2
G0 X1.963 Y-56
G1 F3000 E458.91431
G1 F4200 Z3.4
;MESH:NONMESH
G0 F7200 X1.963 Y-56 Z3.4
G0 X2.473 Y-1.834
;TIME_ELAPSED:399.090976
;LAYER:12
;MESH:deltaCalPrint60.stl
G0 X2.473 Y-1.834 Z3.6
;TYPE:FILL
G1 F4200 Z2.6
G1 F3000 E465.41431
G1 F3600 X4.194 Y1.144 E465.5287
G0 F7200 X4.498 Y0.617
G1 F3600 X-4.497 Y0.617 E465.82788
G0 F7200 X-4.195 Y1.14
G1 F3600 X-1.11 Y-4.204 E466.03311
G0 F7200 X-1.718 Y-4.204
G1 F3600 X2.782 Y3.591 E466.33248
G0 F7200 X3.085 Y3.066
G1 F3600 X-3.085 Y3.066 E466.53769
G0 F7200 X-2.781 Y3.593
G1 F3600 X1.719 Y-4.204 E466.83711
G0 F7200 X1.111 Y-4.204
G1 F3600 X2.474 Y-1.844 E466.92776
G1 X2.524 Y-1.758
G0 F7200 X3.471 Y-2.357
G0 X3.489 Y-2.366
G1 F3600 X-.305 Y4.205 E467.18012
G0 F7200 X0.305 Y4.204
G1 F3600 X-3.489 Y-2.366 E467.43246
G0 F7200 X-3.793 Y-1.838
G1 F3600 X3.793 Y-1.838 E467.68477
G1 X3.893 Y-1.838
G0 F7200 X3.801 Y-1.786
G0 X-4.73 Y0.115
G0 X-4.827 Y0.136
;TYPE:WALL-INNER
G1 F4800 X-4.838 Y-0.067 E467.69153
G1 X-4.753 Y-.332 E467.70079
G1 X-2.682 Y-3.923 E467.83867
G1 X-2.527 Y-4.114 E467.84685
G1 X-2.358 Y-4.223 E467.85354
G1 X-2.084 Y-4.284 E467.86287
G1 X2.061 Y-4.284 E468.00074
G1 X2.293 Y-4.249 E468.00854
G1 X2.479 Y-4.154 E468.01549
G1 X2.677 Y-3.932 E468.02538
G1 X4.739 Y-.358 E468.16262
G1 X4.827 Y-.136 E468.17056
G1 X4.838 Y0.067 E468.17732
G1 X4.753 Y0.332 E468.18658
G1 X2.682 Y3.923 E468.32445
G1 X2.527 Y4.114 E468.33264
G1 X2.358 Y4.223 E468.33932
G1 X2.084 Y4.284 E468.34866
G1 X-2.058 Y4.285 E468.48642
G1 X-2.293 Y4.249 E468.49433
G1 X-2.479 Y4.154 E468.50128
G1 X-2.677 Y3.932 E468.51117
G1 X-4.739 Y0.358 E468.64841
G1 X-4.827 Y0.136 E468.65635
G0 F7200 X-5.222 Y0.222
;TYPE:WALL-OUTER
G1 F2400 X-5.24 Y-.108 E468.66734
G1 X-5.155 Y-.426 E468.67829
G1 X-5.1 Y-.532 E468.68226
G1 X-3.014 Y-4.149 E468.82114
G1 X-2.798 Y-4.415 E468.83254
G1 X-2.522 Y-4.593 E468.84346
G1 X-2.215 Y-4.677 E468.85404
G1 X-2.088 Y-4.684 E468.85828
G1 X2.088 Y-4.684 E468.99717
G1 X2.418 Y-4.634 E469.00827
G1 X2.717 Y-4.481 E469.01944
G1 X2.948 Y-4.249 E469.03033
G1 X3.012 Y-4.151 E469.03422
G1 X5.1 Y-.532 E469.17319
G1 X5.222 Y-.222 E469.18427
G1 X5.24 Y0.108 E469.19526
G1 X5.155 Y0.426 E469.20621
G1 X5.1 Y0.532 E469.21018
G1 X3.014 Y4.149 E469.34906
G1 X2.798 Y4.415 E469.36045
G1 X2.522 Y4.593 E469.37138
G1 X2.215 Y4.677 E469.38196
G1 X2.088 Y4.684 E469.38619
G1 X-2.086 Y4.685 E469.52502
G1 X-2.418 Y4.634 E469.53619
G1 X-2.717 Y4.481 E469.54736
G1 X-2.948 Y4.249 E469.55825
G1 X-3.012 Y4.151 E469.56215
G1 X-5.1 Y0.532 E469.70111
G1 X-5.222 Y0.222 E469.71219
G0 F7200 X-5.232 Y0.022
G0 X-4.433 Y-0.019
G1 F3000 E463.21219
G1 F4200 Z3.6
G0 F7200 X-4.433 Y-0.019 Z3.6
G0 X-49.221 Y-26.335
;TYPE:FILL
G1 F4200 Z2.6
G1 F3000 E469.71219
G1 F3600 X-54.702 Y-26.336 E469.89449
G1 X-54.802 Y-26.336
G0 F7200 X-54.709 Y-26.389
G0 X-53.783 Y-25.816
G0 X-53.784 Y-25.795
G1 F3600 X-56.514 Y-30.523 E470.07608
G1 X-56.564 Y-30.609
G0 F7200 X-56.104 Y-31.234
G1 F3600 X-47.819 Y-31.234 E470.35164
G1 X-47.772 Y-31.151
G1 X-50.864 Y-25.796 E470.5573
G1 X-50.957 Y-25.796
G1 X-55.101 Y-32.973 E470.83295
G1 X-55.151 Y-33.059
G0 F7200 X-54.692 Y-33.682
G1 F3600 X-49.233 Y-33.683 E471.01451
G1 X-49.189 Y-33.605
G1 X-53.698 Y-25.795 E471.31446
G1 X-53.748 Y-25.709
G0 F7200 X-53.748 Y-25.816
G0 X-55.439 Y-27.655
G0 X-55.457 Y-27.645
G1 F3600 X-51.67 Y-34.204 E471.56636
G1 X-51.62 Y-34.29
G0 F7200 X-51.62 Y-34.184
G0 X-52.984 Y-34.184
G0 X-52.984 Y-34.204
G1 F3600 X-48.832 Y-27.01 E471.84263
G1 X-48.783 Y-26.924
G0 F7200 X-48.874 Y-26.977
G0 X-47.825 Y-28.794
G0 X-47.808 Y-28.784
G1 F3600 X-56.113 Y-28.783 E472.11885
G1 X-56.213 Y-28.783
G0 F7200 X-56.121 Y-28.836
G0 X-50.158 Y-34.184
G0 X-50.158 Y-34.204
G1 F3600 X-47.418 Y-29.46 E472.30107
G1 X-47.368 Y-29.374
G0 F7200 X-47.46 Y-29.427
G0 X-49.888 Y-25.815
G0 X-49.878 Y-25.716
;TYPE:WALL-INNER
G1 F4800 X-54.017 Y-25.715 E472.43873
G1 X-54.261 Y-25.753 E472.44694
G1 X-54.437 Y-25.843 E472.45352
G1 X-54.637 Y-26.066 E472.46348
G1 X-56.704 Y-29.647 E472.601
G1 X-56.789 Y-29.871 E472.60897
G1 X-56.798 Y-30.074 E472.61573
G1 X-56.714 Y-30.336 E472.62488
G1 X-54.646 Y-33.92 E472.76251
G1 X-54.49 Y-34.113 E472.77076
G1 X-54.318 Y-34.223 E472.77755
G1 X-54.045 Y-34.284 E472.78685
G1 X-49.903 Y-34.284 E472.92462
G1 X-49.662 Y-34.247 E472.93273
G1 X-49.486 Y-34.157 E472.9393
G1 X-49.296 Y-33.951 E472.94862
G1 X-47.225 Y-30.365 E473.08636
G1 X-47.134 Y-30.126 E473.09486
G1 X-47.125 Y-29.928 E473.10145
G1 X-47.209 Y-29.664 E473.11067
G1 X-49.277 Y-26.08 E473.24829
G1 X-49.433 Y-25.887 E473.25655
G1 X-49.605 Y-25.777 E473.26334
G1 X-49.878 Y-25.716 E473.27264
G0 F7200 X-49.874 Y-25.316
;TYPE:WALL-OUTER
G1 F2400 X-54.047 Y-25.315 E473.41144
G1 X-54.386 Y-25.368 E473.42285
G1 X-54.675 Y-25.516 E473.43365
G1 X-54.912 Y-25.754 E473.44482
G1 X-54.973 Y-25.848 E473.44855
G1 X-57.067 Y-29.476 E473.58787
G1 X-57.186 Y-29.791 E473.59907
G1 X-57.201 Y-30.119 E473.60999
G1 X-57.117 Y-30.425 E473.62054
G1 X-57.067 Y-30.524 E473.62423
G1 X-54.974 Y-34.151 E473.76351
G1 X-54.76 Y-34.415 E473.77482
G1 X-54.483 Y-34.593 E473.78577
G1 X-54.176 Y-34.677 E473.79635
G1 X-54.049 Y-34.684 E473.80058
G1 X-49.874 Y-34.684 E473.93945
G1 X-49.537 Y-34.632 E473.95079
G1 X-49.248 Y-34.484 E473.96159
G1 X-49.011 Y-34.246 E473.97276
G1 X-48.955 Y-34.16 E473.97617
G1 X-46.861 Y-30.533 E474.11547
G1 X-46.737 Y-30.209 E474.127
G1 X-46.722 Y-29.885 E474.13779
G1 X-46.806 Y-29.575 E474.14848
G1 X-46.856 Y-29.476 E474.15216
G1 X-48.949 Y-25.849 E474.29144
G1 X-49.163 Y-25.585 E474.30275
G1 X-49.44 Y-25.407 E474.3137
G1 X-49.747 Y-25.323 E474.32428
G1 X-49.874 Y-25.316 E474.32851
G0 F7200 X-50.074 Y-25.316
G0 X-50.074 Y-26.116
G1 F3000 E467.82851
G1 F4200 Z3.6
G0 F7200 X-50.074 Y-26.116 Z3.6
G0 X-52.285 Y25.796
;TYPE:FILL
G1 F4200 Z2.6
G1 F3000 E474.32851
G1 F3600 X-48.482 Y32.383 E474.58149
G1 X-48.523 Y32.455
G1 X-55.4 Y32.454 E474.81022
G1 X-55.5 Y32.454
G0 F7200 X-55.805 Y31.751
G1 F3600 X-52.368 Y25.796 E475.03891
G1 X-52.319 Y25.71
G0 F7200 X-52.319 Y25.816
G0 X-54.735 Y26.433
G0 X-54.752 Y26.423
G1 F3600 X-50.259 Y34.204 E475.33775
G1 X-50.209 Y34.29
G0 F7200 X-50.209 Y34.184
G0 X-51.565 Y34.184
G0 X-51.566 Y34.204
G1 F3600 X-48.123 Y28.241 E475.56677
G0 F7200 X-48.518 Y27.555
G1 F3600 X-55.405 Y27.556 E475.79583
G1 X-55.505 Y27.556
G0 F7200 X-55.414 Y27.609
G0 X-56.149 Y28.882
G0 X-56.165 Y28.873
G1 F3600 X-53.086 Y34.205 E476.00062
G1 X-53.036 Y34.291
G0 F7200 X-53.036 Y34.184
G0 X-54.334 Y34.098
G0 X-54.344 Y34.116
G1 F3600 X-49.588 Y25.88 E476.31694
G1 X-49.538 Y25.794
G0 F7200 X-49.593 Y25.9
G0 X-47.229 Y30.005
G0 X-47.21 Y30.005
G1 F3600 X-56.713 Y30.006 E476.63301
G1 X-56.813 Y30.006
G0 F7200 X-56.694 Y30.002
G0 X-49.888 Y34.185
G0 X-49.878 Y34.284
;TYPE:WALL-INNER
G1 F4800 X-54.017 Y34.285 E476.77068
G1 X-54.261 Y34.247 E476.77889
G1 X-54.437 Y34.157 E476.78546
G1 X-54.637 Y33.934 E476.79543
G1 X-56.704 Y30.353 E476.93295
G1 X-56.789 Y30.129 E476.94092
G1 X-56.798 Y29.926 E476.94768
G1 X-56.714 Y29.664 E476.95683
G1 X-54.646 Y26.08 E477.09445
G1 X-54.49 Y25.887 E477.10271
G1 X-54.318 Y25.777 E477.1095
G1 X-54.045 Y25.716 E477.1188
G1 X-49.903 Y25.716 E477.25656
G1 X-49.662 Y25.753 E477.26467
G1 X-49.486 Y25.843 E477.27125
G1 X-49.296 Y26.049 E477.28057
G1 X-47.225 Y29.635 E477.4183
G1 X-47.134 Y29.874 E477.42681
G1 X-47.125 Y30.072 E477.4334
G1 X-47.209 Y30.336 E477.44261
G1 X-49.277 Y33.92 E477.58024
G1 X-49.433 Y34.113 E477.58849
G1 X-49.605 Y34.223 E477.59528
G1 X-49.878 Y34.284 E477.60459
G0 F7200 X-49.874 Y34.684
;TYPE:WALL-OUTER
G1 F2400 X-54.047 Y34.685 E477.74338
G1 X-54.386 Y34.632 E477.75479
G1 X-54.675 Y34.484 E477.76559
G1 X-54.912 Y34.246 E477.77676
G1 X-54.973 Y34.152 E477.78049
G1 X-57.067 Y30.524 E477.91982
G1 X-57.186 Y30.209 E477.93102
G1 X-57.201 Y29.881 E477.94194
G1 X-57.117 Y29.575 E477.95249
G1 X-57.067 Y29.476 E477.95618
G1 X-54.974 Y25.849 E478.09546
G1 X-54.76 Y25.585 E478.10676
G1 X-54.483 Y25.407 E478.11771
G1 X-54.176 Y25.323 E478.1283
G1 X-54.049 Y25.316 E478.13253
G1 X-49.874 Y25.316 E478.27139
G1 X-49.537 Y25.368 E478.28273
G1 X-49.248 Y25.516 E478.29353
G1 X-49.011 Y25.754 E478.3047
G1 X-48.955 Y25.84 E478.30812
G1 X-46.861 Y29.467 E478.44741
G1 X-46.737 Y29.791 E478.45895
G1 X-46.722 Y30.115 E478.46974
G1 X-46.806 Y30.425 E478.48042
G1 X-46.856 Y30.524 E478.48411
G1 X-48.949 Y34.151 E478.62339
G1 X-49.163 Y34.415 E478.63469
G1 X-49.44 Y34.593 E478.64564
G1 X-49.747 Y34.677 E478.65623
G1 X-49.874 Y34.684 E478.66046
G0 F7200 X-50.074 Y34.684
G0 X-50.074 Y33.884
G1 F3000 E472.16046
G1 F4200 Z3.6
G0 F7200 X-50.074 Y33.884 Z3.6
G0 X-4.552 Y59.478
;TYPE:FILL
G1 F4200 Z2.6
G1 F3000 E478.66046
G1 F3600 X-1.824 Y64.205 E478.84198
G1 X-1.775 Y64.291
G0 F7200 X-1.005 Y64.205
G1 F3600 X3.139 Y57.028 E479.11763
G1 X3.093 Y56.948
G1 X-3.093 Y56.948 E479.32337
G1 X-3.139 Y57.028
G1 X1.005 Y64.204 E479.59899
G1 X1.055 Y64.29
G0 F7200 X1.824 Y64.204
G1 F3600 X4.552 Y59.478 E479.78048
G1 X4.508 Y59.402
G1 X-4.508 Y59.402 E480.08036
G1 X-4.608 Y59.402
G0 F7200 X-4.516 Y59.455
G0 X-4.525 Y60.53
G0 X-4.542 Y60.538
G1 F3600 X-1.805 Y55.796 E480.26246
G0 F7200 X-1.023 Y55.796
G1 F3600 X3.131 Y62.987 E480.53867
G1 X3.181 Y63.073
G0 F7200 X3.089 Y63.02
G0 X3.769 Y61.84
G0 X3.787 Y61.85
G1 F3600 X-3.786 Y61.85 E480.79055
G1 X-3.886 Y61.85
G0 F7200 X-3.794 Y61.798
G0 X-3.113 Y62.978
G0 X-3.131 Y62.987
G1 F3600 X1.023 Y55.796 E481.06676
G0 F7200 X1.804 Y55.796
G1 F3600 X4.542 Y60.54 E481.24894
G1 X4.591 Y60.626
G0 F7200 X4.5 Y60.573
G0 X2.074 Y64.185
G0 X2.084 Y64.284
;TYPE:WALL-INNER
G1 F4800 X-2.058 Y64.285 E481.38671
G1 X-2.293 Y64.249 E481.39461
G1 X-2.479 Y64.154 E481.40156
G1 X-2.677 Y63.932 E481.41145
G1 X-4.739 Y60.358 E481.54869
G1 X-4.827 Y60.136 E481.55663
G1 X-4.838 Y59.933 E481.5634
G1 X-4.753 Y59.668 E481.57265
G1 X-2.682 Y56.077 E481.71053
G1 X-2.527 Y55.886 E481.71871
G1 X-2.358 Y55.777 E481.7254
G1 X-2.084 Y55.716 E481.73474
G1 X2.061 Y55.716 E481.8726
G1 X2.293 Y55.751 E481.8804
G1 X2.479 Y55.846 E481.88735
G1 X2.677 Y56.068 E481.89724
G1 X4.739 Y59.642 E482.03448
G1 X4.827 Y59.864 E482.04242
G1 X4.838 Y60.067 E482.04918
G1 X4.753 Y60.332 E482.05844
G1 X2.682 Y63.923 E482.19632
G1 X2.527 Y64.114 E482.2045
G1 X2.358 Y64.223 E482.21119
G1 X2.084 Y64.284 E482.22052
G0 F7200 X2.088 Y64.684
;TYPE:WALL-OUTER
G1 F2400 X-2.086 Y64.685 E482.35935
G1 X-2.418 Y64.634 E482.37052
G1 X-2.717 Y64.481 E482.38169
G1 X-2.948 Y64.249 E482.39258
G1 X-3.012 Y64.151 E482.39648
G1 X-5.1 Y60.532 E482.53544
G1 X-5.222 Y60.222 E482.54652
G1 X-5.24 Y59.892 E482.55751
G1 X-5.155 Y59.574 E482.56846
G1 X-5.1 Y59.468 E482.57243
G1 X-3.014 Y55.851 E482.71131
G1 X-2.798 Y55.585 E482.72271
G1 X-2.522 Y55.407 E482.73363
G1 X-2.215 Y55.323 E482.74422
G1 X-2.088 Y55.316 E482.74845
G1 X2.088 Y55.316 E482.88734
G1 X2.418 Y55.366 E482.89844
G1 X2.717 Y55.519 E482.90961
G1 X2.948 Y55.751 E482.9205
G1 X3.012 Y55.849 E482.92439
G1 X5.1 Y59.468 E483.06336
G1 X5.222 Y59.778 E483.07444
G1 X5.24 Y60.108 E483.08543
G1 X5.155 Y60.426 E483.09638
G1 X5.1 Y60.532 E483.10035
G1 X3.014 Y64.149 E483.23923
G1 X2.798 Y64.415 E483.25062
G1 X2.522 Y64.593 E483.26155
G1 X2.215 Y64.677 E483.27213
G1 X2.088 Y64.684 E483.27636
G0 F7200 X1.888 Y64.684
G0 X1.888 Y63.884
G1 F3000 E476.77636
G1 F4200 Z3.6
G0 F7200 X1.888 Y63.884 Z3.6
G0 X48.523 Y32.455
;TYPE:FILL
G1 F4200 Z2.6
G1 F3000 E483.27636
G1 F3600 X55.4 Y32.454 E483.50509
G1 X55.5 Y32.454
G0 F7200 X55.805 Y31.753
G1 F3600 X52.367 Y25.796 E483.73385
G1 X52.285 Y25.796
G1 X48.482 Y32.383 E483.98683
G1 X48.432 Y32.469
G0 F7200 X48.525 Y32.416
G0 X50.258 Y34.184
G0 X50.257 Y34.205
G1 F3600 X54.75 Y26.422 E484.28573
G1 X54.8 Y26.336
G0 F7200 X54.708 Y26.389
G0 X55.388 Y27.566
G0 X55.405 Y27.556
G1 F3600 X48.518 Y27.555 E484.5148
G0 F7200 X48.123 Y28.24
G1 F3600 X51.567 Y34.205 E484.74389
G1 X51.617 Y34.291
G0 F7200 X51.617 Y34.184
G0 X53.088 Y34.184
G0 X53.087 Y34.204
G1 F3600 X56.165 Y28.873 E484.94863
G1 X56.215 Y28.787
G0 F7200 X56.123 Y28.839
G0 X56.694 Y30.006
G0 X56.713 Y30.006
G1 F3600 X47.21 Y30.005 E485.2647
G1 X47.11 Y30.005
G0 F7200 X47.229 Y30.001
G0 X49.599 Y25.899
G0 X49.589 Y25.881
G1 F3600 X54.343 Y34.113 E485.58087
G1 X54.393 Y34.199
G0 F7200 X54.045 Y34.284
;TYPE:WALL-INNER
G1 F4800 X49.906 Y34.285 E485.71854
G1 X49.662 Y34.247 E485.72675
G1 X49.486 Y34.157 E485.73333
G1 X49.286 Y33.934 E485.74329
G1 X47.219 Y30.353 E485.88081
G1 X47.134 Y30.129 E485.88878
G1 X47.125 Y29.926 E485.89554
G1 X47.209 Y29.664 E485.90469
G1 X49.277 Y26.08 E486.04231
G1 X49.433 Y25.887 E486.05057
G1 X49.605 Y25.777 E486.05736
G1 X49.878 Y25.716 E486.06666
G1 X54.02 Y25.716 E486.20443
G1 X54.261 Y25.753 E486.21254
G1 X54.437 Y25.843 E486.21911
G1 X54.627 Y26.049 E486.22843
G1 X56.698 Y29.635 E486.36616
G1 X56.789 Y29.874 E486.37467
G1 X56.798 Y30.072 E486.38126
G1 X56.714 Y30.336 E486.39048
G1 X54.646 Y33.92 E486.5281
G1 X54.49 Y34.113 E486.53636
G1 X54.318 Y34.223 E486.54315
G1 X54.045 Y34.284 E486.55245
G0 F7200 X54.049 Y34.684
;TYPE:WALL-OUTER
G1 F2400 X49.876 Y34.685 E486.69124
G1 X49.537 Y34.632 E486.70266
G1 X49.248 Y34.484 E486.71346
G1 X49.011 Y34.246 E486.72463
G1 X48.95 Y34.152 E486.72835
G1 X46.856 Y30.524 E486.86768
G1 X46.737 Y30.209 E486.87888
G1 X46.722 Y29.881 E486.8898
G1 X46.806 Y29.575 E486.90035
G1 X46.856 Y29.476 E486.90404
G1 X48.949 Y25.849 E487.04332
G1 X49.163 Y25.585 E487.05462
G1 X49.44 Y25.407 E487.06558
G1 X49.747 Y25.323 E487.07616
G1 X49.874 Y25.316 E487.08039
G1 X54.049 Y25.316 E487.21925
G1 X54.386 Y25.368 E487.23059
G1 X54.675 Y25.516 E487.24139
G1 X54.912 Y25.754 E487.25257
G1 X54.968 Y25.84 E487.25598
G1 X57.062 Y29.467 E487.39527
G1 X57.186 Y29.791 E487.40681
G1 X57.201 Y30.115 E487.4176
G1 X57.117 Y30.425 E487.42828
G1 X57.067 Y30.524 E487.43197
G1 X54.974 Y34.151 E487.57125
G1 X54.76 Y34.415 E487.58255
G1 X54.483 Y34.593 E487.59351
G1 X54.176 Y34.677 E487.60409
G1 X54.049 Y34.684 E487.60832
G0 F7200 X53.849 Y34.684
G0 X53.849 Y33.884
G1 F3000 E481.10832
G1 F4200 Z3.6
G0 F7200 X53.849 Y33.884 Z3.6
G0 X53.785 Y-25.796
;TYPE:FILL
G1 F4200 Z2.6
G1 F3000 E487.60832
G1 F3600 X56.515 Y-30.522 E487.78985
G1 X56.565 Y-30.608
G0 F7200 X56.104 Y-31.234
G1 F3600 X47.819 Y-31.234 E488.06541
G1 X47.773 Y-31.154
G1 X50.868 Y-25.795 E488.27124
G1 X50.958 Y-25.795
G1 X55.1 Y-32.971 E488.54682
G1 X55.149 Y-33.057
G0 F7200 X54.69 Y-33.682
G1 F3600 X49.232 Y-33.683 E488.72836
G1 X49.188 Y-33.607
G1 X53.699 Y-25.796 E489.02836
G1 X53.749 Y-25.71
G0 F7200 X53.749 Y-25.816
G0 X54.685 Y-26.346
G0 X54.702 Y-26.336
G1 F3600 X49.221 Y-26.335 E489.21066
G0 F7200 X48.832 Y-27.01
G1 F3600 X52.984 Y-34.204 E489.48693
G1 X53.033 Y-34.29
G0 F7200 X53.033 Y-34.184
G0 X51.67 Y-34.184
G0 X51.67 Y-34.204
G1 F3600 X55.457 Y-27.645 E489.73883
G1 X55.507 Y-27.559
G0 F7200 X55.416 Y-27.612
G0 X56.097 Y-28.793
G0 X56.114 Y-28.783
G1 F3600 X47.809 Y-28.784 E490.01506
G0 F7200 X47.419 Y-29.461
G1 F3600 X50.158 Y-34.204 E490.19723
G1 X50.208 Y-34.29
G0 F7200 X50.208 Y-34.184
G0 X54.035 Y-25.815
G0 X54.045 Y-25.716
;TYPE:WALL-INNER
G1 F4800 X49.906 Y-25.715 E490.33489
G1 X49.662 Y-25.753 E490.3431
G1 X49.486 Y-25.843 E490.34968
G1 X49.286 Y-26.066 E490.35964
G1 X47.219 Y-29.647 E490.49716
G1 X47.134 Y-29.871 E490.50513
G1 X47.125 Y-30.074 E490.51189
G1 X47.209 Y-30.336 E490.52104
G1 X49.277 Y-33.92 E490.65866
G1 X49.433 Y-34.113 E490.66692
G1 X49.605 Y-34.223 E490.67371
G1 X49.878 Y-34.284 E490.68301
G1 X54.02 Y-34.284 E490.82078
G1 X54.261 Y-34.247 E490.82889
G1 X54.437 Y-34.157 E490.83546
G1 X54.627 Y-33.951 E490.84478
G1 X56.698 Y-30.365 E490.98251
G1 X56.789 Y-30.126 E490.99102
G1 X56.798 Y-29.928 E490.99761
G1 X56.714 Y-29.664 E491.00683
G1 X54.646 Y-26.08 E491.14445
G1 X54.49 Y-25.887 E491.15271
G1 X54.318 Y-25.777 E491.1595
G1 X54.045 Y-25.716 E491.1688
G0 F7200 X54.049 Y-25.316
;TYPE:WALL-OUTER
G1 F2400 X49.876 Y-25.315 E491.3076
G1 X49.537 Y-25.368 E491.31901
G1 X49.248 Y-25.516 E491.32981
G1 X49.011 Y-25.754 E491.34098
G1 X48.95 Y-25.848 E491.3447
G1 X46.856 Y-29.476 E491.48403
G1 X46.737 Y-29.791 E491.49523
G1 X46.722 Y-30.119 E491.50615
G1 X46.806 Y-30.425 E491.5167
G1 X46.856 Y-30.524 E491.52039
G1 X48.949 Y-34.151 E491.65967
G1 X49.163 Y-34.415 E491.67098
G1 X49.44 Y-34.593 E491.68193
G1 X49.747 Y-34.677 E491.69251
G1 X49.874 Y-34.684 E491.69674
G1 X54.049 Y-34.684 E491.8356
G1 X54.386 Y-34.632 E491.84695
G1 X54.675 Y-34.484 E491.85775
G1 X54.912 Y-34.246 E491.86892
G1 X54.968 Y-34.16 E491.87233
G1 X57.062 Y-30.533 E492.01163
G1 X57.186 Y-30.209 E492.02316
G1 X57.201 Y-29.885 E492.03395
G1 X57.117 Y-29.575 E492.04463
G1 X57.067 Y-29.476 E492.04832
G1 X54.974 Y-25.849 E492.1876
G1 X54.76 Y-25.585 E492.19891
G1 X54.483 Y-25.407 E492.20986
G1 X54.176 Y-25.323 E492.22044
G1 X54.049 Y-25.316 E492.22467
G0 F7200 X53.849 Y-25.316
G0 X53.849 Y-26.116
G1 F3000 E485.72467
G1 F4200 Z3.6
G0 F7200 X53.849 Y-26.116 Z3.6
G0 X3.802 Y-58.177
;TYPE:FILL
G1 F4200 Z2.6
G1 F3000 E492.22467
G1 F3600 X-3.802 Y-58.177 E492.47758
G1 X-3.844 Y-58.25
G1 X-.405 Y-64.204 E492.70627
G1 X-.355 Y-64.29
G0 F7200 X0.405 Y-64.204
G1 F3600 X3.844 Y-58.249 E492.93499
G1 X3.894 Y-58.163
G0 F7200 X3.802 Y-58.216
G0 X4.474 Y-60.618
G0 X4.492 Y-60.627
G1 F3600 X-4.492 Y-60.627 E493.2338
G1 X-4.592 Y-60.627
G0 F7200 X-4.5 Y-60.574
G0 X-3.821 Y-61.75
G0 X-3.839 Y-61.76
G1 F3600 X-.395 Y-55.795 E493.46289
G0 F7200 X0.395 Y-55.796
G1 F3600 X3.839 Y-61.76 E493.69195
G1 X3.889 Y-61.846
G0 F7200 X3.796 Y-61.794
G0 X3.06 Y-63.069
G0 X3.078 Y-63.078
G1 F3600 X-3.078 Y-63.078 E493.8967
G1 X-3.178 Y-63.078
G0 F7200 X-3.086 Y-63.025
G0 X-2.362 Y-64.101
G0 X-2.372 Y-64.118
G1 F3600 X2.38 Y-55.887 E494.21282
G1 X2.43 Y-55.801
G0 F7200 X2.366 Y-55.901
G0 X-2.372 Y-55.903
G0 X-2.381 Y-55.885
G1 F3600 X2.373 Y-64.119 E494.52905
G1 X2.423 Y-64.205
G0 F7200 X2.368 Y-64.099
G0 X2.074 Y-55.815
G0 X2.084 Y-55.716
;TYPE:WALL-INNER
G1 F4800 X-2.058 Y-55.715 E494.66681
G1 X-2.293 Y-55.751 E494.67472
G1 X-2.479 Y-55.846 E494.68167
G1 X-2.677 Y-56.068 E494.69156
G1 X-4.739 Y-59.642 E494.8288
G1 X-4.827 Y-59.864 E494.83674
G1 X-4.838 Y-60.067 E494.8435
G1 X-4.753 Y-60.332 E494.85276
G1 X-2.682 Y-63.923 E494.99064
G1 X-2.527 Y-64.114 E494.99882
G1 X-2.358 Y-64.223 E495.00551
G1 X-2.084 Y-64.284 E495.01484
G1 X2.061 Y-64.284 E495.1527
G1 X2.293 Y-64.249 E495.16051
G1 X2.479 Y-64.154 E495.16746
G1 X2.677 Y-63.932 E495.17735
G1 X4.739 Y-60.358 E495.31459
G1 X4.827 Y-60.136 E495.32253
G1 X4.838 Y-59.933 E495.32929
G1 X4.753 Y-59.668 E495.33855
G1 X2.682 Y-56.077 E495.47642
G1 X2.527 Y-55.886 E495.4846
G1 X2.358 Y-55.777 E495.49129
G1 X2.084 Y-55.716 E495.50063
G0 F7200 X2.088 Y-55.316
;TYPE:WALL-OUTER
G1 F2400 X-2.086 Y-55.315 E495.63946
G1 X-2.418 Y-55.366 E495.65063
G1 X-2.717 Y-55.519 E495.6618
G1 X-2.948 Y-55.751 E495.67269
G1 X-3.012 Y-55.849 E495.67658
G1 X-5.1 Y-59.468 E495.81555
G1 X-5.222 Y-59.778 E495.82663
G1 X-5.24 Y-60.108 E495.83762
G1 X-5.155 Y-60.426 E495.84857
G1 X-5.1 Y-60.532 E495.85254
G1 X-3.014 Y-64.149 E495.99142
G1 X-2.798 Y-64.415 E496.00281
G1 X-2.522 Y-64.593 E496.01374
G1 X-2.215 Y-64.677 E496.02432
G1 X-2.088 Y-64.684 E496.02855
G1 X2.088 Y-64.684 E496.16745
G1 X2.418 Y-64.634 E496.17855
G1 X2.717 Y-64.481 E496.18972
G1 X2.948 Y-64.249 E496.20061
G1 X3.012 Y-64.151 E496.2045
G1 X5.1 Y-60.532 E496.34347
G1 X5.222 Y-60.222 E496.35455
G1 X5.24 Y-59.892 E496.36554
G1 X5.155 Y-59.574 E496.37649
G1 X5.1 Y-59.468 E496.38046
G1 X3.014 Y-55.851 E496.51933
G1 X2.798 Y-55.585 E496.53073
G1 X2.522 Y-55.407 E496.54165
G1 X2.215 Y-55.323 E496.55224
G1 X2.088 Y-55.316 E496.55647
G0 F7200 X1.888 Y-55.316
G0 X1.888 Y-56.116
G1 F3000 E490.05647
G1 F4200 Z3.6
;MESH:NONMESH
G0 F7200 X1.888 Y-56.116 Z3.6
G0 X4.612 Y-.118
;TIME_ELAPSED:426.397165
;LAYER:13
;MESH:deltaCalPrint60.stl
G0 X4.612 Y-.118 Z3.8
;TYPE:WALL-INNER
G1 F4200 Z2.8
G1 F3000 E496.55647
G1 F4800 X4.643 Y-0.025 E496.55973
G1 X4.622 Y0.1 E496.56395
G1 X2.415 Y3.926 E496.71085
G1 X2.241 Y4.053 E496.71802
G1 X-2.2 Y4.054 E496.86573
G1 X-2.371 Y3.989 E496.87181
G1 X-2.404 Y3.945 E496.87364
G1 X-4.609 Y0.123 E497.0204
G1 X-4.642 Y0.00 E497.02464
G1 X-4.609 Y-.123 E497.02887
G1 X-2.413 Y-3.929 E497.17502
G1 X-2.238 Y-4.053 E497.18215
G1 X2.205 Y-4.053 E497.32993
G1 X2.371 Y-3.989 E497.33584
G1 X2.404 Y-3.945 E497.33767
G1 X4.612 Y-.118 E497.48463
G0 F7200 X4.978 Y-.283
;TYPE:WALL-OUTER
G1 F2400 X5.054 Y-0.056 E497.49259
G1 X5.007 Y0.226 E497.5021
G1 X4.983 Y0.274 E497.50388
G1 X2.733 Y4.174 E497.65364
G1 X2.527 Y4.379 E497.6633
G1 X2.316 Y4.449 E497.6707
G1 X2.245 Y4.453 E497.67306
G1 X-2.241 Y4.454 E497.82227
G1 X-2.472 Y4.407 E497.83011
G1 X-2.655 Y4.278 E497.83755
G1 X-2.736 Y4.169 E497.84207
G1 X-4.983 Y0.274 E497.99163
G1 X-5.056 Y0.00 E498.00106
G1 X-4.983 Y-.274 E498.01049
G1 X-2.731 Y-4.178 E498.16039
G1 X-2.527 Y-4.379 E498.16992
G1 X-2.316 Y-4.449 E498.17731
G1 X-2.245 Y-4.453 E498.17968
G1 X2.245 Y-4.453 E498.32902
G1 X2.472 Y-4.407 E498.33672
G1 X2.655 Y-4.278 E498.34417
G1 X2.736 Y-4.169 E498.34868
G1 X4.978 Y-.283 E498.4979
G0 F7200 X5.041 Y-0.094
G0 X4.229 Y0.00
;TYPE:SKIN
G1 F1800 X2.118 Y3.66 E498.63843
G1 X2.114 Y3.663 E498.6386
G1 X-2.116 Y3.664 E498.77929
G1 X-4.23 Y0.00 E498.91998
G1 X-2.115 Y-3.663 E499.06066
G1 X2.116 Y-3.663 E499.20139
G1 X4.229 Y0.00 E499.34204
G0 F7200 X1.607 Y3.483
G1 F1800 X2.563 Y2.527 E499.387
G1 X2.633 Y2.457
G0 F7200 X3.333 Y1.192
G1 F1800 X1.042 Y3.483 E499.49477
G0 F7200 X0.476 Y3.483
G1 F1800 X3.997 Y-0.038 E499.66038
G0 F7200 X3.791 Y-.397
G1 F1800 X-0.089 Y3.483 E499.84289
G0 F7200 X-.654 Y3.483
G1 F1800 X3.584 Y-.755 E500.04223
G0 F7200 X3.377 Y-1.114
G1 F1800 X-1.22 Y3.483 E500.25846
G0 F7200 X-1.786 Y3.483
G1 F1800 X3.17 Y-1.473 E500.49157
G0 F7200 X2.963 Y-1.832
G1 F1800 X-2.136 Y3.267 E500.73141
G0 F7200 X-2.343 Y2.909
G1 F1800 X2.757 Y-2.191 E500.9713
G0 F7200 X2.549 Y-2.549
G1 F1800 X-2.549 Y2.549 E501.2111
G0 F7200 X-2.757 Y2.191
G1 F1800 X2.343 Y-2.909 E501.45098
G0 F7200 X2.136 Y-3.267
G1 F1800 X-2.963 Y1.832 E501.69083
G0 F7200 X-3.17 Y1.473
G1 F1800 X1.785 Y-3.482 E501.92389
G0 F7200 X1.219 Y-3.482
G1 F1800 X-3.377 Y1.114 E502.14008
G0 F7200 X-3.584 Y0.755
G1 F1800 X0.654 Y-3.482 E502.33939
G0 F7200 X0.088 Y-3.482
G1 F1800 X-3.79 Y0.396 E502.5218
G0 F7200 X-3.997 Y0.038
G1 F1800 X-.477 Y-3.482 E502.68737
G0 F7200 X-1.042 Y-3.482
G1 F1800 X-3.331 Y-1.193 E502.79504
G1 X-3.401 Y-1.123
G0 F7200 X-2.561 Y-2.53
G1 F1800 X-1.608 Y-3.482 E502.83984
G1 X-1.538 Y-3.552
G1 F3000 E496.33984
G1 F4200 Z3.8
G0 F7200 X-1.538 Y-3.552 Z3.8
G0 X2.241 Y-55.947
;TYPE:WALL-INNER
G1 F4200 Z2.8
G1 F3000 E502.83984
G1 F4800 X-2.2 Y-55.946 E502.98755
G1 X-2.371 Y-56.011 E502.99364
G1 X-2.404 Y-56.055 E502.99547
G1 X-4.609 Y-59.877 E503.14222
G1 X-4.642 Y-60 E503.14646
G1 X-4.609 Y-60.123 E503.1507
G1 X-2.413 Y-63.929 E503.29684
G1 X-2.238 Y-64.053 E503.30398
G1 X2.205 Y-64.053 E503.45175
G1 X2.371 Y-63.989 E503.45767
G1 X2.404 Y-63.945 E503.4595
G1 X4.612 Y-60.118 E503.60645
G1 X4.643 Y-60.025 E503.60971
G1 X4.622 Y-59.9 E503.61393
G1 X2.415 Y-56.074 E503.76084
G1 X2.241 Y-55.947 E503.768
G0 F7200 X2.245 Y-55.547
;TYPE:WALL-OUTER
G1 F2400 X-2.241 Y-55.546 E503.91721
G1 X-2.472 Y-55.593 E503.92505
G1 X-2.655 Y-55.722 E503.93249
G1 X-2.736 Y-55.831 E503.93701
G1 X-4.983 Y-59.726 E504.08657
G1 X-5.056 Y-60 E504.096
G1 X-4.983 Y-60.274 E504.10543
G1 X-2.731 Y-64.178 E504.25533
G1 X-2.527 Y-64.379 E504.26486
G1 X-2.316 Y-64.449 E504.27225
G1 X-2.245 Y-64.453 E504.27462
G1 X2.245 Y-64.453 E504.42396
G1 X2.472 Y-64.407 E504.43166
G1 X2.655 Y-64.278 E504.43911
G1 X2.736 Y-64.169 E504.44362
G1 X4.978 Y-60.283 E504.59284
G1 X5.054 Y-60.056 E504.6008
G1 X5.007 Y-59.774 E504.61031
G1 X4.983 Y-59.726 E504.6121
G1 X2.733 Y-55.826 E504.76185
G1 X2.527 Y-55.621 E504.77152
G1 X2.316 Y-55.551 E504.77891
G1 X2.245 Y-55.547 E504.78128
G0 F7200 X2.045 Y-55.547
G0 X2.114 Y-56.337
;TYPE:SKIN
G1 F1800 X-2.116 Y-56.336 E504.92197
G1 X-4.23 Y-60 E505.06266
G1 X-2.115 Y-63.663 E505.20334
G1 X2.116 Y-63.663 E505.34407
G1 X4.229 Y-60 E505.48471
G1 X2.118 Y-56.34 E505.62524
G1 X2.114 Y-56.337 E505.62541
G0 F7200 X1.644 Y-56.515
G1 F1800 X2.512 Y-57.383 E505.66624
G1 X2.582 Y-57.453
G0 F7200 X3.283 Y-58.72
G1 F1800 X1.078 Y-56.515 E505.76995
G0 F7200 X0.512 Y-56.515
G1 F1800 X4.011 Y-60.014 E505.93454
G0 F7200 X3.804 Y-60.373
G1 F1800 X-0.053 Y-56.515 E506.11598
G0 F7200 X-.618 Y-56.515
G1 F1800 X3.597 Y-60.731 E506.31427
G0 F7200 X3.39 Y-61.09
G1 F1800 X-1.184 Y-56.515 E506.52944
G0 F7200 X-1.75 Y-56.515
G1 F1800 X3.184 Y-61.449 E506.76152
G0 F7200 X2.976 Y-61.808
G1 F1800 X-2.123 Y-56.707 E507.0014
G0 F7200 X-2.33 Y-57.066
G1 F1800 X2.77 Y-62.167 E507.24132
G0 F7200 X2.563 Y-62.525
G1 F1800 X-2.537 Y-57.425 E507.48121
G0 F7200 X-2.744 Y-57.784
G1 F1800 X2.356 Y-62.885 E507.72112
G0 F7200 X2.149 Y-63.243
G1 F1800 X-2.95 Y-58.143 E507.96098
G0 F7200 X-3.157 Y-58.501
G1 F1800 X1.822 Y-63.481 E508.1952
G0 F7200 X1.256 Y-63.481
G1 F1800 X-3.365 Y-58.86 E508.41256
G0 F7200 X-3.571 Y-59.219
G1 F1800 X0.69 Y-63.481 E508.61301
G0 F7200 X0.125 Y-63.481
G1 F1800 X-3.778 Y-59.577 E508.79662
G0 F7200 X-3.985 Y-59.937
G1 F1800 X-.44 Y-63.481 E508.96334
G0 F7200 X-1.006 Y-63.481
G1 F1800 X-3.384 Y-61.103 E509.07519
G1 X-3.454 Y-61.033
G0 F7200 X-2.612 Y-62.441
G1 F1800 X-1.571 Y-63.481 E509.12413
G1 X-1.501 Y-63.551
G1 F3000 E502.62413
G1 F4200 Z3.8
G0 F7200 X-1.501 Y-63.551 Z3.8
G0 X54.202 Y-25.947
;TYPE:WALL-INNER
G1 F4200 Z2.8
G1 F3000 E509.12413
G1 F4800 X49.763 Y-25.946 E509.27178
G1 X49.661 Y-25.967 E509.27524
G1 X49.561 Y-26.05 E509.27956
G1 X47.352 Y-29.877 E509.42653
G1 X47.334 Y-30.09 E509.43364
G1 X49.549 Y-33.929 E509.58106
G1 X49.724 Y-34.053 E509.58819
G1 X54.165 Y-34.053 E509.7359
G1 X54.262 Y-34.033 E509.73919
G1 X54.362 Y-33.95 E509.74351
G1 X56.571 Y-30.123 E509.89048
G1 X56.604 Y-30.023 E509.89399
G1 X56.584 Y-29.9 E509.89813
G1 X54.376 Y-26.074 E510.04505
G1 X54.202 Y-25.947 E510.05222
G0 F7200 X54.206 Y-25.547
;TYPE:WALL-OUTER
G1 F2400 X49.721 Y-25.546 E510.20139
G1 X49.485 Y-25.595 E510.20941
G1 X49.264 Y-25.773 E510.21885
G1 X49.226 Y-25.831 E510.22115
G1 X46.978 Y-29.726 E510.37073
G1 X46.906 Y-30 E510.38015
G1 X46.954 Y-30.225 E510.3878
G1 X46.984 Y-30.285 E510.39003
G1 X49.231 Y-34.178 E510.53954
G1 X49.435 Y-34.379 E510.54906
G1 X49.646 Y-34.449 E510.55646
G1 X49.717 Y-34.453 E510.55882
G1 X54.206 Y-34.453 E510.70813
G1 X54.436 Y-34.406 E510.71593
G1 X54.659 Y-34.227 E510.72544
G1 X54.697 Y-34.169 E510.72775
G1 X56.939 Y-30.285 E510.87691
G1 X57.015 Y-30.056 E510.88494
G1 X56.969 Y-29.775 E510.89441
G1 X56.945 Y-29.726 E510.89622
G1 X54.694 Y-25.826 E511.04599
G1 X54.488 Y-25.621 E511.05566
G1 X54.277 Y-25.551 E511.06305
G1 X54.206 Y-25.547 E511.06542
G0 F7200 X54.006 Y-25.547
G0 X54.075 Y-26.337
;TYPE:SKIN
G1 F1800 X49.847 Y-26.336 E511.20604
G1 X47.732 Y-29.999 E511.34672
G1 X49.847 Y-33.663 E511.48743
G1 X54.077 Y-33.663 E511.62812
G1 X56.191 Y-30 E511.76879
G1 X54.079 Y-26.34 E511.90934
G1 X54.075 Y-26.337 E511.9095
G0 F7200 X53.668 Y-26.515
G1 F1800 X54.387 Y-27.234 E511.94332
G1 X54.457 Y-27.304
G0 F7200 X53.103 Y-26.515
G1 F1800 X55.157 Y-28.57 E512.03996
G1 X55.227 Y-28.64
G0 F7200 X55.927 Y-29.906
G1 F1800 X52.537 Y-26.515 E512.19944
G0 F7200 X51.971 Y-26.515
G1 F1800 X55.789 Y-30.333 E512.37902
G0 F7200 X55.582 Y-30.692
G1 F1800 X51.405 Y-26.515 E512.5755
G0 F7200 X50.84 Y-26.515
G1 F1800 X55.375 Y-31.051 E512.78883
G0 F7200 X55.168 Y-31.409
G1 F1800 X50.274 Y-26.515 E513.01903
G0 F7200 X49.861 Y-26.668
G1 F1800 X54.961 Y-31.768 E513.25892
G0 F7200 X54.754 Y-32.127
G1 F1800 X49.654 Y-27.027 E513.49881
G0 F7200 X49.447 Y-27.386
G1 F1800 X54.547 Y-32.485 E513.73867
G0 F7200 X54.341 Y-32.845
G1 F1800 X49.24 Y-27.744 E513.97861
G0 F7200 X49.033 Y-28.103
G1 F1800 X54.133 Y-33.203 E514.2185
G0 F7200 X53.848 Y-33.483
G1 F1800 X48.827 Y-28.462 E514.45467
G0 F7200 X48.619 Y-28.82
G1 F1800 X53.282 Y-33.483 E514.674
G0 F7200 X52.716 Y-33.483
G1 F1800 X48.412 Y-29.179 E514.87645
G0 F7200 X48.206 Y-29.538
G1 F1800 X52.151 Y-33.483 E515.06201
G0 F7200 X51.585 Y-33.483
G1 F1800 X47.999 Y-29.897 E515.23069
G1 X47.929 Y-29.827
G0 F7200 X48.491 Y-30.955
G1 F1800 X51.019 Y-33.483 E515.34959
G0 F7200 X50.454 Y-33.483
G1 F1800 X49.262 Y-32.291 E515.40566
G1 X49.192 Y-32.221
G1 F3000 E508.90566
G1 F4200 Z3.8
G0 F7200 X49.192 Y-32.221 Z3.8
G0 X54.202 Y34.053
;TYPE:WALL-INNER
G1 F4200 Z2.8
G1 F3000 E515.40566
G1 F4800 X49.763 Y34.054 E515.5533
G1 X49.661 Y34.033 E515.55677
G1 X49.561 Y33.95 E515.56109
G1 X47.352 Y30.123 E515.70806
G1 X47.334 Y29.91 E515.71517
G1 X49.549 Y26.071 E515.86258
G1 X49.724 Y25.947 E515.86972
G1 X54.165 Y25.947 E516.01743
G1 X54.262 Y25.967 E516.02072
G1 X54.362 Y26.05 E516.02504
G1 X56.571 Y29.877 E516.17201
G1 X56.604 Y29.977 E516.17551
G1 X56.584 Y30.1 E516.17966
G1 X54.376 Y33.926 E516.32658
G1 X54.202 Y34.053 E516.33375
G0 F7200 X54.206 Y34.453
;TYPE:WALL-OUTER
G1 F2400 X49.721 Y34.454 E516.48292
G1 X49.485 Y34.405 E516.49094
G1 X49.264 Y34.227 E516.50037
G1 X49.226 Y34.169 E516.50268
G1 X46.978 Y30.274 E516.65226
G1 X46.906 Y30 E516.66168
G1 X46.954 Y29.775 E516.66933
G1 X46.984 Y29.715 E516.67156
G1 X49.231 Y25.822 E516.82106
G1 X49.435 Y25.621 E516.83059
G1 X49.646 Y25.551 E516.83798
G1 X49.717 Y25.547 E516.84035
G1 X54.206 Y25.547 E516.98965
G1 X54.436 Y25.594 E516.99746
G1 X54.659 Y25.773 E517.00697
G1 X54.697 Y25.831 E517.00928
G1 X56.939 Y29.715 E517.15844
G1 X57.015 Y29.944 E517.16646
G1 X56.969 Y30.225 E517.17593
G1 X56.945 Y30.274 E517.17775
G1 X54.694 Y34.174 E517.32752
G1 X54.488 Y34.379 E517.33719
G1 X54.277 Y34.449 E517.34458
G1 X54.206 Y34.453 E517.34694
G0 F7200 X54.006 Y34.453
G0 X54.075 Y33.663
;TYPE:SKIN
G1 F1800 X49.847 Y33.664 E517.48757
G1 X47.732 Y30.001 E517.62825
G1 X49.847 Y26.337 E517.76896
G1 X54.077 Y26.337 E517.90965
G1 X56.191 Y30 E518.05032
G1 X54.079 Y33.66 E518.19086
G1 X54.075 Y33.663 E518.19103
G0 F7200 X53.631 Y33.483
G1 F1800 X54.438 Y32.677 E518.22897
G1 X54.508 Y32.607
G0 F7200 X55.208 Y31.341
G1 F1800 X53.066 Y33.483 E518.32972
G0 F7200 X52.5 Y33.483
G1 F1800 X55.98 Y30.003 E518.49341
G0 F7200 X55.775 Y29.642
G1 F1800 X51.934 Y33.483 E518.67408
G0 F7200 X51.369 Y33.483
G1 F1800 X55.568 Y29.284 E518.87158
G0 F7200 X55.361 Y28.925
G1 F1800 X50.803 Y33.483 E519.08598
G0 F7200 X50.237 Y33.483
G1 F1800 X55.155 Y28.566 E519.31728
G0 F7200 X54.947 Y28.207
G1 F1800 X49.848 Y33.307 E519.55715
G0 F7200 X49.641 Y32.949
G1 F1800 X54.741 Y27.848 E519.79706
G0 F7200 X54.534 Y27.49
G1 F1800 X49.433 Y32.59 E520.03697
G0 F7200 X49.227 Y32.231
G1 F1800 X54.327 Y27.13 E520.27688
G0 F7200 X54.12 Y26.772
G1 F1800 X49.02 Y31.872 E520.51677
G0 F7200 X48.812 Y31.514
G1 F1800 X53.81 Y26.516 E520.75186
G0 F7200 X53.245 Y26.516
G1 F1800 X48.605 Y31.155 E520.97009
G0 F7200 X48.398 Y30.797
G1 F1800 X52.679 Y26.516 E521.17145
G0 F7200 X52.113 Y26.516
G1 F1800 X48.192 Y30.438 E521.35591
G0 F7200 X47.984 Y30.079
G1 F1800 X51.548 Y26.516 E521.52353
G0 F7200 X50.982 Y26.516
G1 F1800 X48.541 Y28.957 E521.63834
G1 X48.471 Y29.027
G0 F7200 X49.312 Y27.62
G1 F1800 X50.416 Y26.516 E521.69027
G1 X50.486 Y26.446
G1 F3000 E515.19027
G1 F4200 Z3.8
G0 F7200 X50.486 Y26.446 Z3.8
G0 X2.241 Y64.053
;TYPE:WALL-INNER
G1 F4200 Z2.8
G1 F3000 E521.69027
G1 F4800 X-2.2 Y64.054 E521.83798
G1 X-2.371 Y63.989 E521.84406
G1 X-2.404 Y63.945 E521.84589
G1 X-4.609 Y60.123 E521.99265
G1 X-4.642 Y60 E521.99689
G1 X-4.609 Y59.877 E522.00112
G1 X-2.413 Y56.071 E522.14727
G1 X-2.238 Y55.947 E522.15441
G1 X2.205 Y55.947 E522.30218
G1 X2.371 Y56.011 E522.3081
G1 X2.404 Y56.055 E522.30993
G1 X4.612 Y59.882 E522.45688
G1 X4.643 Y59.975 E522.46014
G1 X4.622 Y60.1 E522.46436
G1 X2.415 Y63.926 E522.61126
G1 X2.241 Y64.053 E522.61843
G0 F7200 X2.245 Y64.453
;TYPE:WALL-OUTER
G1 F2400 X-2.241 Y64.454 E522.76763
G1 X-2.472 Y64.407 E522.77547
G1 X-2.655 Y64.278 E522.78292
G1 X-2.736 Y64.169 E522.78744
G1 X-4.983 Y60.274 E522.937
G1 X-5.056 Y60 E522.94643
G1 X-4.983 Y59.726 E522.95586
G1 X-2.731 Y55.822 E523.10576
G1 X-2.527 Y55.621 E523.11529
G1 X-2.316 Y55.551 E523.12268
G1 X-2.245 Y55.547 E523.12505
G1 X2.245 Y55.547 E523.27438
G1 X2.472 Y55.593 E523.28209
G1 X2.655 Y55.722 E523.28953
G1 X2.736 Y55.831 E523.29405
G1 X4.978 Y59.717 E523.44327
G1 X5.054 Y59.944 E523.45123
G1 X5.007 Y60.226 E523.46074
G1 X4.983 Y60.274 E523.46252
G1 X2.733 Y64.174 E523.61228
G1 X2.527 Y64.379 E523.62194
G1 X2.316 Y64.449 E523.62934
G1 X2.245 Y64.453 E523.6317
G0 F7200 X2.045 Y64.453
G0 X2.114 Y63.663
;TYPE:SKIN
G1 F1800 X-2.116 Y63.664 E523.77239
G1 X-4.23 Y60 E523.91309
G1 X-2.115 Y56.337 E524.05377
G1 X2.116 Y56.337 E524.19449
G1 X4.229 Y60 E524.33514
G1 X2.118 Y63.66 E524.47567
G1 X2.114 Y63.663 E524.47584
G0 F7200 X1.571 Y63.482
G1 F1800 X2.613 Y62.44 E524.52485
G1 X2.683 Y62.37
G0 F7200 X3.383 Y61.104
G1 F1800 X1.005 Y63.482 E524.6367
G0 F7200 X0.439 Y63.482
G1 F1800 X3.984 Y59.937 E524.80345
G0 F7200 X3.777 Y59.579
G1 F1800 X-.126 Y63.483 E524.98706
G0 F7200 X-.692 Y63.483
G1 F1800 X3.57 Y59.22 E525.18755
G0 F7200 X3.363 Y58.861
G1 F1800 X-1.257 Y63.483 E525.40491
G0 F7200 X-1.823 Y63.483
G1 F1800 X3.157 Y58.502 E525.63918
G0 F7200 X2.95 Y58.143
G1 F1800 X-2.15 Y63.244 E525.87909
G0 F7200 X-2.357 Y62.885
G1 F1800 X2.743 Y57.784 E526.119
G0 F7200 X2.536 Y57.426
G1 F1800 X-2.563 Y62.526 E526.35887
G0 F7200 X-2.771 Y62.168
G1 F1800 X2.329 Y57.067 E526.59878
G0 F7200 X2.122 Y56.708
G1 F1800 X-2.977 Y61.808 E526.83864
G0 F7200 X-3.184 Y61.45
G1 F1800 X1.749 Y56.516 E527.0707
G0 F7200 X1.183 Y56.516
G1 F1800 X-3.391 Y61.091 E527.28587
G0 F7200 X-3.598 Y60.732
G1 F1800 X0.618 Y56.516 E527.48418
G0 F7200 X0.052 Y56.516
G1 F1800 X-3.805 Y60.374 E527.66562
G0 F7200 X-4.012 Y60.014
G1 F1800 X-.513 Y56.516 E527.83018
G0 F7200 X-1.079 Y56.516
G1 F1800 X-3.285 Y58.722 E527.93395
G1 X-3.355 Y58.792
G0 F7200 X-2.513 Y57.385
G1 F1800 X-1.644 Y56.516 E527.97482
G1 X-1.574 Y56.446
G1 F3000 E521.47482
G1 F4200 Z3.8
G0 F7200 X-1.574 Y56.446 Z3.8
G0 X-49.721 Y34.053
;TYPE:WALL-INNER
G1 F4200 Z2.8
G1 F3000 E527.97482
G1 F4800 X-54.16 Y34.054 E528.12246
G1 X-54.262 Y34.033 E528.12593
G1 X-54.362 Y33.95 E528.13025
G1 X-56.571 Y30.123 E528.27722
G1 X-56.589 Y29.91 E528.28433
G1 X-54.374 Y26.071 E528.43174
G1 X-54.199 Y25.947 E528.43888
G1 X-49.758 Y25.947 E528.58658
G1 X-49.661 Y25.967 E528.58988
G1 X-49.561 Y26.05 E528.5942
G1 X-47.352 Y29.877 E528.74117
G1 X-47.319 Y29.977 E528.74467
G1 X-47.339 Y30.1 E528.74882
G1 X-49.547 Y33.926 E528.89574
G1 X-49.721 Y34.053 E528.90291
G0 F7200 X-49.717 Y34.453
;TYPE:WALL-OUTER
G1 F2400 X-54.202 Y34.454 E529.05208
G1 X-54.438 Y34.405 E529.06009
G1 X-54.659 Y34.227 E529.06953
G1 X-54.697 Y34.169 E529.07184
G1 X-56.945 Y30.274 E529.22142
G1 X-57.017 Y30 E529.23084
G1 X-56.969 Y29.775 E529.23849
G1 X-56.939 Y29.715 E529.24072
G1 X-54.692 Y25.822 E529.39022
G1 X-54.488 Y25.621 E529.39975
G1 X-54.277 Y25.551 E529.40714
G1 X-54.206 Y25.547 E529.40951
G1 X-49.717 Y25.547 E529.55881
G1 X-49.487 Y25.594 E529.56662
G1 X-49.264 Y25.773 E529.57613
G1 X-49.226 Y25.831 E529.57844
G1 X-46.984 Y29.715 E529.7276
G1 X-46.908 Y29.944 E529.73562
G1 X-46.954 Y30.225 E529.74509
G1 X-46.978 Y30.274 E529.74691
G1 X-49.229 Y34.174 E529.89668
G1 X-49.435 Y34.379 E529.90634
G1 X-49.646 Y34.449 E529.91374
G1 X-49.717 Y34.453 E529.9161
G0 F7200 X-49.917 Y34.453
G0 X-49.848 Y33.663
;TYPE:SKIN
G1 F1800 X-54.076 Y33.664 E530.05673
G1 X-56.191 Y30.001 E530.19741
G1 X-54.076 Y26.337 E530.33812
G1 X-49.846 Y26.337 E530.47881
G1 X-47.732 Y30 E530.61948
G1 X-49.844 Y33.66 E530.76002
G1 X-49.848 Y33.663 E530.76019
G0 F7200 X-50.454 Y33.483
G1 F1800 X-49.26 Y32.29 E530.81633
G1 X-49.19 Y32.22
G0 F7200 X-48.489 Y30.952
G1 F1800 X-51.019 Y33.483 E530.93535
G0 F7200 X-51.585 Y33.483
G1 F1800 X-47.999 Y29.897 E531.10403
G0 F7200 X-48.205 Y29.537
G1 F1800 X-52.151 Y33.484 E531.28966
G0 F7200 X-52.717 Y33.484
G1 F1800 X-48.412 Y29.179 E531.49215
G0 F7200 X-48.619 Y28.82
G1 F1800 X-53.283 Y33.484 E531.71153
G0 F7200 X-53.849 Y33.484
G1 F1800 X-48.826 Y28.461 E531.9478
G0 F7200 X-49.033 Y28.103
G1 F1800 X-54.133 Y33.203 E532.18769
G0 F7200 X-54.34 Y32.844
G1 F1800 X-49.24 Y27.744 E532.42758
G0 F7200 X-49.447 Y27.385
G1 F1800 X-54.547 Y32.485 E532.66747
G0 F7200 X-54.754 Y32.127
G1 F1800 X-49.654 Y27.027 E532.90735
G0 F7200 X-49.861 Y26.668
G1 F1800 X-54.961 Y31.768 E533.14724
G0 F7200 X-55.168 Y31.409
G1 F1800 X-50.275 Y26.517 E533.37737
G0 F7200 X-50.841 Y26.517
G1 F1800 X-55.375 Y31.051 E533.59064
G0 F7200 X-55.582 Y30.692
G1 F1800 X-51.407 Y26.517 E533.78701
G0 F7200 X-51.973 Y26.517
G1 F1800 X-55.789 Y30.333 E533.96651
G0 F7200 X-55.927 Y29.906
G1 F1800 X-52.538 Y26.517 E534.12592
G0 F7200 X-53.104 Y26.517
G1 F1800 X-55.156 Y28.569 E534.22244
G1 X-55.226 Y28.639
G0 F7200 X-54.384 Y27.232
G1 F1800 X-53.67 Y26.517 E534.25604
G1 X-53.6 Y26.447
G1 F3000 E527.75604
G1 F4200 Z3.8
G0 F7200 X-53.6 Y26.447 Z3.8
G0 X-49.721 Y-25.947
;TYPE:WALL-INNER
G1 F4200 Z2.8
G1 F3000 E534.25604
G1 F4800 X-54.16 Y-25.946 E534.40369
G1 X-54.262 Y-25.967 E534.40715
G1 X-54.362 Y-26.05 E534.41147
G1 X-56.571 Y-29.877 E534.55844
G1 X-56.589 Y-30.09 E534.56555
G1 X-54.374 Y-33.929 E534.71296
G1 X-54.199 Y-34.053 E534.7201
G1 X-49.758 Y-34.053 E534.86781
G1 X-49.661 Y-34.033 E534.8711
G1 X-49.561 Y-33.95 E534.87542
G1 X-47.352 Y-30.123 E535.02239
G1 X-47.319 Y-30.023 E535.02589
G1 X-47.339 Y-29.9 E535.03004
G1 X-49.547 Y-26.074 E535.17696
G1 X-49.721 Y-25.947 E535.18413
G0 F7200 X-49.717 Y-25.547
;TYPE:WALL-OUTER
G1 F2400 X-54.202 Y-25.546 E535.3333
G1 X-54.438 Y-25.595 E535.34132
G1 X-54.659 Y-25.773 E535.35076
G1 X-54.697 Y-25.831 E535.35306
G1 X-56.945 Y-29.726 E535.50264
G1 X-57.017 Y-30 E535.51206
G1 X-56.969 Y-30.225 E535.51971
G1 X-56.939 Y-30.285 E535.52194
G1 X-54.692 Y-34.178 E535.67145
G1 X-54.488 Y-34.379 E535.68097
G1 X-54.277 Y-34.449 E535.68836
G1 X-54.206 Y-34.453 E535.69073
G1 X-49.717 Y-34.453 E535.84003
G1 X-49.487 Y-34.406 E535.84784
G1 X-49.264 Y-34.227 E535.85735
G1 X-49.226 Y-34.169 E535.85966
G1 X-46.984 Y-30.285 E536.00882
G1 X-46.908 Y-30.056 E536.01684
G1 X-46.954 Y-29.775 E536.02632
G1 X-46.978 Y-29.726 E536.02813
G1 X-49.229 Y-25.826 E536.1779
G1 X-49.435 Y-25.621 E536.18757
G1 X-49.646 Y-25.551 E536.19496
G1 X-49.717 Y-25.547 E536.19733
G0 F7200 X-49.917 Y-25.547
G0 X-49.848 Y-26.337
;TYPE:SKIN
G1 F1800 X-54.076 Y-26.336 E536.33795
G1 X-56.191 Y-29.999 E536.47863
G1 X-54.076 Y-33.663 E536.61934
G1 X-49.846 Y-33.663 E536.76003
G1 X-47.732 Y-30 E536.9007
G1 X-49.844 Y-26.34 E537.04124
G1 X-49.848 Y-26.337 E537.04141
G0 F7200 X-50.416 Y-26.516
G1 F1800 X-49.31 Y-27.623 E537.09346
G1 X-49.24 Y-27.693
G0 F7200 X-48.538 Y-28.96
G1 F1800 X-50.982 Y-26.516 E537.20842
G0 F7200 X-51.548 Y-26.516
G1 F1800 X-47.985 Y-30.078 E537.37598
G0 F7200 X-48.192 Y-30.438
G1 F1800 X-52.114 Y-26.515 E537.56049
G0 F7200 X-52.68 Y-26.515
G1 F1800 X-48.399 Y-30.796 E537.76185
G0 F7200 X-48.606 Y-31.155
G1 F1800 X-53.245 Y-26.515 E537.98008
G0 F7200 X-53.811 Y-26.515
G1 F1800 X-48.812 Y-31.514 E538.21522
G0 F7200 X-49.02 Y-31.872
G1 F1800 X-54.12 Y-26.772 E538.45511
G0 F7200 X-54.327 Y-27.131
G1 F1800 X-49.227 Y-32.231 E538.69499
G0 F7200 X-49.433 Y-32.59
G1 F1800 X-54.534 Y-27.49 E538.93491
G0 F7200 X-54.741 Y-27.848
G1 F1800 X-49.641 Y-32.949 E539.17482
G0 F7200 X-49.848 Y-33.307
G1 F1800 X-54.948 Y-28.207 E539.41471
G0 F7200 X-55.155 Y-28.566
G1 F1800 X-50.238 Y-33.482 E539.64596
G0 F7200 X-50.804 Y-33.482
G1 F1800 X-55.362 Y-28.924 E539.86036
G0 F7200 X-55.569 Y-29.283
G1 F1800 X-51.369 Y-33.482 E540.05789
G0 F7200 X-51.935 Y-33.482
G1 F1800 X-55.775 Y-29.642 E540.23851
G0 F7200 X-55.978 Y-30.006
G1 F1800 X-52.501 Y-33.482 E540.40203
G0 F7200 X-53.066 Y-33.482
G1 F1800 X-55.206 Y-31.343 E540.50267
G1 X-55.276 Y-31.273
G0 F7200 X-54.434 Y-32.681
G1 F1800 X-53.632 Y-33.482 E540.54037
G1 X-53.562 Y-33.552
G1 F3000 E534.04037
G1 F4200 Z3.8
;MESH:NONMESH
G0 F7200 X-53.562 Y-33.552 Z3.8
G0 X-2.207 Y3.823
;TIME_ELAPSED:475.779717
;LAYER:14
;MESH:deltaCalPrint60.stl
G0 X-2.207 Y3.823 Z4
;TYPE:WALL-INNER
G1 F4200 Z3
G1 F3000 E540.54037
G1 F4800 X-4.413 Y-0.001 E540.6872
G1 X-4.18 Y-.408 E540.7028
G1 X-2.208 Y-3.822 E540.83393
G1 X2.208 Y-3.822 E540.98081
G1 X4.413 Y0.00 E541.12757
G1 X4.18 Y0.408 E541.1432
G1 X2.208 Y3.822 E541.27433
G1 X-2.207 Y3.823 E541.42117
G0 F7200 X-2.157 Y3.737
G0 X2.158 Y-3.736
G0 X2.455 Y-4.193
;TYPE:WALL-OUTER
G1 F2400 X4.856 Y-0.033 E541.58093
G1 X4.856 Y0.032 E541.58309
G1 X4.526 Y0.608 E541.60517
G1 X2.46 Y4.185 E541.74256
G1 X2.408 Y4.222 E541.74468
G1 X-2.398 Y4.223 E541.90453
G1 X-2.455 Y4.193 E541.90667
G1 X-4.856 Y0.032 E542.06645
G1 X-4.856 Y-0.033 E542.06861
G1 X-4.526 Y-.608 E542.09066
G1 X-2.459 Y-4.187 E542.22813
G1 X-2.408 Y-4.222 E542.23019
G1 X2.396 Y-4.222 E542.38997
G1 X2.455 Y-4.193 E542.39215
G0 F7200 X2.554 Y-4.02
G0 X1.983 Y-3.432
;TYPE:SKIN
G1 F1800 X3.963 Y0.001 E542.52397
G1 X1.982 Y3.432 E542.65574
G1 X-1.982 Y3.433 E542.78758
G1 X-3.963 Y-0.002 E542.91947
G1 X-1.982 Y-3.432 E543.05121
G1 X1.983 Y-3.432 E543.18309
G0 F7200 X1.839 Y-3.251
G1 F1800 X1.933 Y-3.157 E543.18751
G0 F7200 X1.274 Y-3.251
G1 F1800 X2.703 Y-1.822 E543.25472
G1 X2.773 Y-1.752
G0 F7200 X3.473 Y-.486
G1 F1800 X0.708 Y-3.251 E543.38478
G0 F7200 X0.142 Y-3.251
G1 F1800 X3.623 Y0.229 E543.54849
G0 F7200 X3.416 Y0.587
G1 F1800 X-.422 Y-3.251 E543.72902
G0 F7200 X-.988 Y-3.251
G1 F1800 X3.208 Y0.946 E543.92641
G0 F7200 X3.002 Y1.305
G1 F1800 X-1.554 Y-3.251 E544.14071
G0 F7200 X-1.967 Y-3.099
G1 F1800 X2.795 Y1.663 E544.3647
G0 F7200 X2.588 Y2.023
G1 F1800 X-2.175 Y-2.74 E544.58874
G0 F7200 X-2.381 Y-2.381
G1 F1800 X2.381 Y2.381 E544.81273
G0 F7200 X2.174 Y2.74
G1 F1800 X-2.588 Y-2.023 E545.03674
G0 F7200 X-2.795 Y-1.664
G1 F1800 X1.967 Y3.099 E545.26075
G0 F7200 X1.554 Y3.251
G1 F1800 X-3.002 Y-1.305 E545.47505
G0 F7200 X-3.209 Y-.946
G1 F1800 X0.988 Y3.251 E545.67247
G0 F7200 X0.422 Y3.251
G1 F1800 X-3.416 Y-.588 E545.85302
G0 F7200 X-3.623 Y-.229
G1 F1800 X-.142 Y3.251 E546.01673
G0 F7200 X-.708 Y3.251
G1 F1800 X-3.471 Y0.487 E546.14672
G1 X-3.541 Y0.417
G0 F7200 X-2.702 Y1.822
G1 F1800 X-1.274 Y3.251 E546.21391
G0 F7200 X-1.839 Y3.251
G1 F1800 X-1.933 Y3.157 E546.21833
G1 F3000 E539.71833
G1 F4200 Z4
G0 F7200 X-1.933 Y3.157 Z4
G0 X2.208 Y-56.178
;TYPE:WALL-INNER
G1 F4200 Z3
G1 F3000 E546.21833
G1 F4800 X-2.207 Y-56.177 E546.36518
G1 X-4.413 Y-60.001 E546.51201
G1 X-4.18 Y-60.408 E546.52761
G1 X-2.208 Y-63.822 E546.65874
G1 X2.208 Y-63.822 E546.80562
G1 X4.413 Y-60 E546.95237
G1 X4.18 Y-59.592 E546.968
G1 X2.208 Y-56.178 E547.09913
G0 F7200 X2.408 Y-55.778
;TYPE:WALL-OUTER
G1 F2400 X-2.398 Y-55.777 E547.25898
G1 X-2.455 Y-55.807 E547.26112
G1 X-4.856 Y-59.968 E547.42091
G1 X-4.856 Y-60.033 E547.42307
G1 X-4.526 Y-60.608 E547.44512
G1 X-2.459 Y-64.187 E547.58258
G1 X-2.408 Y-64.222 E547.58464
G1 X2.396 Y-64.222 E547.74442
G1 X2.455 Y-64.193 E547.74661
G1 X4.856 Y-60.033 E547.90636
G1 X4.856 Y-59.968 E547.90852
G1 X4.526 Y-59.392 E547.9306
G1 X2.46 Y-55.815 E548.06799
G1 X2.408 Y-55.778 E548.07012
G0 F7200 X2.208 Y-55.778
G0 X1.982 Y-56.568
;TYPE:SKIN
G1 F1800 X-1.982 Y-56.567 E548.20196
G1 X-3.963 Y-60.002 E548.33385
G1 X-1.982 Y-63.432 E548.46559
G1 X1.983 Y-63.432 E548.59746
G1 X3.963 Y-59.999 E548.72928
G1 X1.982 Y-56.568 E548.86105
G0 F7200 X-1.309 Y-56.746
G1 F1800 X-2.654 Y-58.091 E548.92431
G1 X-2.724 Y-58.161
G0 F7200 X-3.424 Y-59.427
G1 F1800 X-.743 Y-56.746 E549.05042
G0 F7200 X-.178 Y-56.746
G1 F1800 X-3.638 Y-60.206 E549.21317
G0 F7200 X-3.43 Y-60.565
G1 F1800 X0.386 Y-56.747 E549.39271
G0 F7200 X0.952 Y-56.747
G1 F1800 X-3.223 Y-60.923 E549.58911
G0 F7200 X-3.016 Y-61.282
G1 F1800 X1.518 Y-56.747 E549.8024
G0 F7200 X1.954 Y-56.876
G1 F1800 X-2.809 Y-61.64 E550.02646
G0 F7200 X-2.602 Y-61.999
G1 F1800 X2.16 Y-57.236 E550.25047
G0 F7200 X2.368 Y-57.594
G1 F1800 X-2.394 Y-62.357 E550.47448
G0 F7200 X-2.188 Y-62.716
G1 F1800 X2.575 Y-57.953 E550.69852
G0 F7200 X2.782 Y-58.311
G1 F1800 X-1.981 Y-63.075 E550.92258
G0 F7200 X-1.591 Y-63.251
G1 F1800 X2.988 Y-58.67 E551.13801
G0 F7200 X3.196 Y-59.029
G1 F1800 X-1.026 Y-63.251 E551.3366
G0 F7200 X-.46 Y-63.251
G1 F1800 X3.403 Y-59.387 E551.51833
G0 F7200 X3.61 Y-59.746
G1 F1800 X0.105 Y-63.251 E551.68319
G0 F7200 X0.671 Y-63.251
G1 F1800 X3.524 Y-60.398 E551.81739
G1 X3.594 Y-60.328
G0 F7200 X2.755 Y-61.732
G1 F1800 X1.236 Y-63.251 E551.88884
G0 F7200 X1.802 Y-63.251
G1 F1800 X1.986 Y-63.067 E551.89749
G1 F3000 E545.39749
G1 F4200 Z4
G0 F7200 X1.986 Y-63.067 Z4
G0 X54.169 Y-26.178
;TYPE:WALL-INNER
G1 F4200 Z3
G1 F3000 E551.89749
G1 F4800 X49.756 Y-26.177 E552.04427
G1 X47.55 Y-30.002 E552.19113
G1 X47.782 Y-30.408 E552.20668
G1 X49.754 Y-33.822 E552.33782
G1 X54.168 Y-33.822 E552.48463
G1 X56.373 Y-29.998 E552.63144
G1 X56.141 Y-29.592 E552.647
G1 X54.169 Y-26.178 E552.77813
G0 F7200 X54.369 Y-25.778
;TYPE:WALL-OUTER
G1 F2400 X49.564 Y-25.777 E552.93794
G1 X49.507 Y-25.807 E552.94008
G1 X47.097 Y-29.986 E553.10054
G1 X47.108 Y-30.036 E553.10224
G1 X47.436 Y-30.608 E553.12417
G1 X49.503 Y-34.187 E553.26163
G1 X49.554 Y-34.222 E553.26369
G1 X54.357 Y-34.222 E553.42344
G1 X54.416 Y-34.193 E553.42563
G1 X56.825 Y-30.016 E553.586
G1 X56.821 Y-29.975 E553.58737
G1 X56.487 Y-29.392 E553.60972
G1 X54.421 Y-25.815 E553.74711
G1 X54.369 Y-25.778 E553.74923
G0 F7200 X54.169 Y-25.778
G0 X53.943 Y-26.568
;TYPE:SKIN
G1 F1800 X49.981 Y-26.567 E553.88101
G1 X48 Y-30.003 E554.01292
G1 X49.98 Y-33.432 E554.14462
G1 X53.943 Y-33.432 E554.27643
G1 X55.923 Y-29.997 E554.4083
G1 X53.943 Y-26.568 E554.54
G0 F7200 X50.185 Y-26.747
G1 F1800 X49.942 Y-26.99 E554.55143
G0 F7200 X50.751 Y-26.747
G1 F1800 X49.173 Y-28.325 E554.62565
G1 X49.103 Y-28.395
G0 F7200 X48.404 Y-29.66
G1 F1800 X51.316 Y-26.747 E554.76265
G0 F7200 X51.882 Y-26.747
G1 F1800 X48.36 Y-30.269 E554.92831
G0 F7200 X48.567 Y-30.628
G1 F1800 X52.447 Y-26.748 E555.11081
G0 F7200 X53.013 Y-26.748
G1 F1800 X48.774 Y-30.987 E555.3102
G0 F7200 X48.981 Y-31.346
G1 F1800 X53.578 Y-26.748 E555.52646
G0 F7200 X53.951 Y-26.941
G1 F1800 X49.188 Y-31.704 E555.75049
G0 F7200 X49.395 Y-32.063
G1 F1800 X54.158 Y-27.3 E555.97453
G0 F7200 X54.365 Y-27.659
G1 F1800 X49.602 Y-32.421 E556.19854
G0 F7200 X49.809 Y-32.78
G1 F1800 X54.572 Y-28.017 E556.42258
G0 F7200 X54.779 Y-28.376
G1 F1800 X50.016 Y-33.139 E556.64662
G0 F7200 X50.469 Y-33.251
G1 F1800 X54.986 Y-28.734 E556.85908
G0 F7200 X55.193 Y-29.093
G1 F1800 X51.035 Y-33.251 E557.05466
G0 F7200 X51.601 Y-33.251
G1 F1800 X55.4 Y-29.452 E557.23336
G0 F7200 X55.607 Y-29.81
G1 F1800 X52.166 Y-33.251 E557.39521
G0 F7200 X52.732 Y-33.251
G1 F1800 X55.343 Y-30.64 E557.51802
G1 X55.413 Y-30.57
G0 F7200 X54.575 Y-31.974
G1 F1800 X53.298 Y-33.251 E557.57809
G1 X53.228 Y-33.321
G1 F3000 E551.07809
G1 F4200 Z4
G0 F7200 X53.228 Y-33.321 Z4
G0 X54.169 Y33.822
;TYPE:WALL-INNER
G1 F4200 Z3
G1 F3000 E557.57809
G1 F4800 X49.756 Y33.823 E557.72487
G1 X47.55 Y29.998 E557.87173
G1 X47.782 Y29.592 E557.88728
G1 X49.754 Y26.178 E558.01841
G1 X54.168 Y26.178 E558.16522
G1 X56.373 Y30.002 E558.31204
G1 X56.141 Y30.408 E558.32759
G1 X54.169 Y33.822 E558.45872
G0 F7200 X54.369 Y34.222
;TYPE:WALL-OUTER
G1 F2400 X49.564 Y34.223 E558.61854
G1 X49.507 Y34.193 E558.62068
G1 X47.097 Y30.014 E558.78113
G1 X47.108 Y29.964 E558.78284
G1 X47.436 Y29.392 E558.80477
G1 X49.503 Y25.813 E558.94223
G1 X49.554 Y25.778 E558.94429
G1 X54.357 Y25.778 E559.10404
G1 X54.416 Y25.807 E559.10622
G1 X56.825 Y29.984 E559.2666
G1 X56.821 Y30.025 E559.26797
G1 X56.487 Y30.608 E559.29032
G1 X54.421 Y34.185 E559.42771
G1 X54.369 Y34.222 E559.42983
G0 F7200 X54.169 Y34.222
G0 X53.943 Y33.432
;TYPE:SKIN
G1 F1800 X49.981 Y33.433 E559.56161
G1 X48 Y29.997 E559.69352
G1 X49.98 Y26.568 E559.82522
G1 X53.943 Y26.568 E559.95703
G1 X55.923 Y30.003 E560.0889
G1 X53.943 Y33.432 E560.22059
G0 F7200 X50.222 Y33.252
G1 F1800 X49.892 Y32.922 E560.23612
G0 F7200 X50.788 Y33.252
G1 F1800 X49.124 Y31.587 E560.31441
G1 X49.054 Y31.517
G0 F7200 X48.355 Y30.253
G1 F1800 X51.354 Y33.252 E560.45547
G0 F7200 X51.92 Y33.252
G1 F1800 X48.374 Y29.706 E560.62227
G0 F7200 X48.581 Y29.348
G1 F1800 X52.485 Y33.252 E560.8059
G0 F7200 X53.051 Y33.252
G1 F1800 X48.788 Y28.989 E561.00642
G0 F7200 X48.995 Y28.63
G1 F1800 X53.617 Y33.252 E561.22382
G0 F7200 X53.964 Y33.034
G1 F1800 X49.202 Y28.272 E561.44781
G0 F7200 X49.409 Y27.913
G1 F1800 X54.172 Y32.676 E561.67185
G0 F7200 X54.379 Y32.317
G1 F1800 X49.616 Y27.554 E561.89589
G0 F7200 X49.823 Y27.196
G1 F1800 X54.585 Y31.958 E562.11988
G0 F7200 X54.792 Y31.599
G1 F1800 X50.029 Y26.836 E562.34391
G0 F7200 X50.507 Y26.748
G1 F1800 X55 Y31.241 E562.55525
G0 F7200 X55.207 Y30.882
G1 F1800 X51.072 Y26.748 E562.74972
G0 F7200 X51.638 Y26.748
G1 F1800 X55.413 Y30.523 E562.92729
G0 F7200 X55.621 Y30.165
G1 F1800 X52.204 Y26.748 E563.08801
G0 F7200 X52.769 Y26.748
G1 F1800 X55.293 Y29.272 E563.20673
G1 X55.363 Y29.342
G0 F7200 X54.524 Y27.937
G1 F1800 X53.335 Y26.748 E563.26266
G1 X53.265 Y26.678
G1 F3000 E556.76266
G1 F4200 Z4
G0 F7200 X53.265 Y26.678 Z4
G0 X2.208 Y63.822
;TYPE:WALL-INNER
G1 F4200 Z3
G1 F3000 E563.26266
G1 F4800 X-2.207 Y63.823 E563.40951
G1 X-4.413 Y59.999 E563.55634
G1 X-4.18 Y59.592 E563.57194
G1 X-2.208 Y56.178 E563.70307
G1 X2.208 Y56.178 E563.84994
G1 X4.413 Y60 E563.9967
G1 X4.18 Y60.408 E564.01233
G1 X2.208 Y63.822 E564.14346
G0 F7200 X2.408 Y64.222
;TYPE:WALL-OUTER
G1 F2400 X-2.398 Y64.223 E564.30331
G1 X-2.455 Y64.193 E564.30545
G1 X-4.856 Y60.032 E564.46524
G1 X-4.856 Y59.967 E564.4674
G1 X-4.526 Y59.392 E564.48945
G1 X-2.459 Y55.813 E564.62691
G1 X-2.408 Y55.778 E564.62897
G1 X2.396 Y55.778 E564.78875
G1 X2.455 Y55.807 E564.79094
G1 X4.856 Y59.967 E564.95069
G1 X4.856 Y60.032 E564.95285
G1 X4.526 Y60.608 E564.97493
G1 X2.46 Y64.185 E565.11232
G1 X2.408 Y64.222 E565.11445
G0 F7200 X2.208 Y64.222
G0 X1.982 Y63.432
;TYPE:SKIN
G1 F1800 X-1.982 Y63.433 E565.24629
G1 X-3.963 Y59.998 E565.37817
G1 X-1.982 Y56.568 E565.50992
G1 X1.983 Y56.568 E565.64179
G1 X3.963 Y60.001 E565.77361
G1 X1.982 Y63.432 E565.90538
G0 F7200 X-1.802 Y63.251
G1 F1800 X-1.985 Y63.068 E565.91398
G0 F7200 X-1.236 Y63.251
G1 F1800 X-2.755 Y61.732 E565.98543
G1 X-2.825 Y61.662
G0 F7200 X-3.524 Y60.397
G1 F1800 X-.671 Y63.251 E566.11965
G0 F7200 X-.105 Y63.251
G1 F1800 X-3.611 Y59.745 E566.28457
G0 F7200 X-3.404 Y59.387
G1 F1800 X0.46 Y63.251 E566.46632
G0 F7200 X1.026 Y63.251
G1 F1800 X-3.196 Y59.028 E566.66493
G0 F7200 X-2.989 Y58.67
G1 F1800 X1.591 Y63.251 E566.88038
G0 F7200 X1.981 Y63.075
G1 F1800 X-2.782 Y58.311 E567.10444
G0 F7200 X-2.575 Y57.953
G1 F1800 X2.187 Y62.716 E567.32846
G0 F7200 X2.394 Y62.357
G1 F1800 X-2.368 Y57.594 E567.55247
G0 F7200 X-2.161 Y57.235
G1 F1800 X2.602 Y61.999 E567.77653
G0 F7200 X2.809 Y61.64
G1 F1800 X-1.954 Y56.876 E568.00059
G0 F7200 X-1.518 Y56.747
G1 F1800 X3.016 Y61.282 E568.21388
G0 F7200 X3.222 Y60.922
G1 F1800 X-.952 Y56.747 E568.41023
G0 F7200 X-.386 Y56.747
G1 F1800 X3.43 Y60.564 E568.58975
G0 F7200 X3.637 Y60.205
G1 F1800 X0.178 Y56.747 E568.75243
G0 F7200 X0.744 Y56.747
G1 F1800 X3.426 Y59.429 E568.87858
G1 X3.496 Y59.499
G0 F7200 X2.656 Y58.093
G1 F1800 X1.31 Y56.747 E568.94189
G1 X1.24 Y56.677
G1 F3000 E562.44189
G1 F4200 Z4
G0 F7200 X1.24 Y56.677 Z4
G0 X-49.754 Y33.822
;TYPE:WALL-INNER
G1 F4200 Z3
G1 F3000 E568.94189
G1 F4800 X-54.167 Y33.823 E569.08867
G1 X-56.373 Y29.998 E569.23553
G1 X-56.141 Y29.592 E569.25108
G1 X-54.169 Y26.178 E569.38222
G1 X-49.755 Y26.178 E569.52903
G1 X-47.55 Y30.002 E569.67584
G1 X-47.782 Y30.408 E569.6914
G1 X-49.754 Y33.822 E569.82253
G0 F7200 X-49.554 Y34.222
;TYPE:WALL-OUTER
G1 F2400 X-54.359 Y34.223 E569.98234
G1 X-54.416 Y34.193 E569.98448
G1 X-56.826 Y30.014 E570.14494
G1 X-56.815 Y29.964 E570.14664
G1 X-56.487 Y29.392 E570.16857
G1 X-54.42 Y25.813 E570.30603
G1 X-54.369 Y25.778 E570.30809
G1 X-49.566 Y25.778 E570.46784
G1 X-49.507 Y25.807 E570.47003
G1 X-47.098 Y29.984 E570.6304
G1 X-47.102 Y30.025 E570.63177
G1 X-47.436 Y30.608 E570.65412
G1 X-49.502 Y34.185 E570.79151
G1 X-49.554 Y34.222 E570.79363
G0 F7200 X-49.754 Y34.222
G0 X-49.98 Y33.432
;TYPE:SKIN
G1 F1800 X-53.942 Y33.433 E570.92541
G1 X-55.923 Y29.997 E571.05732
G1 X-53.943 Y26.568 E571.18902
G1 X-49.98 Y26.568 E571.32083
G1 X-48 Y30.003 E571.4527
G1 X-49.98 Y33.432 E571.5844
G0 F7200 X-53.297 Y33.252
G1 F1800 X-54.575 Y31.974 E571.64451
G1 X-54.645 Y31.904
G0 F7200 X-55.343 Y30.64
G1 F1800 X-52.731 Y33.252 E571.76737
G0 F7200 X-52.166 Y33.252
G1 F1800 X-55.607 Y29.81 E571.92925
G0 F7200 X-55.4 Y29.452
G1 F1800 X-51.601 Y33.251 E572.10794
G0 F7200 X-51.035 Y33.251
G1 F1800 X-55.193 Y29.093 E572.30352
G0 F7200 X-54.986 Y28.734
G1 F1800 X-50.469 Y33.251 E572.51599
G0 F7200 X-50.016 Y33.139
G1 F1800 X-54.779 Y28.376 E572.74002
G0 F7200 X-54.572 Y28.017
G1 F1800 X-49.809 Y32.78 E572.96406
G0 F7200 X-49.602 Y32.421
G1 F1800 X-54.365 Y27.659 E573.18808
G0 F7200 X-54.158 Y27.3
G1 F1800 X-49.395 Y32.063 E573.41211
G0 F7200 X-49.188 Y31.704
G1 F1800 X-53.951 Y26.941 E573.63615
G0 F7200 X-53.578 Y26.748
G1 F1800 X-48.981 Y31.346 E573.8524
G0 F7200 X-48.774 Y30.987
G1 F1800 X-53.013 Y26.748 E574.05179
G0 F7200 X-52.447 Y26.748
G1 F1800 X-48.567 Y30.628 E574.23429
G0 F7200 X-48.36 Y30.269
G1 F1800 X-51.881 Y26.748 E574.39991
G0 F7200 X-51.316 Y26.748
G1 F1800 X-48.404 Y29.66 E574.53688
G1 X-48.334 Y29.73
G0 F7200 X-49.172 Y28.325
G1 F1800 X-50.75 Y26.748 E574.61108
G0 F7200 X-50.184 Y26.748
G1 F1800 X-49.941 Y26.991 E574.62251
G1 F3000 E568.12251
G1 F4200 Z4
G0 F7200 X-49.941 Y26.991 Z4
G0 X-49.754 Y-26.178
;TYPE:WALL-INNER
G1 F4200 Z3
G1 F3000 E574.62251
G1 F4800 X-54.167 Y-26.177 E574.76929
G1 X-56.373 Y-30.002 E574.91615
G1 X-56.141 Y-30.408 E574.93171
G1 X-54.169 Y-33.822 E575.06284
G1 X-49.755 Y-33.822 E575.20965
G1 X-47.55 Y-29.998 E575.35646
G1 X-47.782 Y-29.592 E575.37202
G1 X-49.754 Y-26.178 E575.50315
G0 F7200 X-49.554 Y-25.778
;TYPE:WALL-OUTER
G1 F2400 X-54.359 Y-25.777 E575.66296
G1 X-54.416 Y-25.807 E575.66511
G1 X-56.826 Y-29.986 E575.82556
G1 X-56.815 Y-30.036 E575.82726
G1 X-56.487 Y-30.608 E575.84919
G1 X-54.42 Y-34.187 E575.98665
G1 X-54.369 Y-34.222 E575.98871
G1 X-49.566 Y-34.222 E576.14846
G1 X-49.507 Y-34.193 E576.15065
G1 X-47.098 Y-30.016 E576.31102
G1 X-47.102 Y-29.975 E576.31239
G1 X-47.436 Y-29.392 E576.33474
G1 X-49.502 Y-25.815 E576.47213
G1 X-49.554 Y-25.778 E576.47425
G0 F7200 X-49.754 Y-25.778
G0 X-49.98 Y-26.568
;TYPE:SKIN
G1 F1800 X-53.942 Y-26.567 E576.60603
G1 X-55.923 Y-30.003 E576.73795
G1 X-53.943 Y-33.432 E576.86964
G1 X-49.98 Y-33.432 E577.00145
G1 X-48 Y-29.997 E577.13332
G1 X-49.98 Y-26.568 E577.26502
G0 F7200 X-53.334 Y-26.747
G1 F1800 X-54.523 Y-27.936 E577.32095
G1 X-54.593 Y-28.006
G0 F7200 X-55.292 Y-29.271
G1 F1800 X-52.769 Y-26.747 E577.43964
G0 F7200 X-52.203 Y-26.747
G1 F1800 X-55.621 Y-30.165 E577.60042
G0 F7200 X-55.413 Y-30.523
G1 F1800 X-51.637 Y-26.747 E577.77803
G0 F7200 X-51.072 Y-26.747
G1 F1800 X-55.207 Y-30.882 E577.97252
G0 F7200 X-55 Y-31.241
G1 F1800 X-50.506 Y-26.747 E578.18391
G0 F7200 X-50.029 Y-26.836
G1 F1800 X-54.792 Y-31.599 E578.40795
G0 F7200 X-54.585 Y-31.958
G1 F1800 X-49.823 Y-27.196 E578.63194
G0 F7200 X-49.616 Y-27.554
G1 F1800 X-54.379 Y-32.317 E578.85597
G0 F7200 X-54.172 Y-32.676
G1 F1800 X-49.409 Y-27.913 E579.08001
G0 F7200 X-49.202 Y-28.272
G1 F1800 X-53.964 Y-33.034 E579.304
G0 F7200 X-53.616 Y-33.251
G1 F1800 X-48.995 Y-28.63 E579.52136
G0 F7200 X-48.788 Y-28.989
G1 F1800 X-53.05 Y-33.251 E579.72183
G0 F7200 X-52.485 Y-33.251
G1 F1800 X-48.581 Y-29.348 E579.90544
G0 F7200 X-48.374 Y-29.706
G1 F1800 X-51.919 Y-33.251 E580.07218
G0 F7200 X-51.353 Y-33.251
G1 F1800 X-48.355 Y-30.253 E580.2132
G1 X-48.285 Y-30.183
G0 F7200 X-49.123 Y-31.587
G1 F1800 X-50.787 Y-33.251 E580.29147
G0 F7200 X-50.222 Y-33.251
G1 F1800 X-49.892 Y-32.921 E580.30699
G1 F3000 E573.80699
G1 F4200 Z4
;MESH:NONMESH
G0 F7200 X-49.892 Y-32.921 Z4
G0 X-1.19 Y-1.922
;TIME_ELAPSED:521.575343
;LAYER:15
;MESH:deltaCalPrint60.stl
G0 X-1.19 Y-1.922 Z4.2
;TYPE:WALL-OUTER
G1 F4200 Z3.2
G1 F3000 E580.30699
G1 F2400 X-1.299 Y-1.699 E580.31525
G1 X1.513 Y1.951 E580.4685
G1 X1.513 Y2.134 E580.47458
G1 X-1.331 Y2.134 E580.56917
G1 X-1.331 Y2.029 E580.57267
G1 X1.135 Y2.029 E580.62047
G1 X1.244 Y1.805 E580.62777
G1 X-1.567 Y-1.832 E580.74557
G1 X-1.567 Y-2.027 E580.74851
G1 X1.665 Y-2.027 E580.856
G1 X1.665 Y-1.922 E580.85949
G1 X-1.19 Y-1.922 E580.8798
G0 F7200 X-1.277 Y-1.743
G1 F3000 E574.3798
G1 F4200 Z4.2
G0 F7200 X-.339 Y-58.49 Z4.2
G1 F4200 Z3.2
G1 F3000 E580.8798
G1 F2400 X0.144 Y-58.396 E580.89616
G1 X0.516 Y-58.449 E580.90866
G1 X0.809 Y-58.617 E580.91989
G1 X1.004 Y-58.88 E580.93078
G1 X1.047 Y-59.022 E580.93572
G1 X1.225 Y-59.009 E580.94165
G1 X1.17 Y-58.855 E580.94373
G1 X0.931 Y-58.581 E580.9495
G1 X0.595 Y-58.405 E580.95463
G1 X0.17 Y-58.345 E580.9592
G1 X-.395 Y-58.447 E580.96338
G1 X-.793 Y-58.741 E580.97984
G1 X-1.046 Y-59.237 E580.99836
G1 X-1.136 Y-59.955 E581.02243
G1 X-1.046 Y-60.679 E581.04669
G1 X-.793 Y-61.178 E581.0653
G1 X-.396 Y-61.469 E581.08167
G1 X0.174 Y-61.571 E581.10093
G1 X0.617 Y-61.506 E581.11582
G1 X0.959 Y-61.318 E581.1288
G1 X1.201 Y-61.023 E581.1415
G1 X1.255 Y-60.85 E581.14752
G1 X1.079 Y-60.839 E581.14968
G1 X1.025 Y-61.026 E581.15222
G1 X0.806 Y-61.302 E581.15867
G1 X0.505 Y-61.466 E581.16424
G1 X0.148 Y-61.518 E581.16715
G1 X-.327 Y-61.414 E581.16809
G1 X-.678 Y-61.094 E581.17262
G1 X-.87 Y-60.597 E581.17957
G1 X-.929 Y-59.943 E581.18964
G1 X-.874 Y-59.275 E581.19982
G1 X-.69 Y-58.787 E581.20568
G1 X-.339 Y-58.49 E581.20959
G0 F7200 X-.143 Y-58.452
G1 F3000 E574.70959
G1 F4200 Z4.2
G0 F7200 X-50.727 Y-30.693 Z4.2
G1 F4200 Z3.2
G1 F3000 E581.20959
G1 F2400 X-50.207 Y-32.027 E581.25721
G1 X-50.008 Y-32.027 E581.26383
G1 X-50.569 Y-30.63 E581.28666
G1 X-51.407 Y-28.545 E581.3614
G1 X-51.68 Y-27.866 E581.38574
G1 X-52.113 Y-27.866 E581.40014
G1 X-52.49 Y-28.79 E581.43333
G1 X-53.239 Y-30.627 E581.49932
G1 X-53.81 Y-32.027 E581.5496
G1 X-53.603 Y-32.027 E581.55649
G1 X-53.078 Y-30.693 E581.57851
G1 X-50.727 Y-30.693 E581.6567
G0 F7200 X-50.655 Y-30.879
G0 X-50.562 Y-30.842
G0 X-53.129 Y-30.667
G0 X-53.047 Y-30.611
G1 F2400 X-52.36 Y-28.844 E581.68201
G1 X-52.223 Y-28.468 E581.69086
G1 X-52.048 Y-27.932
G1 X-51.757 Y-27.932 E581.69141
G1 X-51.538 Y-28.597 E581.69806
G1 X-51.449 Y-28.833 E581.70645
G1 X-50.757 Y-30.611 E581.74036
G1 X-53.047 Y-30.611 E581.75614
G0 F7200 X-52.975 Y-30.425
G1 F3000 E575.25614
G1 F4200 Z4.2
G0 F7200 X-51.795 Y27.848 Z4.2
G1 F4200 Z3.2
G1 F3000 E581.75614
G1 F2400 X-52.112 Y27.909 E581.76687
G1 X-51.962 Y27.855
G1 X-51.678 Y27.827 E581.77275
G1 X-51.5 Y27.911 E581.7793
G1 X-51.795 Y27.848 E581.7823
G0 F7200 X-51.991 Y27.885
G1 F3000 E575.2823
G1 F4200 Z4.2
G0 F7200 X-52.479 Y28.122 Z4.2
G0 X-50.988 Y28.266
G1 F4200 Z3.2
G1 F3000 E581.7823
G1 F2400 X-51.223 Y28.042 E581.79309
G1 X-50.848 Y28.22 E581.79699
G1 X-50.726 Y28.741 E581.81479
G1 X-50.555 Y29.468 E581.83963
G1 X-50.627 Y30.194 E581.86389
G1 X-50.833 Y30.687 E581.88166
G1 X-51.154 Y30.956 E581.89559
G1 X-51.65 Y31.052 E581.9124
G1 X-51.96 Y31.021 E581.92276
G1 X-52.213 Y30.924 E581.93177
G1 X-51.79 Y31.008 E581.93695
G1 X-51.318 Y30.908 E581.94554
G1 X-50.986 Y30.598 E581.95346
G1 X-50.817 Y30.106 E581.96206
G1 X-50.764 Y29.434 E581.97405
G1 X-50.817 Y28.763 E581.98184
G1 X-50.988 Y28.266 E581.98698
G0 F7200 X-51.133 Y28.128
G1 F3000 E575.48698
G1 F4200 Z4.2
G0 F7200 X-52.932 Y30.477 Z4.2
G1 F4200 Z3.2
G1 F3000 E581.98698
G1 F2400 X-52.933 Y31.121 E582.0084
G1 X-52.933 Y32.29 E582.04728
G1 X-53.115 Y32.29 E582.05333
G1 X-53.115 Y31.121 E582.07103
G1 X-53.115 Y30.078 E582.09046
G1 X-53.115 Y29.399 E582.11304
G1 X-53.115 Y28.407 E582.14604
G1 X-53.123 Y27.886 E582.16337
G1 X-52.956 Y27.886 E582.16892
G1 X-52.925 Y28.384 E582.17614
G1 X-52.749 Y28.434 E582.18222
G1 X-52.875 Y28.752 E582.18975
G1 X-52.934 Y29.399 E582.19842
G1 X-52.873 Y30.078 E582.21043
G1 X-52.742 Y30.419 E582.22258
G1 X-52.932 Y30.477 E582.22382
G0 F7200 X-52.932 Y30.677
G1 F3000 E575.72382
G1 F4200 Z4.2
G0 F7200 X1.204 Y58.276 Z4.2
G1 F4200 Z3.2
G1 F3000 E582.22382
G1 F2400 X0.757 Y58.15 E582.23927
G1 X0.261 Y58.01 E582.25641
G1 X-.501 Y58.154 E582.2822
G1 X-1.089 Y58.59 E582.30655
G1 X-1.457 Y59.252 E582.33174
G1 X-1.575 Y60.072 E582.35929
G1 X-1.461 Y60.895 E582.38693
G1 X-1.106 Y61.544 E582.41153
G1 X-.527 Y61.963 E582.4353
G1 X0.22 Y62.097 E582.46055
G1 X0.726 Y62.038 E582.47749
G1 X1.164 Y61.858 E582.49324
G1 X1.518 Y61.559 E582.50865
G1 X1.66 Y61.317 E582.51798
G1 X1.855 Y61.382 E582.52482
G1 X1.706 Y61.63 E582.5301
G1 X1.333 Y61.941 E582.5384
G1 X0.841 Y62.133 E582.54666
G1 X0.224 Y62.198 E582.55332
G1 X-.635 Y62.056 E582.56337
G1 X-1.265 Y61.64 E582.57511
G1 X-1.662 Y60.979 E582.58817
G1 X-1.799 Y60.066 E582.60553
G1 X-1.738 Y59.435 E582.62036
G1 X-1.557 Y58.904 E582.63782
G1 X-1.265 Y58.478 E582.64859
G1 X-.871 Y58.169 E582.65662
G1 X-.373 Y57.974 E582.66929
G1 X0.221 Y57.909 E582.6757
G1 X0.804 Y57.98 E582.68343
G1 X1.301 Y58.187 E582.69108
G1 X1.708 Y58.526 E582.70869
G1 X1.907 Y58.832 E582.72083
G1 X1.743 Y58.914 E582.72181
G1 X1.204 Y58.276 E582.73699
G0 F7200 X1.012 Y58.222
G1 F3000 E576.23699
G1 F4200 Z4.2
G0 F7200 X51.297 Y31.446 Z4.2
G1 F4200 Z3.2
G1 F3000 E582.73699
G1 F2400 X51.486 Y31.527 E582.74383
G1 X51.152 Y31.447 E582.74779
G1 X50.933 Y31.082 E582.76195
G1 X51.059 Y31.071
G1 X51.097 Y31.204
G1 X51.297 Y31.446 E582.76795
G0 F7200 X51.481 Y31.525
G1 F3000 E576.26795
G1 F4200 Z4.2
G0 F7200 X52.941 Y30.223 Z4.2
G1 F4200 Z3.2
G1 F3000 E582.76795
G1 F2400 X52.941 Y29.717 E582.78478
G1 X52.9 Y29.413 E582.79498
G1 X52.794 Y29.161 E582.80408
G1 X52.93 Y29.161 E582.80463
G1 X53.004 Y28.711 E582.8198
G1 X53.08 Y28.567 E582.82522
G1 X53.192 Y28.492 E582.8297
G1 X53.552 Y28.467 E582.8417
G1 X53.398 Y28.499
G1 X53.222 Y28.674 E582.84449
G1 X53.149 Y28.906 E582.85049
G1 X53.13 Y29.164 E582.85378
G1 X53.13 Y29.717 E582.86731
G1 X53.13 Y30.223 E582.87526
G1 X53.13 Y30.665 E582.88996
G1 X53.057 Y31.108 E582.90489
G1 X52.857 Y31.404 E582.91678
G1 X52.519 Y31.589 E582.92959
G1 X52.014 Y31.655 E582.94653
G1 X51.75 Y31.591 E582.95556
G1 X51.994 Y31.615 E582.95559
G1 X52.394 Y31.561 E582.95879
G1 X52.709 Y31.374 E582.96501
G1 X52.89 Y31.047 E582.97104
G1 X52.941 Y30.23 E582.99122
G1 X51.964 Y30.214 E583.02372
G1 X51.325 Y30.133 E583.04514
G1 X50.93 Y29.944 E583.05971
G1 X50.72 Y29.667 E583.07127
G1 X50.646 Y29.265 E583.08486
G1 X50.701 Y28.902 E583.09708
G1 X50.854 Y28.648 E583.10694
G1 X51.11 Y28.487 E583.117
G1 X51.506 Y28.428 E583.13031
G1 X51.938 Y28.498 E583.14487
G1 X51.63 Y28.461
G1 X51.311 Y28.511 E583.1506
G1 X51.049 Y28.673 E583.15782
G1 X50.888 Y28.936 E583.16334
G1 X50.84 Y29.255 E583.16789
G1 X50.875 Y29.549 E583.17166
G1 X50.987 Y29.797 E583.17611
G1 X51.172 Y29.985 E583.18097
G1 X51.41 Y30.111 E583.18552
G1 X51.713 Y30.181
G1 X52.094 Y30.206 E583.19291
G1 X52.941 Y30.223 E583.19595
G0 F7200 X52.941 Y30.023
G1 F3000 E576.69595
G1 F4200 Z4.2
G0 F7200 X50.764 Y-27.961 Z4.2
G1 F4200 Z3.2
G1 F3000 E583.19595
G1 F2400 X52.013 Y-27.961 E583.23749
G1 X52.472 Y-28.004 E583.25282
G1 X52.852 Y-28.151 E583.26637
G1 X53.109 Y-28.438 E583.27919
G1 X53.192 Y-28.846 E583.29304
G1 X53.114 Y-29.267 E583.30728
G1 X52.895 Y-29.55 E583.31918
G1 X53.006 Y-29.508
G1 X53.225 Y-29.324 E583.32296
G1 X53.359 Y-29.081 E583.32528
G1 X53.402 Y-28.804 E583.33219
G1 X53.07 Y-28.117 E583.35099
G1 X52.478 Y-27.981 E583.35947
G1 X51.981 Y-27.866 E583.36281
G1 X50.546 Y-27.866 E583.37993
G1 X50.546 Y-29.887 E583.44715
G1 X50.546 Y-32.027 E583.51832
G1 X52.182 Y-32.027 E583.57274
G1 X52.847 Y-31.948 E583.59501
G1 X53.303 Y-31.729 E583.61184
G1 X53.578 Y-31.394 E583.62625
G1 X53.671 Y-30.939 E583.6417
G1 X53.611 Y-30.601 E583.65312
G1 X53.434 Y-30.329 E583.66391
G1 X53.109 Y-30.122 E583.67673
G1 X53.458 Y-30.865 E583.69585
G1 X53.374 Y-31.34 E583.70503
G1 X53.122 Y-31.681 E583.71328
G1 X52.71 Y-31.874 E583.72147
G1 X52.176 Y-31.932 E583.72555
G1 X50.764 Y-31.932 E583.73386
G1 X50.764 Y-29.887 E583.75951
G1 X52.14 Y-29.887 E583.80528
G1 X52.85 Y-30.056 E583.82955
G1 X52.55 Y-29.979 E583.83985
G1 X52.536 Y-29.732 E583.84373
G1 X52.015 Y-29.805 E583.85619
G1 X50.764 Y-29.805 E583.86394
G1 X50.764 Y-27.961 E583.88615
G0 F7200 X50.964 Y-27.961
G1 F3000 E577.38615
G1 F4200 Z4.2
;MESH:NONMESH
G0 F7200 X-1.19 Y-1.922 Z4.2
;TIME_ELAPSED:533.605834
;LAYER:16
;MESH:deltaCalPrint60.stl
G0 X-1.19 Y-1.922 Z4.4
;TYPE:WALL-OUTER
G1 F4200 Z3.4
G1 F3000 E583.88615
G1 F2400 X-1.299 Y-1.699 E583.8944
G1 X1.513 Y1.951 E584.04765
G1 X1.513 Y2.134 E584.05374
G1 X-1.331 Y2.134 E584.14833
G1 X-1.331 Y2.029 E584.15182
G1 X1.135 Y2.029 E584.19962
G1 X1.244 Y1.805 E584.20693
G1 X-1.567 Y-1.832 E584.32472
G1 X-1.567 Y-2.027 E584.32766
G1 X1.665 Y-2.027 E584.43516
G1 X1.665 Y-1.922 E584.43865
G1 X-1.19 Y-1.922 E584.45895
G0 F7200 X-1.277 Y-1.743
G1 F3000 E577.95895
G1 F4200 Z4.4
G0 F7200 X-.339 Y-58.49 Z4.4
G1 F4200 Z3.4
G1 F3000 E584.45895
G1 F2400 X0.144 Y-58.396 E584.47532
G1 X0.516 Y-58.449 E584.48782
G1 X0.809 Y-58.617 E584.49905
G1 X1.004 Y-58.88 E584.50994
G1 X1.047 Y-59.022 E584.51487
G1 X1.225 Y-59.009 E584.52081
G1 X1.17 Y-58.855 E584.52289
G1 X0.931 Y-58.581 E584.52866
G1 X0.595 Y-58.405 E584.53378
G1 X0.17 Y-58.345 E584.53836
G1 X-.395 Y-58.447 E584.54254
G1 X-.793 Y-58.741 E584.559
G1 X-1.046 Y-59.237 E584.57752
G1 X-1.136 Y-59.955 E584.60158
G1 X-1.046 Y-60.679 E584.62585
G1 X-.793 Y-61.178 E584.64446
G1 X-.396 Y-61.469 E584.66083
G1 X0.174 Y-61.571 E584.68009
G1 X0.617 Y-61.506 E584.69498
G1 X0.959 Y-61.318 E584.70796
G1 X1.201 Y-61.023 E584.72065
G1 X1.255 Y-60.85 E584.72668
G1 X1.079 Y-60.839 E584.72884
G1 X1.025 Y-61.026 E584.73138
G1 X0.806 Y-61.302 E584.73783
G1 X0.505 Y-61.466 E584.7434
G1 X0.148 Y-61.518 E584.74631
G1 X-.327 Y-61.414 E584.74724
G1 X-.678 Y-61.094 E584.75178
G1 X-.87 Y-60.597 E584.75872
G1 X-.929 Y-59.943 E584.76879
G1 X-.874 Y-59.275 E584.77898
G1 X-.69 Y-58.787 E584.78484
G1 X-.339 Y-58.49 E584.78874
G0 F7200 X-.143 Y-58.452
G1 F3000 E578.28874
G1 F4200 Z4.4
G0 F7200 X-50.727 Y-30.693 Z4.4
G1 F4200 Z3.4
G1 F3000 E584.78874
G1 F2400 X-50.207 Y-32.027 E584.83636
G1 X-50.008 Y-32.027 E584.84298
G1 X-50.569 Y-30.63 E584.86582
G1 X-51.407 Y-28.545 E584.94055
G1 X-51.68 Y-27.866 E584.96489
G1 X-52.113 Y-27.866 E584.9793
G1 X-52.49 Y-28.79 E585.01249
G1 X-53.239 Y-30.627 E585.07847
G1 X-53.81 Y-32.027 E585.12876
G1 X-53.603 Y-32.027 E585.13564
G1 X-53.078 Y-30.693 E585.15766
G1 X-50.727 Y-30.693 E585.23586
G0 F7200 X-50.655 Y-30.879
G0 X-50.562 Y-30.842
G0 X-53.129 Y-30.667
G0 X-53.047 Y-30.611
G1 F2400 X-52.36 Y-28.844 E585.26116
G1 X-52.223 Y-28.468 E585.27002
G1 X-52.048 Y-27.932
G1 X-51.757 Y-27.932 E585.27056
G1 X-51.538 Y-28.597 E585.27722
G1 X-51.449 Y-28.833 E585.28561
G1 X-50.757 Y-30.611 E585.31952
G1 X-53.047 Y-30.611 E585.33529
G0 F7200 X-52.975 Y-30.425
G1 F3000 E578.83529
G1 F4200 Z4.4
G0 F7200 X-51.795 Y27.848 Z4.4
G1 F4200 Z3.4
G1 F3000 E585.33529
G1 F2400 X-52.112 Y27.909 E585.34603
G1 X-51.962 Y27.855
G1 X-51.678 Y27.827 E585.3519
G1 X-51.5 Y27.911 E585.35845
G1 X-51.795 Y27.848 E585.36145
G0 F7200 X-51.991 Y27.885
G1 F3000 E578.86145
G1 F4200 Z4.4
G0 F7200 X-52.479 Y28.122 Z4.4
G0 X-50.988 Y28.266
G1 F4200 Z3.4
G1 F3000 E585.36145
G1 F2400 X-51.223 Y28.042 E585.37225
G1 X-50.848 Y28.22 E585.37614
G1 X-50.726 Y28.741 E585.39394
G1 X-50.555 Y29.468 E585.41878
G1 X-50.627 Y30.194 E585.44305
G1 X-50.833 Y30.687 E585.46082
G1 X-51.154 Y30.956 E585.47475
G1 X-51.65 Y31.052 E585.49155
G1 X-51.96 Y31.021 E585.50191
G1 X-52.213 Y30.924 E585.51092
G1 X-51.79 Y31.008 E585.51611
G1 X-51.318 Y30.908 E585.5247
G1 X-50.986 Y30.598 E585.53262
G1 X-50.817 Y30.106 E585.54121
G1 X-50.764 Y29.434 E585.5532
G1 X-50.817 Y28.763 E585.561
G1 X-50.988 Y28.266 E585.56614
G0 F7200 X-51.133 Y28.128
G1 F3000 E579.06614
G1 F4200 Z4.4
G0 F7200 X-52.937 Y30.477 Z4.4
G1 F4200 Z3.4
G1 F3000 E585.56614
G1 F2400 X-52.933 Y31.121 E585.58756
G1 X-52.933 Y32.29 E585.62644
G1 X-53.115 Y32.29 E585.63249
G1 X-53.115 Y31.121 E585.65018
G1 X-53.115 Y30.078 E585.66944
G1 X-53.115 Y29.399 E585.69202
G1 X-53.115 Y28.753 E585.71351
G1 X-53.116 Y28.226 E585.73104
G1 X-53.123 Y27.886 E585.74235
G1 X-52.955 Y27.886 E585.743
G1 X-52.928 Y28.384 E585.75421
G1 X-52.749 Y28.434 E585.76039
G1 X-52.875 Y28.752 E585.76789
G1 X-52.934 Y29.399 E585.77946
G1 X-52.873 Y30.078 E585.79147
G1 X-52.742 Y30.417 E585.80356
G1 X-52.937 Y30.477 E585.80501
G0 F7200 X-52.936 Y30.677
G1 F3000 E579.30501
G1 F4200 Z4.4
G0 F7200 X1.204 Y58.276 Z4.4
G1 F4200 Z3.4
G1 F3000 E585.80501
G1 F2400 X0.757 Y58.15 E585.82046
G1 X0.261 Y58.01 E585.8376
G1 X-.501 Y58.154 E585.86339
G1 X-1.089 Y58.59 E585.88774
G1 X-1.457 Y59.252 E585.91293
G1 X-1.575 Y60.072 E585.94048
G1 X-1.461 Y60.895 E585.96812
G1 X-1.106 Y61.544 E585.99272
G1 X-.527 Y61.963 E586.01649
G1 X0.22 Y62.097 E586.04173
G1 X0.726 Y62.038 E586.05868
G1 X1.164 Y61.858 E586.07443
G1 X1.518 Y61.559 E586.08984
G1 X1.66 Y61.317 E586.09917
G1 X1.855 Y61.382 E586.10601
G1 X1.706 Y61.63 E586.11129
G1 X1.333 Y61.941 E586.11959
G1 X0.841 Y62.133 E586.12785
G1 X0.224 Y62.198 E586.13451
G1 X-.635 Y62.056 E586.14456
G1 X-1.265 Y61.64 E586.1563
G1 X-1.662 Y60.979 E586.16936
G1 X-1.799 Y60.066 E586.18672
G1 X-1.738 Y59.435 E586.20155
G1 X-1.557 Y58.904 E586.21901
G1 X-1.265 Y58.478 E586.22978
G1 X-.871 Y58.169 E586.23781
G1 X-.373 Y57.974 E586.25048
G1 X0.221 Y57.909 E586.25688
G1 X0.804 Y57.98 E586.26462
G1 X1.301 Y58.187 E586.27226
G1 X1.708 Y58.526 E586.28988
G1 X1.907 Y58.832 E586.30202
G1 X1.743 Y58.914 E586.303
G1 X1.204 Y58.276 E586.31818
G0 F7200 X1.012 Y58.222
G1 F3000 E579.81818
G1 F4200 Z4.4
G0 F7200 X51.297 Y31.446 Z4.4
G1 F4200 Z3.4
G1 F3000 E586.31818
G1 F2400 X51.486 Y31.527 E586.32502
G1 X51.152 Y31.447 E586.32898
G1 X50.933 Y31.082 E586.34314
G1 X51.059 Y31.071
G1 X51.097 Y31.204
G1 X51.297 Y31.446 E586.34914
G0 F7200 X51.481 Y31.525
G1 F3000 E579.84914
G1 F4200 Z4.4
G0 F7200 X52.941 Y30.223 Z4.4
G1 F4200 Z3.4
G1 F3000 E586.34914
G1 F2400 X52.941 Y29.717 E586.36597
G1 X52.9 Y29.413 E586.37617
G1 X52.794 Y29.161 E586.38527
G1 X52.93 Y29.161 E586.38582
G1 X53.004 Y28.711 E586.40099
G1 X53.08 Y28.567 E586.4064
G1 X53.192 Y28.492 E586.41089
G1 X53.552 Y28.467 E586.42289
G1 X53.398 Y28.499
G1 X53.222 Y28.674 E586.42568
G1 X53.149 Y28.906 E586.43168
G1 X53.13 Y29.164 E586.43497
G1 X53.13 Y29.717 E586.4485
G1 X53.13 Y30.223 E586.45645
G1 X53.13 Y30.665 E586.47115
G1 X53.057 Y31.108 E586.48608
G1 X52.857 Y31.404 E586.49796
G1 X52.519 Y31.589 E586.51078
G1 X52.014 Y31.655 E586.52772
G1 X51.75 Y31.591 E586.53675
G1 X51.994 Y31.615 E586.53678
G1 X52.394 Y31.561 E586.53998
G1 X52.709 Y31.374 E586.5462
G1 X52.89 Y31.047 E586.55223
G1 X52.941 Y30.23 E586.57241
G1 X51.964 Y30.214 E586.60491
G1 X51.325 Y30.133 E586.62633
G1 X50.93 Y29.944 E586.6409
G1 X50.72 Y29.667 E586.65246
G1 X50.646 Y29.265 E586.66605
G1 X50.701 Y28.902 E586.67826
G1 X50.854 Y28.648 E586.68813
G1 X51.11 Y28.487 E586.69819
G1 X51.506 Y28.428 E586.7115
G1 X51.938 Y28.498 E586.72606
G1 X51.63 Y28.461
G1 X51.311 Y28.511 E586.73179
G1 X51.049 Y28.673 E586.73901
G1 X50.888 Y28.936 E586.74453
G1 X50.84 Y29.255 E586.74908
G1 X50.875 Y29.549 E586.75285
G1 X50.987 Y29.797 E586.7573
G1 X51.172 Y29.985 E586.76216
G1 X51.41 Y30.111 E586.76671
G1 X51.713 Y30.181
G1 X52.094 Y30.206 E586.7741
G1 X52.941 Y30.223 E586.77714
G0 F7200 X52.941 Y30.023
G1 F3000 E580.27714
G1 F4200 Z4.4
G0 F7200 X50.764 Y-27.961 Z4.4
G1 F4200 Z3.4
G1 F3000 E586.77714
G1 F2400 X52.013 Y-27.961 E586.81868
G1 X52.472 Y-28.004 E586.83401
G1 X52.852 Y-28.151 E586.84756
G1 X53.109 Y-28.438 E586.86038
G1 X53.192 Y-28.846 E586.87423
G1 X53.114 Y-29.267 E586.88847
G1 X52.895 Y-29.55 E586.90037
G1 X53.006 Y-29.508
G1 X53.225 Y-29.324 E586.90415
G1 X53.359 Y-29.081 E586.90647
G1 X53.402 Y-28.804 E586.91338
G1 X53.07 Y-28.117 E586.93218
G1 X52.478 Y-27.981 E586.94066
G1 X51.981 Y-27.866 E586.944
G1 X50.546 Y-27.866 E586.96112
G1 X50.546 Y-29.887 E587.02834
G1 X50.546 Y-32.027 E587.09951
G1 X52.182 Y-32.027 E587.15393
G1 X52.847 Y-31.948 E587.1762
G1 X53.303 Y-31.729 E587.19303
G1 X53.578 Y-31.394 E587.20744
G1 X53.671 Y-30.939 E587.22289
G1 X53.611 Y-30.601 E587.23431
G1 X53.434 Y-30.329 E587.2451
G1 X53.109 Y-30.122 E587.25791
G1 X53.458 Y-30.865 E587.27704
G1 X53.374 Y-31.34 E587.28622
G1 X53.122 Y-31.681 E587.29447
G1 X52.71 Y-31.874 E587.30266
G1 X52.176 Y-31.932 E587.30674
G1 X50.764 Y-31.932 E587.31505
G1 X50.764 Y-29.887 E587.3407
G1 X52.14 Y-29.887 E587.38647
G1 X52.85 Y-30.056 E587.41074
G1 X52.55 Y-29.979 E587.42104
G1 X52.536 Y-29.732 E587.42492
G1 X52.015 Y-29.805 E587.43738
G1 X50.764 Y-29.805 E587.44513
G1 X50.764 Y-27.961 E587.46734
G0 F7200 X50.964 Y-27.961
G1 F3000 E580.96734
G1 F4200 Z4.4
;MESH:NONMESH
G0 F7200 X-1.19 Y-1.922 Z4.4
;TIME_ELAPSED:545.636818
;LAYER:17
;MESH:deltaCalPrint60.stl
G0 X-1.19 Y-1.922 Z4.6
;TYPE:WALL-OUTER
G1 F4200 Z3.6
G1 F3000 E587.46734
G1 F2400 X-1.299 Y-1.699 E587.47559
G1 X1.513 Y1.951 E587.62884
G1 X1.513 Y2.134 E587.63493
G1 X-1.331 Y2.134 E587.72952
G1 X-1.331 Y2.029 E587.73301
G1 X1.135 Y2.029 E587.78081
G1 X1.244 Y1.805 E587.78812
G1 X-1.567 Y-1.832 E587.90591
G1 X-1.567 Y-2.027 E587.90885
G1 X1.665 Y-2.027 E588.01635
G1 X1.665 Y-1.922 E588.01984
G1 X-1.19 Y-1.922 E588.04014
G0 F7200 X-1.277 Y-1.743
G1 F3000 E581.54014
G1 F4200 Z4.6
G0 F7200 X-.339 Y-58.49 Z4.6
G1 F4200 Z3.6
G1 F3000 E588.04014
G1 F2400 X0.144 Y-58.396 E588.05651
G1 X0.516 Y-58.449 E588.06901
G1 X0.809 Y-58.617 E588.08024
G1 X1.004 Y-58.88 E588.09113
G1 X1.047 Y-59.022 E588.09606
G1 X1.225 Y-59.009 E588.102
G1 X1.17 Y-58.855 E588.10407
G1 X0.931 Y-58.581 E588.10985
G1 X0.595 Y-58.405 E588.11497
G1 X0.17 Y-58.345 E588.11955
G1 X-.395 Y-58.447 E588.12373
G1 X-.793 Y-58.74 E588.14017
G1 X-1.046 Y-59.237 E588.15871
G1 X-1.136 Y-59.956 E588.18281
G1 X-1.046 Y-60.679 E588.20705
G1 X-.793 Y-61.178 E588.22566
G1 X-.396 Y-61.469 E588.24203
G1 X0.174 Y-61.571 E588.26129
G1 X0.617 Y-61.506 E588.27618
G1 X0.959 Y-61.318 E588.28916
G1 X1.201 Y-61.023 E588.30185
G1 X1.255 Y-60.85 E588.30788
G1 X1.079 Y-60.839 E588.31004
G1 X1.025 Y-61.026 E588.31258
G1 X0.806 Y-61.302 E588.31902
G1 X0.505 Y-61.466 E588.3246
G1 X0.148 Y-61.518 E588.32751
G1 X-.327 Y-61.414 E588.32844
G1 X-.678 Y-61.094 E588.33298
G1 X-.87 Y-60.597 E588.34012
G1 X-.929 Y-59.943 E588.35047
G1 X-.874 Y-59.275 E588.36064
G1 X-.69 Y-58.787 E588.36618
G1 X-.339 Y-58.49 E588.36984
G0 F7200 X-.143 Y-58.452
G1 F3000 E581.86984
G1 F4200 Z4.6
G0 F7200 X-50.727 Y-30.693 Z4.6
G1 F4200 Z3.6
G1 F3000 E588.36984
G1 F2400 X-50.207 Y-32.027 E588.41746
G1 X-50.008 Y-32.027 E588.42407
G1 X-50.569 Y-30.63 E588.44691
G1 X-51.406 Y-28.546 E588.5216
G1 X-51.68 Y-27.866 E588.54599
G1 X-52.113 Y-27.866 E588.56039
G1 X-52.49 Y-28.79 E588.59358
G1 X-53.239 Y-30.627 E588.65956
G1 X-53.81 Y-32.027 E588.70985
G1 X-53.603 Y-32.027 E588.71674
G1 X-53.078 Y-30.693 E588.73876
G1 X-50.727 Y-30.693 E588.81695
G0 F7200 X-50.655 Y-30.879
G0 X-50.562 Y-30.842
G0 X-53.129 Y-30.667
G0 X-53.047 Y-30.611
G1 F2400 X-52.36 Y-28.844 E588.84056
G1 X-52.223 Y-28.468 E588.84942
G1 X-52.048 Y-27.932
G1 X-51.757 Y-27.932 E588.84996
G1 X-51.538 Y-28.598 E588.85666
G1 X-51.449 Y-28.835 E588.86508
G1 X-50.756 Y-30.611 E588.89896
G1 X-53.047 Y-30.611 E588.91466
G0 F7200 X-52.975 Y-30.425
G1 F3000 E582.41466
G1 F4200 Z4.6
G0 F7200 X-51.795 Y27.848 Z4.6
G1 F4200 Z3.6
G1 F3000 E588.91466
G1 F2400 X-52.112 Y27.909 E588.92539
G1 X-51.962 Y27.855
G1 X-51.678 Y27.827 E588.93127
G1 X-51.5 Y27.911 E588.93782
G1 X-51.795 Y27.848 E588.94082
G0 F7200 X-51.991 Y27.885
G1 F3000 E582.44082
G1 F4200 Z4.6
G0 F7200 X-52.479 Y28.122 Z4.6
G0 X-50.988 Y28.266
G1 F4200 Z3.6
G1 F3000 E588.94082
G1 F2400 X-51.223 Y28.042 E588.95161
G1 X-50.848 Y28.22 E588.95551
G1 X-50.726 Y28.741 E588.97331
G1 X-50.555 Y29.469 E588.99818
G1 X-50.627 Y30.194 E589.02241
G1 X-50.833 Y30.687 E589.04018
G1 X-51.154 Y30.956 E589.05411
G1 X-51.65 Y31.052 E589.07092
G1 X-51.96 Y31.021 E589.08128
G1 X-52.213 Y30.924 E589.09029
G1 X-51.79 Y31.008 E589.09547
G1 X-51.318 Y30.908 E589.10406
G1 X-50.986 Y30.598 E589.11198
G1 X-50.817 Y30.105 E589.12063
G1 X-50.764 Y29.433 E589.13268
G1 X-50.817 Y28.763 E589.14044
G1 X-50.988 Y28.266 E589.14558
G0 F7200 X-51.133 Y28.128
G1 F3000 E582.64558
G1 F4200 Z4.6
G0 F7200 X-52.95 Y30.483 Z4.6
G1 F4200 Z3.6
G1 F3000 E589.14558
G1 F2400 X-52.933 Y31.123 E589.16687
G1 X-52.933 Y32.29 E589.20569
G1 X-53.115 Y32.29 E589.21174
G1 X-53.115 Y31.123 E589.2294
G1 X-53.115 Y30.483 E589.23863
G1 X-53.115 Y30.078 E589.25211
G1 X-53.115 Y29.4 E589.27466
G1 X-53.115 Y28.407 E589.30768
G1 X-53.123 Y27.886 E589.32501
G1 X-52.956 Y27.886 E589.33057
G1 X-52.936 Y28.379 E589.33744
G1 X-52.749 Y28.436 E589.34395
G1 X-52.875 Y28.752 E589.35137
G1 X-52.934 Y29.4 E589.36006
G1 X-52.873 Y30.078 E589.37205
G1 X-52.743 Y30.415 E589.38125
G1 X-52.95 Y30.483 E589.38325
G0 F7200 X-52.945 Y30.683
G1 F3000 E582.88325
G1 F4200 Z4.6
G0 F7200 X1.204 Y58.276 Z4.6
G1 F4200 Z3.6
G1 F3000 E589.38325
G1 F2400 X0.757 Y58.15 E589.3987
G1 X0.261 Y58.01 E589.41584
G1 X-.501 Y58.154 E589.44163
G1 X-1.089 Y58.59 E589.46598
G1 X-1.457 Y59.253 E589.4912
G1 X-1.575 Y60.073 E589.51875
G1 X-1.461 Y60.895 E589.54636
G1 X-1.106 Y61.544 E589.57096
G1 X-.527 Y61.963 E589.59473
G1 X0.22 Y62.097 E589.61997
G1 X0.726 Y62.038 E589.63692
G1 X1.164 Y61.858 E589.65267
G1 X1.518 Y61.559 E589.66808
G1 X1.66 Y61.317 E589.67741
G1 X1.855 Y61.382 E589.68425
G1 X1.706 Y61.63 E589.68953
G1 X1.333 Y61.941 E589.69782
G1 X0.841 Y62.133 E589.70609
G1 X0.224 Y62.198 E589.71275
G1 X-.635 Y62.056 E589.7228
G1 X-1.265 Y61.639 E589.73458
G1 X-1.662 Y60.978 E589.74763
G1 X-1.799 Y60.065 E589.76496
G1 X-1.738 Y59.435 E589.7797
G1 X-1.557 Y58.904 E589.79716
G1 X-1.265 Y58.478 E589.80795
G1 X-.871 Y58.169 E589.81598
G1 X-.373 Y57.974 E589.82866
G1 X0.221 Y57.909 E589.83506
G1 X0.804 Y57.98 E589.8428
G1 X1.301 Y58.187 E589.85044
G1 X1.708 Y58.526 E589.86805
G1 X1.907 Y58.832 E589.88019
G1 X1.744 Y58.913 E589.88113
G1 X1.204 Y58.276 E589.89628
G0 F7200 X1.012 Y58.222
G1 F3000 E583.39628
G1 F4200 Z4.6
G0 F7200 X51.297 Y31.446 Z4.6
G1 F4200 Z3.6
G1 F3000 E589.89628
G1 F2400 X51.486 Y31.527 E589.90311
G1 X51.152 Y31.447 E589.90708
G1 X50.933 Y31.082 E589.92124
G1 X51.059 Y31.071
G1 X51.097 Y31.204
G1 X51.297 Y31.446 E589.92724
G0 F7200 X51.481 Y31.525
G1 F3000 E583.42724
G1 F4200 Z4.6
G0 F7200 X52.941 Y30.223 Z4.6
G1 F4200 Z3.6
G1 F3000 E589.92724
G1 F2400 X52.941 Y29.717 E589.94407
G1 X52.9 Y29.413 E589.95427
G1 X52.794 Y29.161 E589.96336
G1 X52.93 Y29.161 E589.96392
G1 X53.004 Y28.711 E589.97909
G1 X53.08 Y28.567 E589.9845
G1 X53.192 Y28.492 E589.98899
G1 X53.552 Y28.467 E590.00099
G1 X53.398 Y28.499
G1 X53.222 Y28.674 E590.00378
G1 X53.149 Y28.906 E590.00977
G1 X53.13 Y29.166 E590.01312
G1 X53.13 Y29.717 E590.02657
G1 X53.13 Y30.223 E590.03453
G1 X53.13 Y30.665 E590.04923
G1 X53.057 Y31.108 E590.06416
G1 X52.857 Y31.404 E590.07604
G1 X52.519 Y31.589 E590.08886
G1 X52.014 Y31.655 E590.1058
G1 X51.75 Y31.591 E590.11483
G1 X51.994 Y31.615 E590.11485
G1 X52.394 Y31.561 E590.11806
G1 X52.709 Y31.374 E590.12428
G1 X52.89 Y31.047 E590.1303
G1 X52.941 Y30.23 E590.15049
G1 X51.964 Y30.214 E590.18299
G1 X51.325 Y30.133 E590.20441
G1 X50.93 Y29.944 E590.21897
G1 X50.72 Y29.667 E590.23054
G1 X50.646 Y29.265 E590.24413
G1 X50.701 Y28.902 E590.25634
G1 X50.854 Y28.648 E590.2662
G1 X51.11 Y28.487 E590.27626
G1 X51.506 Y28.428 E590.28958
G1 X51.938 Y28.498 E590.30413
G1 X51.63 Y28.461
G1 X51.311 Y28.511 E590.30986
G1 X51.049 Y28.673 E590.31709
G1 X50.888 Y28.936 E590.32261
G1 X50.84 Y29.255 E590.32715
G1 X50.875 Y29.549 E590.33093
G1 X50.987 Y29.797 E590.33537
G1 X51.172 Y29.985 E590.34024
G1 X51.41 Y30.111 E590.34478
G1 X51.713 Y30.181
G1 X52.094 Y30.206 E590.35218
G1 X52.941 Y30.223 E590.35521
G0 F7200 X52.941 Y30.023
G1 F3000 E583.85521
G1 F4200 Z4.6
G0 F7200 X50.764 Y-27.961 Z4.6
G1 F4200 Z3.6
G1 F3000 E590.35521
G1 F2400 X52.013 Y-27.961 E590.39676
G1 X52.472 Y-28.004 E590.41209
G1 X52.852 Y-28.151 E590.42564
G1 X53.109 Y-28.438 E590.43845
G1 X53.192 Y-28.846 E590.4523
G1 X53.114 Y-29.267 E590.46654
G1 X52.895 Y-29.55 E590.47844
G1 X53.006 Y-29.508
G1 X53.225 Y-29.324 E590.48223
G1 X53.359 Y-29.081 E590.48455
G1 X53.402 Y-28.803 E590.4915
G1 X53.07 Y-28.117 E590.5103
G1 X52.478 Y-27.981 E590.51878
G1 X51.981 Y-27.866 E590.52212
G1 X50.546 Y-27.866 E590.53924
G1 X50.546 Y-29.887 E590.60645
G1 X50.546 Y-32.027 E590.67763
G1 X52.182 Y-32.027 E590.73204
G1 X52.847 Y-31.948 E590.75432
G1 X53.303 Y-31.729 E590.77114
G1 X53.578 Y-31.394 E590.78556
G1 X53.671 Y-30.939 E590.80101
G1 X53.611 Y-30.601 E590.81242
G1 X53.434 Y-30.329 E590.82322
G1 X53.109 Y-30.122 E590.83603
G1 X53.458 Y-30.865 E590.85515
G1 X53.374 Y-31.34 E590.86434
G1 X53.122 Y-31.681 E590.87258
G1 X52.71 Y-31.874 E590.88078
G1 X52.176 Y-31.932 E590.88485
G1 X50.764 Y-31.932 E590.89317
G1 X50.764 Y-29.887 E590.91882
G1 X52.14 Y-29.887 E590.96458
G1 X52.85 Y-30.056 E590.98886
G1 X52.55 Y-29.979 E590.99916
G1 X52.536 Y-29.732 E591.00304
G1 X52.015 Y-29.805 E591.0155
G1 X50.764 Y-29.805 E591.02325
G1 X50.764 Y-27.961 E591.04545
G0 F7200 X50.964 Y-27.961
;TIME_ELAPSED:557.018134
G1 F3000 E584.54545
M107
PRINT_DONE
M82 ;absolute extrusion mode
M104 S0
;End of Gcode
;SETTING_3 {"global_quality": "[general]\\nversion = 4\\nname = tetraCal\\ndefin
;SETTING_3 ition = custom\\n\\n[metadata]\\ntype = quality_changes\\nquality_typ
;SETTING_3 e = draft\\nsetting_version = 19\\n\\n[values]\\nlayer_height_0 = 0.2
;SETTING_3 \\n\\n", "extruder_quality": ["[general]\\nversion = 4\\nname = tetra
;SETTING_3 Cal\\ndefinition = custom\\n\\n[metadata]\\ntype = quality_changes\\n
;SETTING_3 quality_type = draft\\nintent_category = default\\nposition = 0\\nset
;SETTING_3 ting_version = 19\\n\\n[values]\\nbottom_layers = 2\\nbrim_gap = 0.3\
;SETTING_3 \nbrim_line_count = 4\\nbrim_outside_only = False\\ninfill_line_dista
;SETTING_3 nce = 2.0\\ninfill_overlap = 30\\ninfill_pattern = cubicsubdiv\\ninit
;SETTING_3 ial_bottom_layers = 0\\nmaterial_flow_layer_0 = 130.0\\nmaterial_prin
;SETTING_3 t_temperature = 230.0\\nretraction_hop_enabled = True\\nretraction_sp
;SETTING_3 eed = 50.0\\nskirt_brim_line_width = 0.5\\nskirt_brim_speed = 50.0\\n
;SETTING_3 speed_wall = 40.0\\nspeed_z_hop = 70.0\\ntop_bottom_pattern_0 = conce
;SETTING_3 ntric\\ntop_layers = 2\\nwall_line_count = 2\\nwall_material_flow = 1
;SETTING_3 00.0\\n\\n"]}
